scope,metric,train_size,n_cells,mean_reward,mean_logging_reward,mean_restored_ctr,mean_pct_vs_logging,frac_struggle,frac_worse_than_logging,frac_low_restore
all,mean_trials,5000,20,0.04838358943766745,0.04834466399554957,0.01656305601399246,0.08203550767048028,1.0,0.25,1.0
axis=action,mean_trials,5000,5,0.04819075621730981,0.04817510725013254,0.0014248294009748161,0.03313609079202285,1.0,0.2,1.0
axis=combined,mean_trials,5000,5,0.047686632574841056,0.047614204771747035,0.043282277173998726,0.15175331394867947,1.0,0.2,1.0
axis=context,mean_trials,5000,5,0.04879882928292575,0.04872548403788305,0.03774758918764194,0.15427927663773253,1.0,0.0,1.0
axis=metadata,mean_trials,5000,5,0.048858139675593146,0.04886385992243565,-0.01620247170664566,-0.011026650696513719,1.0,0.6,1.0
level=brutal,mean_trials,5000,4,0.04738790148629861,0.04736142250415731,0.005283267827192427,0.05780629829784033,1.0,0.25,1.0
level=extreme,mean_trials,5000,4,0.04775630714805763,0.04768088014711353,0.03183269452759641,0.15790106657861946,1.0,0.25,1.0
level=high,mean_trials,5000,4,0.04833330571326545,0.04831200788622676,-0.006486386494924024,0.0471565864168302,1.0,0.25,1.0
level=low,mean_trials,5000,4,0.04943258279247885,0.04941830073200257,0.014252773468397945,0.02905854899571531,1.0,0.5,1.0
level=medium,mean_trials,5000,4,0.049007850048236656,0.04895070870824765,0.037932930741699525,0.11825503806339609,1.0,0.0,1.0
all,mean_trials,25000,20,0.04840688802379714,0.04834466399554957,0.005982199412570331,0.1331561065801153,1.0,0.25,1.0
axis=action,mean_trials,25000,5,0.04817446332470067,0.04817510725013254,-0.01792833210386709,0.0007630004788328676,1.0,0.6,1.0
axis=combined,mean_trials,25000,5,0.04773476235219755,0.047614204771747035,0.04426346269233609,0.256955637532286,1.0,0.0,1.0
axis=context,mean_trials,25000,5,0.048799026637400114,0.04872548403788305,-0.0010945082933745804,0.1574112202148234,1.0,0.2,1.0
axis=metadata,mean_trials,25000,5,0.04891929978089023,0.04886385992243565,-0.0013118246448130895,0.11749456809451897,1.0,0.2,1.0
level=brutal,mean_trials,25000,4,0.047504286008688154,0.04736142250415731,0.05300137775125487,0.3026227298446895,1.0,0.0,1.0
level=extreme,mean_trials,25000,4,0.04778190298396799,0.04768088014711353,0.02900255671843763,0.2162080631319547,1.0,0.0,1.0
level=high,mean_trials,25000,4,0.04840284762022233,0.04831200788622676,0.026866709860087882,0.19336226384991428,1.0,0.25,1.0
level=low,mean_trials,25000,4,0.049377788115027826,0.04941830073200257,-0.08522525175013493,-0.0818032685023089,1.0,0.75,1.0
level=medium,mean_trials,25000,4,0.04896761539107939,0.04895070870824765,0.0062656044832062096,0.03539074457632692,1.0,0.25,1.0
all,mean_trials,50000,20,0.04844226486828565,0.04834466399554957,0.0315342088606405,0.20763752143709233,1.0,0.15,1.0
axis=action,mean_trials,50000,5,0.04826222465401643,0.04817510725013254,0.038057141859725856,0.18355355071329882,1.0,0.2,1.0
axis=combined,mean_trials,50000,5,0.047782505501967616,0.047614204771747035,0.047594465457846916,0.36174924445678497,1.0,0.2,1.0
axis=context,mean_trials,50000,5,0.04878711931587084,0.04872548403788305,-0.007588194896389219,0.13226555956922917,1.0,0.2,1.0
axis=metadata,mean_trials,50000,5,0.04893721000128772,0.04886385992243565,0.048073423021378445,0.15298173100905643,1.0,0.0,1.0
level=brutal,mean_trials,50000,4,0.04752003689890119,0.04736142250415731,0.05422253948169002,0.3383202356371522,1.0,0.0,1.0
level=extreme,mean_trials,50000,4,0.047850309372045235,0.04768088014711353,0.05783493966226268,0.3607784778049194,1.0,0.0,1.0
level=high,mean_trials,50000,4,0.04843812115342247,0.04831200788622676,0.04704721905047472,0.2678660936799652,1.0,0.0,1.0
level=low,mean_trials,50000,4,0.049381316470067396,0.04941830073200257,-0.05613681730945448,-0.07495369071054019,1.0,0.75,1.0
level=medium,mean_trials,50000,4,0.04902154044699196,0.04895070870824765,0.05470316341822953,0.14617649077396513,1.0,0.0,1.0
all,mean_trials,100000,20,0.04851730940057357,0.04834466399554957,0.07285286990493775,0.36482945809618306,1.0,0.2,1.0
axis=action,mean_trials,100000,5,0.04830012125759346,0.04817510725013254,0.0653087483674065,0.2625280151735888,1.0,0.0,1.0
axis=combined,mean_trials,100000,5,0.04792297280491751,0.047614204771747035,0.13075798516635803,0.6559888714107236,1.0,0.0,1.0
axis=context,mean_trials,100000,5,0.04888330191486111,0.04872548403788305,0.07322108091432836,0.3319999414866931,1.0,0.2,1.0
axis=metadata,mean_trials,100000,5,0.04896284162492223,0.04886385992243565,0.022123665171658074,0.20880100431372672,1.0,0.6,1.0
level=brutal,mean_trials,100000,4,0.047600761461379835,0.04736142250415731,0.08238396514511019,0.5092696473066867,1.0,0.0,1.0
level=extreme,mean_trials,100000,4,0.047928584889545656,0.04768088014711353,0.0976537672114374,0.5233562934160998,1.0,0.0,1.0
level=high,mean_trials,100000,4,0.04854411170954253,0.04831200788622676,0.0809222907921744,0.4942960339462368,1.0,0.25,1.0
level=low,mean_trials,100000,4,0.04942963275954857,0.04941830073200257,0.002157976494123387,0.02318646360760367,1.0,0.5,1.0
level=medium,mean_trials,100000,4,0.04908345618285129,0.04895070870824765,0.10114634988184333,0.27403885220428853,1.0,0.25,1.0
all,oracle,5000,20,0.04891687630618393,0.04834466399554957,0.3864497526053913,1.1961336362442485,0.2,0.0,0.2
axis=action,oracle,5000,5,0.048612227790934034,0.04817510725013254,0.2884899424704622,0.9123298695335661,0.4,0.0,0.4
axis=combined,oracle,5000,5,0.04835842266567829,0.047614204771747035,0.3557137019882127,1.5728958410923846,0.4,0.0,0.4
axis=context,oracle,5000,5,0.049426131940366644,0.04872548403788305,0.5215756968099216,1.4591189273141336,0.0,0.0,0.0
axis=metadata,oracle,5000,5,0.04927072282775678,0.04886385992243565,0.3800196691529688,0.8401899070369108,0.0,0.0,0.0
level=brutal,oracle,5000,4,0.048053549337520686,0.04736142250415731,0.2736110305006688,1.4685579231682513,0.5,0.0,0.5
level=extreme,oracle,5000,4,0.048436551964688164,0.04768088014711353,0.3522913506317458,1.5918861022702986,0.5,0.0,0.5
level=high,oracle,5000,4,0.04897319694819771,0.04831200788622676,0.4101980699547997,1.3826366207651162,0.0,0.0,0.0
level=low,oracle,5000,4,0.049672359817461334,0.04941830073200257,0.43330907652242956,0.5143746550973124,0.0,0.0,0.0
level=medium,oracle,5000,4,0.04944872346305179,0.04895070870824765,0.46283923541731303,1.0232128799202653,0.0,0.0,0.0
all,oracle,25000,20,0.04893263476723938,0.04834466399554957,0.3617598655382245,1.2334736045061014,0.2,0.0,0.2
axis=action,oracle,25000,5,0.04862298438828836,0.04817510725013254,0.2818990829864118,0.9366299059448492,0.4,0.0,0.4
axis=combined,oracle,25000,5,0.048419039843464184,0.047614204771747035,0.3638199027637018,1.7092787695626028,0.2,0.0,0.2
axis=context,oracle,25000,5,0.0493164263526093,0.04872548403788305,0.41567784906893374,1.2322624953341605,0.0,0.0,0.0
axis=metadata,oracle,25000,5,0.049372088484595705,0.04886385992243565,0.38564262733385013,1.0557232471827929,0.2,0.0,0.2
level=brutal,oracle,25000,4,0.0482575549843092,0.04736142250415731,0.3520437881851023,1.8994022372681005,0.5,0.0,0.5
level=extreme,oracle,25000,4,0.04841487355705846,0.04768088014711353,0.3187997745661096,1.55408457831773,0.25,0.0,0.25
level=high,oracle,25000,4,0.04896520996161455,0.04831200788622676,0.38166434230924484,1.3705445327751715,0.0,0.0,0.0
level=low,oracle,25000,4,0.049641765757702495,0.04941830073200257,0.36961750616101696,0.4525961001587618,0.25,0.0,0.25
level=medium,oracle,25000,4,0.049383769575512236,0.04895070870824765,0.3866739164696481,0.8907405740107426,0.0,0.0,0.0
all,oracle,50000,20,0.04900784592107161,0.04834466399554957,0.4184591548859496,1.390700128003682,0.1,0.0,0.05
axis=action,oracle,50000,5,0.048695079590740646,0.04817510725013254,0.3371588096539794,1.0855430400882056,0.2,0.0,0.2
axis=combined,oracle,50000,5,0.04858275629130417,0.047614204771747035,0.4169698964433485,2.0601908620378,0.2,0.0,0.0
axis=context,oracle,50000,5,0.04937071645426275,0.04872548403788305,0.4871607788306488,1.3424075229300823,0.0,0.0,0.0
axis=metadata,oracle,50000,5,0.049382831347978835,0.04886385992243565,0.4325471346158215,1.0746590869586392,0.0,0.0,0.0
level=brutal,oracle,50000,4,0.048136265181086595,0.04736142250415731,0.3099822198504548,1.643262056247098,0.5,0.0,0.25
level=extreme,oracle,50000,4,0.048672390341342735,0.04768088014711353,0.43415477231525323,2.0983115223833835,0.0,0.0,0.0
level=high,oracle,50000,4,0.049109415930142154,0.04831200788622676,0.4561914717761436,1.6737475174986085,0.0,0.0,0.0
level=low,oracle,50000,4,0.049668830592095196,0.04941830073200257,0.42744234403312265,0.5072019613881433,0.0,0.0,0.0
level=medium,oracle,50000,4,0.04945232756069134,0.04895070870824765,0.46452496645477337,1.030977582501176,0.0,0.0,0.0
all,oracle,100000,20,0.049095138883434426,0.04834466399554957,0.4432795242280876,1.5749935154326251,0.05,0.0,0.0
axis=action,oracle,100000,5,0.04881601542216902,0.04817510725013254,0.3750009597096004,1.341693170477968,0.2,0.0,0.0
axis=combined,oracle,100000,5,0.048667419090261274,0.047614204771747035,0.45352556870097266,2.2370824482615577,0.0,0.0,0.0
axis=context,oracle,100000,5,0.04944018382541143,0.04872548403788305,0.500040629862047,1.4891670210915495,0.0,0.0,0.0
axis=metadata,oracle,100000,5,0.049456937195895966,0.04886385992243565,0.4445509386397305,1.232031421899425,0.0,0.0,0.0
level=brutal,oracle,100000,4,0.048366965679290726,0.04736142250415731,0.3799891341260847,2.1361945453342126,0.25,0.0,0.0
level=extreme,oracle,100000,4,0.04870369155854786,0.04768088014711353,0.46327666553029623,2.1549175190839094,0.0,0.0,0.0
level=high,oracle,100000,4,0.049273439981713976,0.04831200788622676,0.503271741956728,2.0231820936997416,0.0,0.0,0.0
level=low,oracle,100000,4,0.04964470549402494,0.04941830073200257,0.38202009265475756,0.45845216082277324,0.0,0.0,0.0
level=medium,oracle,100000,4,0.049486891703594604,0.04895070870824765,0.4878399868725717,1.1022212582224888,0.0,0.0,0.0
all,selected,5000,20,0.04825301850747573,0.04834466399554957,-0.031460025075623156,-0.19454875280469372,1.0,0.6,1.0
axis=action,selected,5000,5,0.048175406274428186,0.04817510725013254,-0.013340635836813641,0.0034510694010804533,1.0,0.6,1.0
axis=combined,selected,5000,5,0.04770581368301156,0.047614204771747035,0.06406595838839828,0.19048205032167204,1.0,0.4,1.0
axis=context,selected,5000,5,0.04831367049633531,0.04872548403788305,-0.15766283933188432,-0.8722975967380198,1.0,0.8,1.0
axis=metadata,selected,5000,5,0.048817183576127875,0.04886385992243565,-0.018902583522192935,-0.09983053420350776,1.0,0.6,1.0
level=brutal,selected,5000,4,0.04706012918907429,0.04736142250415731,-0.10227790472157566,-0.6422286608752484,1.0,0.75,1.0
level=extreme,selected,5000,4,0.047540297391317335,0.04768088014711353,-0.03487965303921373,-0.29908703527535263,1.0,0.75,1.0
level=high,selected,5000,4,0.04819455343476395,0.04831200788622676,-0.08211037910245485,-0.24137200219041197,1.0,0.75,1.0
level=low,selected,5000,4,0.04944427885357569,0.04941830073200257,0.02769410752970882,0.05285728636510463,1.0,0.5,1.0
level=medium,selected,5000,4,0.049025833668647406,0.04895070870824765,0.03427370395541966,0.15708664795243965,1.0,0.25,1.0
all,selected,25000,20,0.048363825221308936,0.04834466399554957,-0.0712411907736944,0.04531549848996521,1.0,0.4,1.0
axis=action,selected,25000,5,0.04814110657911368,0.04817510725013254,-0.009813053354984957,-0.07140573415240338,1.0,0.6,1.0
axis=combined,selected,25000,5,0.04782902110100688,0.047614204771747035,0.10535356552223454,0.451592945728476,1.0,0.0,1.0
axis=context,selected,25000,5,0.04864548773555966,0.04872548403788305,-0.30099851721516346,-0.15113502244221108,1.0,0.6,1.0
axis=metadata,selected,25000,5,0.04883968546955556,0.04886385992243565,-0.07950675804686377,-0.047790195174000676,1.0,0.4,1.0
level=brutal,selected,25000,4,0.04747292903741762,0.04736142250415731,0.03478254436280228,0.2385406027328189,1.0,0.5,1.0
level=extreme,selected,25000,4,0.04773011421338415,0.04768088014711353,0.01835903434497417,0.1038933439993072,1.0,0.25,1.0
level=high,selected,25000,4,0.04839670213852957,0.04831200788622676,0.03358757103668532,0.18103600292468447,1.0,0.5,1.0
level=low,selected,25000,4,0.0491712629276857,0.04941830073200257,-0.501367462500244,-0.49898830570736213,1.0,0.5,1.0
level=medium,selected,25000,4,0.04904811778952768,0.04895070870824765,0.05843235888731019,0.20209584850037765,1.0,0.25,1.0
all,selected,50000,20,0.04840388219056629,0.04834466399554957,0.017332550860197082,0.12747432734179553,1.0,0.25,1.0
axis=action,selected,50000,5,0.04806838259212797,0.04817510725013254,-0.12901724014149937,-0.21447395682419818,1.0,0.4,1.0
axis=combined,selected,50000,5,0.04780335288553912,0.047614204771747035,0.061548367104453806,0.4058865237328101,1.0,0.2,1.0
axis=context,selected,50000,5,0.04882154978348276,0.04872548403788305,0.0831335530534519,0.19838515088508465,1.0,0.2,1.0
axis=metadata,selected,50000,5,0.04892224350111533,0.04886385992243565,0.05366552342438202,0.12009959157348557,1.0,0.2,1.0
level=brutal,selected,50000,4,0.047469417023570805,0.04736142250415731,0.030634042229472982,0.23149003808906704,1.0,0.25,1.0
level=extreme,selected,50000,4,0.0478136744741487,0.04768088014711353,0.0626612660856182,0.2845152678344037,1.0,0.25,1.0
level=high,selected,50000,4,0.048488586346455496,0.04831200788622676,0.1158677367864344,0.3678231596721959,1.0,0.0,1.0
level=low,selected,50000,4,0.049416748188991264,0.04941830073200257,0.0029461238620150185,-0.003226988321798298,1.0,0.5,1.0
level=medium,selected,50000,4,0.04883098491966521,0.04895070870824765,-0.12544641466255518,-0.24322984056489075,1.0,0.25,1.0
all,selected,100000,20,0.04851765733549111,0.04834466399554957,0.09401464295514961,0.3636219188317734,0.9,0.05,0.9
axis=action,selected,100000,5,0.04828292491262222,0.04817510725013254,0.06964583840792149,0.22522662356757772,1.0,0.0,1.0
axis=combined,selected,100000,5,0.04795210024811196,0.047614204771747035,0.15229540853104556,0.7162894886539963,0.6,0.0,0.6
axis=context,selected,100000,5,0.0488927531383932,0.04872548403788305,0.1419118931931307,0.34602570188660714,1.0,0.0,1.0
axis=metadata,selected,100000,5,0.04894285104283708,0.04886385992243565,0.012205431688500653,0.16694586121891247,1.0,0.2,1.0
level=brutal,selected,100000,4,0.04758842242947789,0.04736142250415731,0.0930179719865517,0.47952488475619404,1.0,0.0,1.0
level=extreme,selected,100000,4,0.04775620498227105,0.04768088014711353,0.032098904058662246,0.15936591869270827,1.0,0.0,1.0
level=high,selected,100000,4,0.048631264854323605,0.04831200788622676,0.14550048466321694,0.6785565719577527,0.75,0.0,0.75
level=low,selected,100000,4,0.04945104198497177,0.04941830073200257,0.02987527746747346,0.06663707738305073,1.0,0.25,1.0
level=medium,selected,100000,4,0.049161352426411245,0.04895070870824765,0.16958057659984363,0.4340251413691615,0.75,0.0,0.75
