dataset,noise_mode,noise_axis,noise_level,train_size,metric,reward,initial_reward,ctr,pct_vs_logging,pct_vs_ctr,restored_ctr,reward_over_ctr,action_delta,context_delta,conv_dr,conv_sndr,struggle,struggle_worse_than_logging,struggle_low_restore,n_seeds,reward_std,restored_ctr_std,pct_vs_logging_std,reward_se,restored_ctr_se
ml,kmeans_templates,action,brutal,5000,mean_trials,0.04683779804106024,0.04682460416787458,0.05,0.0277683053528023,-6.3244039178795255,0.0050935723044479965,0.9367559608212048,,,,,True,0.2,1.0,5,0.0003287775358131863,0.030896242559458616,0.21882580444234367,0.00014703378391063123,0.01381721972245431
ml,kmeans_templates,action,brutal,5000,oracle,0.04730691355806404,0.04682460416787458,0.05,1.0307070524436823,-5.386172883871925,0.15126195111307852,0.9461382711612808,,,,,True,0.0,1.0,5,0.00022601765672033178,0.028692070617499617,0.2319469218824584,0.0001010781689083748,0.012831484063190702
ml,kmeans_templates,action,brutal,5000,selected,0.04705860157294296,0.04682460416787458,0.05,0.4995537417438052,-5.882796854114085,0.07429730438602641,0.9411720314588592,0.20442433357238765,0.20853081047534944,0.04489684849977488,0.044918657839298236,True,0.0,1.0,5,0.00038251497735084807,0.08159585191897896,0.5259426111052644,0.00017106589835365774,0.03649077431456872
ml,kmeans_templates,action,brutal,25000,mean_trials,0.04691197646682635,0.04682460416787458,0.05,0.18650921169004514,-6.1760470663473095,0.027966794349235363,0.9382395293365269,,,,,True,0.2,1.0,5,0.00029474376414559444,0.02547782488234343,0.17384747458035532,0.00013181341851474287,0.011394029671151098
ml,kmeans_templates,action,brutal,25000,oracle,0.04749324918478892,0.04682460416787458,0.05,1.4299410712760288,-5.013501630422165,0.2075117418175533,0.9498649836957783,,,,,True,0.0,0.8,5,0.00027300830380618007,0.08869346045075766,0.6988085723465189,0.00012209302514650663,0.03966492134551665
ml,kmeans_templates,action,brutal,25000,selected,0.046802786846381124,0.04682460416787458,0.05,-0.04693877829076721,-6.394426307237763,-0.006125297275972228,0.9360557369276223,0.20726419985294342,0.20289463698863983,0.0468112096190452,0.04683208838105196,True,0.4,1.0,5,0.00039507697728278487,0.07358859522633755,0.5341694020203666,0.00017668379550988942,0.032909820258961456
ml,kmeans_templates,action,brutal,50000,mean_trials,0.046963007243635016,0.04682460416787458,0.05,0.2961403223898407,-6.073985512729967,0.04257033110473461,0.9392601448727003,,,,,True,0.0,1.0,5,0.0002197896995108641,0.016241680825019457,0.13006640429672692,9.829294177210888e-05,0.007263500478719674
ml,kmeans_templates,action,brutal,50000,oracle,0.047395118159785136,0.04682460416787458,0.05,1.2197435015214104,-5.2097636804297265,0.1777386662655859,0.9479023631957026,,,,,True,0.0,1.0,5,0.00018111056509313386,0.04353703453981443,0.3711136083165942,8.099510699832957e-05,0.019470353753956268
ml,kmeans_templates,action,brutal,50000,selected,0.04694892778763242,0.04682460416787458,0.05,0.26688305508715937,-6.102144424735167,0.03635618188785161,0.9389785557526483,0.1777266770601272,0.16666942238807675,0.0463241875171661,0.046318950504064496,True,0.6,1.0,5,0.00022183722375655862,0.06566025633956657,0.4747820247316174,9.920862245189926e-05,0.029364159319066472
ml,kmeans_templates,action,brutal,100000,mean_trials,0.04703255785320899,0.04682460416787458,0.05,0.4447081134691033,-5.934884293582021,0.06454605609586979,0.9406511570641797,,,,,True,0.0,1.0,5,0.0002291848407695899,0.02671815159291183,0.20972261967467945,0.00010249457667465364,0.011948720638979027
ml,kmeans_templates,action,brutal,100000,oracle,0.04767363360385168,0.04682460416787458,0.05,1.8143082284606007,-4.6527327922966455,0.2663879854581546,0.9534726720770335,,,,,True,0.0,0.6,5,0.0002811023026626852,0.07673503622419497,0.5322762350527162,0.00012571277147709685,0.03431695145064175
ml,kmeans_templates,action,brutal,100000,selected,0.04700110783419502,0.04682460416787458,0.05,0.37676987116049643,-5.997784331609968,0.056175642896164855,0.9400221566839002,0.19467579424381254,0.19167258739471432,0.04679059907793994,0.04679778218269344,True,0.0,1.0,5,0.00035093456565465307,0.06428118973710797,0.41488663544422755,0.00015694270889163344,0.028747421985347053
ml,kmeans_templates,action,extreme,5000,mean_trials,0.04738403505333676,0.04733241011515314,0.05,0.10923230235890344,-5.231929893326492,0.018938412826970646,0.9476807010667351,,,,,True,0.2,1.0,5,0.0001729241650106104,0.01995704678902264,0.1112842204754323,7.733403758322309e-05,0.008925062650079706
ml,kmeans_templates,action,extreme,5000,oracle,0.047925793639783776,0.04733241011515314,0.05,1.2551005300299045,-4.148412720432448,0.21870135983093472,0.9585158727956756,,,,,True,0.0,0.6,5,0.00014800516455359822,0.08560248246845739,0.5466254385644667,6.618992179257758e-05,0.03828259396844094
ml,kmeans_templates,action,extreme,5000,selected,0.047265719196078956,0.04733241011515314,0.05,-0.14153098988627852,-5.468561607842087,-0.023172985670282274,0.9453143839215791,0.20986501574516292,0.20297303795814509,0.04874306246638296,0.04873592033982272,True,0.8,1.0,5,0.00029049194119348993,0.03934970958816169,0.24184879274251278,0.00012991194548490296,0.01759772510680096
ml,kmeans_templates,action,extreme,25000,mean_trials,0.04737514615253457,0.04733241011515314,0.05,0.0904182435873912,-5.249707694930866,0.01566399421808536,0.9475029230506914,,,,,True,0.4,1.0,5,0.00019041261570335776,0.032618991091305116,0.17974180878549403,8.515511049725037e-05,0.014587656287523657
ml,kmeans_templates,action,extreme,25000,oracle,0.047848689663322216,0.04733241011515314,0.05,1.0907512352661581,-4.302620673355567,0.19435732088354693,0.9569737932664444,,,,,True,0.0,0.8,5,0.0002391210450046178,0.05698026897903803,0.29917817880183367,0.00010693818229622239,0.025482350962670316
ml,kmeans_templates,action,extreme,25000,selected,0.0472733288938287,0.04733241011515314,0.05,-0.12418638926643229,-5.453342212342601,-0.024244080482291496,0.9454665778765741,0.2008197277784347,0.19088471829891202,0.04695573598146437,0.0469450511038303,True,0.8,1.0,5,0.00027487799399377583,0.10054334541802568,0.5795471194164474,0.00012292917601777233,0.044964351007989484
ml,kmeans_templates,action,extreme,50000,mean_trials,0.047492535757784816,0.04733241011515314,0.05,0.33840994788713014,-5.014928484430378,0.05993106815061842,0.9498507151556963,,,,,True,0.0,1.0,5,0.0001782402273588998,0.013213092083980362,0.08219441909044059,7.971145293990354e-05,0.005909074418548889
ml,kmeans_templates,action,extreme,50000,oracle,0.04805052268573728,0.04733241011515314,0.05,1.5180489824668426,-3.898954628525447,0.26751329833514675,0.9610104537147455,,,,,False,0.0,0.4,5,0.00014933187362107628,0.06134406578163794,0.39493267648652836,6.678324412482684e-05,0.02743390022079224
ml,kmeans_templates,action,extreme,50000,selected,0.04731993154183524,0.04733241011515314,0.05,-0.02592313070682859,-5.360136916329528,-0.005780779448787113,0.9463986308367047,0.20121300518512722,0.2038051694631576,0.048326555639505345,0.0483233474195003,True,0.4,1.0,5,0.00038369777527996664,0.13016990589111327,0.780190058480817,0.00017159486166828876,0.05821375163945592
ml,kmeans_templates,action,extreme,100000,mean_trials,0.047500966870271916,0.04733241011515314,0.05,0.35639641718924125,-4.998066259456172,0.06259996090625917,0.9500193374054383,,,,,True,0.0,1.0,5,0.00016277493345281637,0.02613143637484063,0.16334345742233128,7.279516324670039e-05,0.011686333616770865
ml,kmeans_templates,action,extreme,100000,oracle,0.048234901023106416,0.04733241011515314,0.05,1.908801661125264,-3.5301979537871646,0.3331983104670014,0.9646980204621285,,,,,False,0.0,0.2,5,0.00029673597787663927,0.1382566057548332,0.870858345624171,0.00013270436358040781,0.061830233761239126
ml,kmeans_templates,action,extreme,100000,selected,0.04742226190562104,0.04733241011515314,0.05,0.19086622284095328,-5.155476188757926,0.030538278570199417,0.9484452381124207,0.20985947549343104,0.21160508394241329,0.050292744487524,0.050158248841762475,True,0.2,0.8,5,0.0005403605899928339,0.21704583838964125,1.181125474666285,0.00024165660231717384,0.09706584977453427
ml,kmeans_templates,action,high,5000,mean_trials,0.04834881789826327,0.048331868542897075,0.05,0.03530542184718003,-3.302364203473465,0.008309869127219899,0.9669763579652653,,,,,True,0.4,1.0,5,8.441340811627169e-05,0.06648104353997149,0.2367665673372219,3.775082375208319e-05,0.0297312265140999
ml,kmeans_templates,action,high,5000,oracle,0.04883521554054956,0.048331868542897075,0.05,1.0416926583393633,-2.3295689189008844,0.30032950117046825,0.9767043108109912,,,,,False,0.0,0.2,5,0.0001220540350136239,0.08108657883037973,0.30565802271026293,5.45842238437205e-05,0.03626302046552489
ml,kmeans_templates,action,high,5000,selected,0.04828063494445596,0.048331868542897075,0.05,-0.10619997202020648,-3.438730111088087,-0.02893811396112883,0.9656126988891192,0.2063021600246429,0.20584386587142944,0.04560639858245844,0.045609479397535305,True,0.4,0.8,5,0.0003768346204735311,0.2125198562884106,0.7243823351713132,0.0001685255655308299,0.09504176904587446
ml,kmeans_templates,action,high,25000,mean_trials,0.04827326275100115,0.048331868542897075,0.05,-0.1211328122054341,-3.4534744979977106,-0.03611891397029633,0.9654652550200229,,,,,True,0.6,1.0,5,0.0001515623208735432,0.08915257592387237,0.30946489059869353,6.778073046017557e-05,0.039870244026997945
ml,kmeans_templates,action,high,25000,oracle,0.04880690227606804,0.048331868542897075,0.05,0.9832573135796199,-2.3861954478639253,0.28222152895506636,0.9761380455213609,,,,,False,0.0,0.4,5,7.708832186372222e-05,0.07119765613045999,0.3033725392459005,3.4474945591733226e-05,0.03184055978927263
ml,kmeans_templates,action,high,25000,selected,0.0481929663501402,0.048331868542897075,0.05,-0.2871353331213865,-3.6140672997196064,-0.08553732259031181,0.963859327002804,0.20047100186347958,0.20098578929901117,0.04913831874728199,0.04916144534945484,True,0.6,1.0,5,0.0003128039874354535,0.20121243373361816,0.6697737022113381,0.00013989019590773282,0.0899849359493084
ml,kmeans_templates,action,high,50000,mean_trials,0.04844528635871499,0.048331868542897075,0.05,0.23491795256105016,-3.1094272825700124,0.06610943626001434,0.9689057271743,,,,,True,0.2,1.0,5,5.502955949649827e-05,0.05523547217016693,0.20652863725481013,2.4609967161207845e-05,0.024702054108358216
ml,kmeans_templates,action,high,50000,oracle,0.04896787240132046,0.048331868542897075,0.05,1.3161113093921277,-2.0642551973590857,0.38049400149803697,0.9793574480264091,,,,,False,0.0,0.0,5,0.0001050524052435352,0.06555061084421424,0.25228933814478194,4.698086386488001e-05,0.02931512436285958
ml,kmeans_templates,action,high,50000,selected,0.048522567164388145,0.048331868542897075,0.05,0.3943611971540602,-2.9548656712237245,0.11609374810319743,0.9704513432877627,0.19339614212512965,0.18768181800842282,0.04821833446621894,0.04822456762194628,True,0.0,0.8,5,0.0002400893095242253,0.11985201011913064,0.403584981680294,0.0001073712033534311,0.05359944837327375
ml,kmeans_templates,action,high,100000,mean_trials,0.048482807018410984,0.048331868542897075,0.05,0.3125815626180383,-3.0343859631780403,0.0884032726779804,0.9696561403682196,,,,,True,0.0,1.0,5,4.599345771852581e-05,0.055685638846003055,0.21652869641760342,2.056889959577722e-05,0.024903374766033153
ml,kmeans_templates,action,high,100000,oracle,0.0491259145436497,0.048331868542897075,0.05,1.6438083585160919,-1.7481709127006055,0.4697799907743924,0.9825182908729939,,,,,False,0.0,0.0,5,0.0002641658102052629,0.17771100546558843,0.7032100647635482,0.00011813854179005511,0.07947477771417848
ml,kmeans_templates,action,high,100000,selected,0.04840091903718246,0.048331868542897075,0.05,0.14306842309096113,-3.198161925635087,0.039834924421918216,0.9680183807436492,0.1588859066367149,0.1456645309925079,0.04842480123043056,0.04842647314071652,True,0.2,1.0,5,5.445896192680254e-05,0.04736351366093068,0.17113787199918543,2.435478817048068e-05,0.021181607239816186
ml,kmeans_templates,action,low,5000,mean_trials,0.049392810583689425,0.04941795061153628,0.05,-0.05085780376677294,-1.2143788326211629,-0.044238419570548825,0.9878562116737883,,,,,True,0.4,0.8,5,0.00021285686119524718,0.3707738900828602,0.4348038169731655,9.519248222196197e-05,0.1658151245014621
ml,kmeans_templates,action,low,5000,oracle,0.04966557492110184,0.04941795061153628,0.05,0.5010819865519979,-0.6688501577963246,0.42543031419818333,0.9933114984220367,,,,,False,0.0,0.4,5,0.00012122651934507863,0.20859451976974305,0.24531013103509883,5.421414758625782e-05,0.09328630518781385
ml,kmeans_templates,action,low,5000,selected,0.049445025141736224,0.04941795061153628,0.05,0.05478303588282174,-1.109949716527564,0.046787323897870034,0.9889005028347244,0.21591548323631288,0.20772064924240113,0.04993115589022632,0.049901970475912036,True,0.6,0.8,5,0.00018176356037407778,0.3109789555304695,0.3664265096448627,8.1287135365765e-05,0.1390740168276028
ml,kmeans_templates,action,low,25000,mean_trials,0.04938455091516401,0.04941795061153628,0.05,-0.06758839961154436,-1.2308981696719705,-0.05722199041238714,0.9876910183032803,,,,,True,0.8,1.0,5,7.922375400393017e-05,0.13454883635871712,0.1583467889123975,3.54299398771018e-05,0.060172068878317345
ml,kmeans_templates,action,low,25000,oracle,0.04963487839018244,0.04941795061153628,0.05,0.43896150060021705,-0.7302432196351238,0.3730039515614528,0.9926975678036488,,,,,False,0.0,0.0,5,5.3849200030572576e-05,0.08983370867357104,0.10387113882792652,2.4082094360468804e-05,0.04017485585300346
ml,kmeans_templates,action,low,25000,selected,0.04944329436781816,0.04941795061153628,0.05,0.05128827262229273,-1.1134112643636869,0.04327059086919457,0.9888658873563632,0.21809971630573263,0.1950329720973968,0.05051975250244136,0.05053099542856212,True,0.6,0.8,5,0.00010266082605617338,0.1776648225667715,0.2098360284018104,4.5911317137577065e-05,0.07945412409394795
ml,kmeans_templates,action,low,50000,mean_trials,0.04941511666292199,0.04941795061153628,0.05,-0.005738202111972473,-1.1697666741560337,-0.004613964642536439,0.9883023332584397,,,,,True,0.4,1.0,5,5.665317437711833e-05,0.09348703728537368,0.11040533526088456,2.5336069809677176e-05,0.04180867407703059
ml,kmeans_templates,action,low,50000,oracle,0.049691526822920065,0.04941795061153628,0.05,0.5535970080933768,-0.6169463541598863,0.47002494132828654,0.993830536458401,,,,,False,0.0,0.0,5,0.00011435933879322083,0.1965755660005505,0.2313571245446005,5.114305108071411e-05,0.08791126565854547
ml,kmeans_templates,action,low,50000,selected,0.049466759206331826,0.04941795061153628,0.05,0.0987605910737865,-1.0664815873363627,0.0843152207160614,0.9893351841266365,0.2153620064258575,0.204351270198822,0.051360411196947064,0.05137081295251842,True,0.4,0.8,5,0.00011045723566811881,0.1866408036981676,0.2197875163895551,4.939797751212561e-05,0.08346830488885938
ml,kmeans_templates,action,low,100000,mean_trials,0.04944048247120685,0.04941795061153628,0.05,0.04559806646241253,-1.1190350575862984,0.03845315885972274,0.9888096494241371,,,,,True,0.4,1.0,5,4.564415751200945e-05,0.0822229455534412,0.09674358920559832,2.041268779451216e-05,0.03677121911355172
ml,kmeans_templates,action,low,100000,oracle,0.04963919722405524,0.04941795061153628,0.05,0.4477118784508508,-0.7216055518895259,0.37963114702755474,0.9927839444811047,,,,,False,0.0,0.2,5,6.654907592188255e-05,0.1178364146206748,0.14073050982088134,2.9761651520224772e-05,0.05269804666333579
ml,kmeans_templates,action,low,100000,selected,0.04945483874829098,0.04941795061153628,0.05,0.07464085652135895,-1.090322503418045,0.06369277087988272,0.9890967749658195,0.17497759312391276,0.15061951130628584,0.04964447543025014,0.049644263088703115,True,0.4,1.0,5,4.339754622604761e-05,0.06893614962620077,0.08095716062624726,1.940797268362638e-05,0.030829183334256327
ml,kmeans_templates,action,medium,5000,mean_trials,0.04899031951019936,0.04896870281320162,0.05,0.04423222816800141,-2.019360979601287,0.01902071231678436,0.9798063902039871,,,,,True,0.6,1.0,5,0.00012698633920782542,0.1368229287490448,0.29283881299401293,5.679001733650889e-05,0.06118907391269489
ml,kmeans_templates,action,medium,5000,oracle,0.04932764129517098,0.04896870281320162,0.05,0.7330671203028821,-1.3447174096580443,0.34672658603964657,0.9865528259034196,,,,,False,0.0,0.2,5,0.00020931232482854985,0.2036654959912842,0.44403971122391167,9.360731736903089e-05,0.09108197874154447
ml,kmeans_templates,action,medium,5000,selected,0.04882705051692684,0.04896870281320162,0.05,-0.28935046871473963,-2.3458989661463256,-0.13567670783655356,0.9765410103385367,0.2053713738918304,0.2051438063383102,0.04802005961537356,0.04802293851971624,True,1.0,1.0,5,0.0001120537948353442,0.07604918757458527,0.17027254677084416,5.0111980477728896e-05,0.034010230610081
ml,kmeans_templates,action,medium,25000,mean_trials,0.04892738033797721,0.04896870281320162,0.05,-0.08439124106629355,-2.145239324045595,-0.03993154470397269,0.9785476067595441,,,,,True,0.6,1.0,5,9.38520012037105e-05,0.08478323672743353,0.1779432728725569,4.197189090317775e-05,0.03791621613499963
ml,kmeans_templates,action,medium,25000,oracle,0.04933120242708018,0.04896870281320162,0.05,0.7402384090022223,-1.3375951458396484,0.3524008717144397,0.9866240485416036,,,,,False,0.0,0.0,5,7.069185434536411e-05,0.054595823614741225,0.09856475248130035,3.161435835434961e-05,0.024415994578029933
ml,kmeans_templates,action,medium,25000,selected,0.04899315643740018,0.04896870281320162,0.05,0.049943557294276394,-2.0136871251996453,0.023570842704456176,0.9798631287480035,0.2051397025585174,0.19157028496265407,0.049449925124645175,0.04945063591003412,True,0.4,1.0,5,8.654000131320251e-05,0.08207605970511611,0.17079519480560584,3.870186514184837e-05,0.03670552976519419
ml,kmeans_templates,action,medium,50000,mean_trials,0.04899517724702533,0.04896870281320162,0.05,0.054037732840445565,-2.009645505949339,0.02628883842579834,0.9799035449405066,,,,,True,0.4,1.0,5,0.00012651519806364307,0.1127952287655677,0.23782494754396713,5.657931661143113e-05,0.05044355981148981
ml,kmeans_templates,action,medium,50000,oracle,0.04937035788394032,0.04896870281320162,0.05,0.8202143989672704,-1.2592842321193647,0.39002314084284073,0.9874071576788064,,,,,False,0.0,0.0,5,9.728445074644374e-05,0.0897904008923221,0.17971553957419031,4.350692900455567e-05,0.040155488024437996
ml,kmeans_templates,action,medium,50000,selected,0.04808372726045226,0.04896870281320162,0.05,-1.8064514967291685,-3.8325454790954865,-0.8760705719658203,0.9616745452090452,0.21652952432632447,0.2328557282686233,0.04658047333359714,0.04665700942277902,True,0.6,1.0,5,0.0017462548304934735,1.7480185334052187,3.5908262217964957,0.0007809489014041558,0.7817376533247111
ml,kmeans_templates,action,medium,100000,mean_trials,0.04904379207486858,0.04896870281320162,0.05,0.1533559161291486,-1.9124158502628439,0.07254129329720041,0.9808758414973715,,,,,True,0.0,1.0,5,3.668709278014905e-05,0.03491924337350755,0.0750174339546802,1.6406966670651005e-05,0.01561636038120439
ml,kmeans_templates,action,medium,100000,oracle,0.04940643071618206,0.04896870281320162,0.05,0.8938357258370326,-1.187138567635887,0.42600736482089896,0.9881286143236412,,,,,False,0.0,0.0,5,0.00015100797844095905,0.13895132150767708,0.27726745844539125,6.753282098776142e-05,0.0621409200909189
ml,kmeans_templates,action,medium,100000,selected,0.04913549703782158,0.04896870281320162,0.05,0.34078774422411884,-1.7290059243568467,0.15798757527144228,0.9827099407564315,0.18352574706077568,0.1771767660975456,0.04897157326340668,0.04897313416004174,True,0.0,0.8,5,0.00016078291944256578,0.17476127752128856,0.3845340948033158,7.190430749888993e-05,0.07815561927446144
ml,kmeans_templates,combined,brutal,5000,mean_trials,0.04699468179799689,0.04699268106614134,0.05,0.00915198247444604,-6.010636404006233,-0.008434010395646202,0.9398936359599377,,,,,True,0.6,1.0,5,0.0009313210429263104,0.04666265102250427,0.35481673743525394,0.0004164994321718459,0.02086817193933392
ml,kmeans_templates,combined,brutal,5000,oracle,0.047531755673019,0.04699268106614134,0.05,1.153059234986404,-4.936488653962006,0.18382538890107186,0.9506351134603799,,,,,True,0.0,0.8,5,0.0009156968509010813,0.04428180176114613,0.3955679949633544,0.00040951208107946146,0.01980342378081853
ml,kmeans_templates,combined,brutal,5000,selected,0.04679489483418434,0.04699268106614134,0.05,-0.4158584641878651,-6.410210331631328,-0.0833732416681149,0.9358978966836867,0.19707918465137478,0.19297789037227625,0.04079400897026056,0.0409051410853862,True,1.0,1.0,5,0.0009236960414514129,0.07477505680718664,0.37651930462424027,0.00041308942784656455,0.03344042200845554
ml,kmeans_templates,combined,brutal,25000,mean_trials,0.047042861199653355,0.04699268106614134,0.05,0.10568140096343752,-5.914277600693291,0.020369319622397002,0.940857223993067,,,,,True,0.2,1.0,5,0.00108038757415086,0.014650656120127541,0.08062300856616626,0.0004831640115694835,0.006551972599915701
ml,kmeans_templates,combined,brutal,25000,oracle,0.04753159007321374,0.04699268106614134,0.05,1.15106915191757,-4.936819853572521,0.1866736324750659,0.9506318014642747,,,,,True,0.0,1.0,5,0.0009582412127229833,0.04513080989451737,0.33995209476235994,0.00042853849809808536,0.02018311176075219
ml,kmeans_templates,combined,brutal,25000,selected,0.04710817647490946,0.04699268106614134,0.05,0.242874123352501,-5.783647050181084,0.04870619568576896,0.9421635294981892,0.17349056303501126,0.1682695344090461,0.046841169148683505,0.04689369276165956,True,0.0,1.0,5,0.001129236054085477,0.041313287577398876,0.1849821567457741,0.0005050097159157511,0.0184758638794123
ml,kmeans_templates,combined,brutal,50000,mean_trials,0.04716339860413813,0.04699268106614134,0.05,0.36482528087798305,-5.6732027917237495,0.05895756654619779,0.9432679720827626,,,,,True,0.2,1.0,5,0.001024134318404036,0.056319490247690576,0.3030558072775836,0.0004580067908083677,0.025186841730394517
ml,kmeans_templates,combined,brutal,50000,oracle,0.0477328926019133,0.04699268106614134,0.05,1.5810133517032459,-4.534214796173407,0.25598586711769333,0.954657852038266,,,,,True,0.0,0.6,5,0.0009466216563466088,0.10035308961371155,0.6071629373933086,0.0004233420745128925,0.044879266025677426
ml,kmeans_templates,combined,brutal,50000,selected,0.04721312304396186,0.04699268106614134,0.05,0.4707971456590202,-5.57375391207629,0.07310623165839698,0.9442624608792372,0.19667280316352842,0.18725436031818385,0.04752618819475168,0.047557883709669055,True,0.0,1.0,5,0.00102007058869449,0.05035924429845978,0.32809546520932703,0.00045618943563382157,0.022521338709374956
ml,kmeans_templates,combined,brutal,100000,mean_trials,0.04717439073281925,0.04699268106614134,0.05,0.3861415356821726,-5.651218534361499,0.06750892904473707,0.943487814656385,,,,,True,0.0,1.0,5,0.0010698574467600814,0.03158661265544836,0.1199900039110051,0.0004784547954379808,0.014125962615307535
ml,kmeans_templates,combined,brutal,100000,oracle,0.04787871289787038,0.04699268106614134,0.05,1.899781172677945,-4.2425742042592445,0.2896814436417877,0.9575742579574076,,,,,False,0.0,0.4,5,0.000728640677404701,0.0736502240542817,0.9111699278693345,0.0003258580171696813,0.03293738150869281
ml,kmeans_templates,combined,brutal,100000,selected,0.04709008901551872,0.04699268106614134,0.05,0.20259415182119436,-5.819821968962566,0.04909287656638188,0.9418017803103744,0.15311574339866632,0.13013421744108197,0.045639722049236275,0.04571272283792492,True,0.4,1.0,5,0.0011824335838092196,0.08731491022581576,0.3649465555003183,0.0005288003744552219,0.03904841494284311
ml,kmeans_templates,combined,extreme,5000,mean_trials,0.04673297321510593,0.04674219633637948,0.05,-0.023556583775411994,-6.534053569788133,0.005005672696274057,0.9346594643021187,,,,,True,0.6,1.0,5,0.0011840792690541097,0.03298912158935354,0.21389556802754137,0.0005295363472706504,0.014753183678360083
ml,kmeans_templates,combined,extreme,5000,oracle,0.04748907519312884,0.04674219633637948,0.05,1.5990565527269003,-5.021849613742329,0.2447535450125436,0.9497815038625766,,,,,True,0.0,0.2,5,0.001088796405260728,0.07031984277950638,0.3937917837913313,0.00048692455516407944,0.0314479897244148
ml,kmeans_templates,combined,extreme,5000,selected,0.0467265807993727,0.04674219633637948,0.05,-0.024718729663233914,-6.546838401254607,-0.020734638686077302,0.9345316159874539,0.2032744914293289,0.20347446203231806,0.049460037052631314,0.049519440531730595,True,0.6,1.0,5,0.0008826656559366363,0.06626458367912413,0.5338717239172761,0.0003947400816157519,0.029634422721448932
ml,kmeans_templates,combined,extreme,25000,mean_trials,0.04688137827247227,0.04674219633637948,0.05,0.30149862616775386,-6.237243455055472,0.03957520273340154,0.9376275654494453,,,,,True,0.0,1.0,5,0.0010013024997481516,0.0253949260150427,0.23200404326614352,0.0004477960910954666,0.011356956170642665
ml,kmeans_templates,combined,extreme,25000,oracle,0.047739163691114514,0.04674219633637948,0.05,2.156676709586028,-4.5216726177709665,0.2902372592665413,0.9547832738222903,,,,,False,0.0,0.4,5,0.0005656566584682786,0.08912517258974656,1.3560918890756777,0.0002529693480520906,0.03985798888341485
ml,kmeans_templates,combined,extreme,25000,selected,0.04682627070201026,0.04674219633637948,0.05,0.17900632061134084,-6.347458595979485,0.03004293520011807,0.9365254140402051,0.18096730262041089,0.16956247389316553,0.045023278146982135,0.044992813467979384,True,0.0,1.0,5,0.0011135115368501,0.023843547597640825,0.12431810325871379,0.0004979774980254171,0.010663158650615337
ml,kmeans_templates,combined,extreme,50000,mean_trials,0.0469519075393387,0.04674219633637948,0.05,0.4585002177917339,-6.0961849213226085,0.05144951150938894,0.9390381507867739,,,,,True,0.2,1.0,5,0.000852378337956429,0.0505620626379165,0.5443466171874423,0.0003811951812437729,0.022612041828196726
ml,kmeans_templates,combined,extreme,50000,oracle,0.04802171381421764,0.04674219633637948,0.05,2.766653417943003,-3.9565723715647287,0.37131002601823054,0.9604342762843527,,,,,False,0.0,0.2,5,0.0004379305500509691,0.10458344086330243,1.6235473282977562,0.00019584849586756816,0.046771136618234704
ml,kmeans_templates,combined,extreme,50000,selected,0.0470411760208022,0.04674219633637948,0.05,0.6587342122687179,-5.917647958395605,0.06837478296986911,0.9408235204160439,0.1858721703290939,0.17197566032409664,0.04671832025051112,0.04676372930407518,True,0.2,0.8,5,0.0007042210939605047,0.11243350781725654,1.24360621248675,0.00031493724745699104,0.05028179328562792
ml,kmeans_templates,combined,extreme,100000,mean_trials,0.046984648094190416,0.04674219633637948,0.05,0.5217017341874115,-6.030703811619173,0.07392214035113989,0.9396929618838084,,,,,True,0.0,1.0,5,0.0010217187511194225,0.022009730364973765,0.23163453696713343,0.00045692651627784363,0.009843050652504518
ml,kmeans_templates,combined,extreme,100000,oracle,0.04770036400743148,0.04674219633637948,0.05,2.05653265111912,-4.599271985137046,0.30586600994270186,0.9540072801486297,,,,,False,0.0,0.2,5,0.0009624084808451172,0.062450427633899894,0.5333626001937947,0.00043040215705839724,0.0279286802826663
ml,kmeans_templates,combined,extreme,100000,selected,0.046803336158850684,0.04674219633637948,0.05,0.1332974889394684,-6.393327682298644,0.015174118788659884,0.9360667231770134,0.16885022372007366,0.15235909223556518,0.047993835806846595,0.0479989223182201,True,0.2,1.0,5,0.0010294981043445844,0.026954836080756408,0.17622374024684928,0.00046040554880433243,0.012054569159787067
ml,kmeans_templates,combined,high,5000,mean_trials,0.04704475506296474,0.04691720985318628,0.05,0.27356438201348193,-5.910489874070532,0.04177055417517912,0.9408951012592948,,,,,True,0.2,1.0,5,0.0008173640270774744,0.040115949784776624,0.30954656175540135,0.0003655363053816423,0.017940398140145718
ml,kmeans_templates,combined,high,5000,oracle,0.048050990651859984,0.04691720985318628,0.05,2.4248385224948783,-3.8980186962800447,0.375636897040895,0.9610198130371996,,,,,False,0.0,0.2,5,0.0006781572803145274,0.09816648574137932,0.8337682580288428,0.00030328115564393266,0.043901387045997595
ml,kmeans_templates,combined,high,5000,selected,0.04707387472631184,0.04691720985318628,0.05,0.32747045135619207,-5.852250547376324,0.06890826657057858,0.9414774945262367,0.19644659459590907,0.19726153314113612,0.04848660379648204,0.04853160828351968,True,0.2,1.0,5,0.0010693317036020956,0.08574533368414473,0.4874263804313325,0.00047821967594998847,0.03834647897423002
ml,kmeans_templates,combined,high,25000,mean_trials,0.04722023652248725,0.04691720985318628,0.05,0.648640654622767,-5.559526955025509,0.09564823654179308,0.9444047304497449,,,,,True,0.0,1.0,5,0.0007961198922626308,0.0631729107011595,0.45370843214505496,0.00035603563946781024,0.02825178453286331
ml,kmeans_templates,combined,high,25000,oracle,0.04816713797726742,0.04691720985318628,0.05,2.6815758779903947,-3.6657240454651685,0.3912822435635414,0.9633427595453483,,,,,False,0.0,0.2,5,0.00045937214703927224,0.1317651615016532,1.3806763076893744,0.0002054374695499683,0.058927171636786964
ml,kmeans_templates,combined,high,25000,selected,0.0473582295796656,0.04691720985318628,0.05,0.9389808935315722,-5.283540840668807,0.1463046555162227,0.947164591593312,0.20775313377380367,0.19883824884891504,0.0498806774616241,0.0498469546437263,True,0.4,0.6,5,0.0011078374959277604,0.198904051240282,1.4165569608940158,0.0004954399897835238,0.08895259591467437
ml,kmeans_templates,combined,high,50000,mean_trials,0.04723702589068181,0.04691720985318628,0.05,0.6894019453976932,-5.525948218636401,0.09343457189542101,0.9447405178136361,,,,,True,0.0,1.0,5,0.000622761321769995,0.04982839855692315,0.5607697485653796,0.00027850732984706567,0.022283937276646515
ml,kmeans_templates,combined,high,50000,oracle,0.04843481605807956,0.04691720985318628,0.05,3.256165886488641,-3.130367883840884,0.47321919948649016,0.9686963211615911,,,,,False,0.0,0.0,5,0.0004956131622105983,0.17313886593536576,1.7619014551049332,0.00022164494424930552,0.07743005475574011
ml,kmeans_templates,combined,high,50000,selected,0.04715013987943674,0.04691720985318628,0.05,0.498290019971494,-5.699720241126526,0.0748632988859327,0.9430027975887347,0.1806902021169662,0.16198951303958892,0.04605060368776316,0.04605084210634226,True,0.0,1.0,5,0.0008273447249075211,0.062194825358227304,0.4511174937650969,0.0003699998091438161,0.027814371469944792
ml,kmeans_templates,combined,high,100000,mean_trials,0.04759112310118383,0.04691720985318628,0.05,1.4497710693801409,-4.817753797632348,0.2021473779185765,0.9518224620236765,,,,,True,0.0,0.8,5,0.0004455232895294033,0.07483932989069605,0.9219522399240243,0.0001992440721894132,0.03346916580522565
ml,kmeans_templates,combined,high,100000,oracle,0.04892775602033606,0.04691720985318628,0.05,4.312974532644632,-2.144487959327884,0.6308490867249745,0.9785551204067211,,,,,False,0.0,0.0,5,0.00016490309646150918,0.11006688602594059,1.9256815233521412,7.374690667762791e-05,0.049223407845144965
ml,kmeans_templates,combined,high,100000,selected,0.04783409696226104,0.04691720985318628,0.05,1.975538940570953,-4.3318060754779255,0.2647714820315047,0.9566819392452208,0.20129259824752804,0.22420483827590937,0.04908527880907052,0.04915903657674784,False,0.0,0.4,5,0.00034575839346331005,0.18426994932013233,1.5753197510752095,0.00015462785431501604,0.08240802657805141
ml,kmeans_templates,combined,low,5000,mean_trials,0.049315284277165014,0.04925650364012006,0.05,0.11938223616370633,-1.3694314456699774,0.07754999417006708,0.9863056855433003,,,,,True,0.6,0.8,5,0.00012746019252644992,0.16055654799172214,0.2534505716451615,5.700193098287053e-05,0.0718030711084396
ml,kmeans_templates,combined,low,5000,oracle,0.04957867097728918,0.04925650364012006,0.05,0.6541384987885364,-0.8426580454216459,0.4323125195742601,0.9915734195457835,,,,,False,0.0,0.2,5,0.0001149577431710648,0.14773788580517136,0.2440988102496408,5.141066565409262e-05,0.06607039110249288
ml,kmeans_templates,combined,low,5000,selected,0.04937675362072223,0.04925650364012006,0.05,0.24437805956201583,-1.2464927585555285,0.1518173390693671,0.9875350724144447,0.2040095210075378,0.1934041321277618,0.04792820960283274,0.04795812144875522,True,0.4,0.6,5,0.00016166807667864313,0.2501445277781259,0.3942784818007905,7.230016184901888e-05,0.11186803366229478
ml,kmeans_templates,combined,low,25000,mean_trials,0.049265442362119015,0.04925650364012006,0.05,0.018194969835915828,-1.469115275761973,0.0099603785450811,0.9853088472423803,,,,,True,0.6,1.0,5,7.618493052685619e-05,0.09436632308143837,0.14653717336374136,3.4070936703829855e-05,0.042201902639360724
ml,kmeans_templates,combined,low,25000,oracle,0.0496099872412552,0.04925650364012006,0.05,0.7176941961615683,-0.7800255174896076,0.4754375480221678,0.9921997448251039,,,,,False,0.0,0.0,5,0.0001528015313885182,0.18819864031705974,0.3096392184067808,6.83349222501589e-05,0.08416499060439563
ml,kmeans_templates,combined,low,25000,selected,0.04932526443665736,0.04925650364012006,0.05,0.13933509827224913,-1.3494711266852863,0.10509622804012601,0.9865052887331471,0.2040786892175674,0.20156581252813338,0.051028199493885,0.05102777257561678,True,0.4,0.8,5,0.00024339185565020545,0.2888157151943254,0.40469852305444054,0.00010884814688073513,0.1291623144289461
ml,kmeans_templates,combined,low,50000,mean_trials,0.04920455926669192,0.04925650364012006,0.05,-0.1054475757411927,-1.5908814666161617,-0.0706982429053575,0.9840911853338383,,,,,True,0.6,1.0,5,0.00014111083704137023,0.18804381112379517,0.2644058951226249,6.310668479727982e-05,0.08409574888418742
ml,kmeans_templates,combined,low,50000,oracle,0.04959060098877674,0.04925650364012006,0.05,0.6780846234816362,-0.8187980224465263,0.4602780073049745,0.9918120197755348,,,,,False,0.0,0.2,5,0.00020283530899832915,0.24610449195586892,0.3249153971441707,9.071070783148775e-05,0.11006127471627461
ml,kmeans_templates,combined,low,50000,selected,0.04922363629891796,0.04925650364012006,0.05,-0.06673841179262593,-1.5527274021640836,-0.04413304765604585,0.9844727259783592,0.20760475099086756,0.166429828107357,0.049890287220477995,0.04989036768674846,True,0.8,1.0,5,0.00011779636719833098,0.13097692782147144,0.19996494421079572,5.2680136911598904e-05,0.05857466281857871
ml,kmeans_templates,combined,low,100000,mean_trials,0.04934757524906951,0.04925650364012006,0.05,0.18495793455945142,-1.3048495018609745,0.12028111926506116,0.9869515049813902,,,,,True,0.0,0.8,5,7.23389268415588e-05,0.09303316691852373,0.15340552899954685,3.2350951567421925e-05,0.041605697078380736
ml,kmeans_templates,combined,low,100000,oracle,0.04959412640989306,0.04925650364012006,0.05,0.6854571232813218,-0.8117471802138871,0.4554939045963587,0.9918825281978612,,,,,False,0.0,0.0,5,8.054567307203815e-05,0.08652641649623002,0.1303782807715961,3.602112005651032e-05,0.0386957898270059
ml,kmeans_templates,combined,low,100000,selected,0.04938594631571268,0.04925650364012006,0.05,0.26295769221698306,-1.2281073685746464,0.16738371990192308,0.9877189263142535,0.1987459450960159,0.1796830296516418,0.0497462339699268,0.049745882302522644,True,0.0,0.6,5,0.00011791481872185459,0.18345015166531248,0.2900891244546966,5.2733110043326344e-05,0.08204140192125699
ml,kmeans_templates,combined,medium,5000,mean_trials,0.048345468520972705,0.048162432962907994,0.05,0.38022455286717494,-3.3090629580545894,0.1005191752241196,0.9669093704194541,,,,,True,0.0,1.0,5,0.0002903058885365445,0.06589711051312065,0.24730382138740883,0.00012982874020723808,0.029470083725630765
ml,kmeans_templates,combined,medium,5000,oracle,0.04914162083309444,0.048162432962907994,0.05,2.033386396465203,-1.7167583338111274,0.5420401594122931,0.9828324166618888,,,,,False,0.0,0.0,5,0.00029026734644085157,0.10003841330226457,0.2788628668540547,0.00012981150365804514,0.044738538501016556
ml,kmeans_templates,combined,medium,5000,selected,0.04855696443446666,0.048162432962907994,0.05,0.8211389345412513,-2.8860711310666862,0.20371206665623792,0.9711392886893332,0.20459760725498194,0.2098437279462814,0.047112415730953164,0.047098993510007806,True,0.4,0.4,5,0.0003436842904861464,0.20056194249282125,0.8094311107769219,0.0001537002872651615,0.08969402742267038
ml,kmeans_templates,combined,medium,25000,mean_trials,0.04826389340425583,0.048162432962907994,0.05,0.2107625360715558,-3.4722131914883376,0.055764176019007725,0.9652778680851167,,,,,True,0.0,1.0,5,0.0002836617806652388,0.038914538635844785,0.15528397844034544,0.0001268574048372219,0.017403110740558173
ml,kmeans_templates,combined,medium,25000,oracle,0.04904732023447006,0.048162432962907994,0.05,1.8393779121574525,-1.9053595310598888,0.4754688304911928,0.9809464046894011,,,,,False,0.0,0.0,5,0.00019338436813909853,0.10536353760600276,0.5764430524418841,8.648411858897376e-05,0.04712000648737552
ml,kmeans_templates,combined,medium,25000,selected,0.04852716431179174,0.048162432962907994,0.05,0.7577682928747167,-2.9456713764165228,0.19661781316893695,0.9705432862358349,0.20628356933593744,0.20159760415554043,0.048468802124261814,0.04847390651702876,True,0.0,0.6,5,0.000345233493794615,0.1366214218666365,0.5335615410302965,0.0001543931120469022,0.06109895729529508
ml,kmeans_templates,combined,medium,50000,mean_trials,0.048355636208987494,0.048162432962907994,0.05,0.4014663539577074,-3.2887275820250195,0.10482892024358433,0.9671127241797498,,,,,True,0.0,1.0,5,0.00026896698840338565,0.04940869101808078,0.20701455469995247,0.00012028569395467358,0.02209623835914238
ml,kmeans_templates,combined,medium,50000,oracle,0.049133757993533624,0.048162432962907994,0.05,2.0190370305724747,-1.732484012932764,0.5240563822893538,0.9826751598706723,,,,,False,0.0,0.0,5,0.00038327562348803136,0.20731832676019635,0.9234545409592453,0.00017140606964757062,0.09271557432346256
ml,kmeans_templates,combined,medium,50000,selected,0.04838868918457686,0.048162432962907994,0.05,0.468349652557444,-3.2226216308462865,0.13553056966411609,0.9677737836915371,0.20821447968482967,0.21600875854492188,0.04909533560276026,0.049072312563657725,True,0.0,0.8,5,0.00047425886100292117,0.14745752720182864,0.5120100471519236,0.00021209501042683115,0.06594501092346264
ml,kmeans_templates,combined,medium,100000,mean_trials,0.048517126847324496,0.048162432962907994,0.05,0.7373720832444418,-2.9657463053510194,0.18993035925227553,0.9703425369464899,,,,,True,0.0,0.8,5,0.00021974340392034067,0.0630939394472129,0.29789063155581097,9.82722377546151e-05,0.028216467514444704
ml,kmeans_templates,combined,medium,100000,oracle,0.049236136115775396,0.048162432962907994,0.05,2.23066676158477,-1.5277277684492052,0.5857373985990406,0.9847227223155081,,,,,False,0.0,0.0,5,0.0002589792472933396,0.11630137307298197,0.5168972110406507,0.00011581904034192716,0.052011555213550255
ml,kmeans_templates,combined,medium,100000,selected,0.04864703278821666,0.048162432962907994,0.05,1.007059169721383,-2.705934423566686,0.2650548453667583,0.9729406557643332,0.19395904839038847,0.18778814971446992,0.04832399934530252,0.04832757040858264,False,0.0,0.4,5,0.00038300978735780473,0.1803230082223275,0.7079085845926284,0.00017128718411595819,0.08064290085847556
ml,kmeans_templates,context,brutal,5000,mean_trials,0.04800436836320835,0.04789342746866382,0.05,0.2351261206570819,-3.9912632735833062,0.04283559293839941,0.9600873672641669,,,,,True,0.4,1.0,5,0.001072517048411172,0.10205256360387847,0.6821850649442049,0.00047964420545496266,0.045639293899278635
ml,kmeans_templates,context,brutal,5000,oracle,0.04901650105485004,0.04789342746866382,0.05,2.374416869336781,-1.966997890299926,0.49775935489571593,0.9803300210970007,,,,,False,0.0,0.0,5,0.0004629478471321211,0.12085903804021586,1.6767300779861387,0.00020703657124492074,0.05404980495063112
ml,kmeans_templates,context,brutal,5000,selected,0.04698845443400236,0.04789342746866382,0.05,-1.9406700861133868,-6.023091131995283,-0.26891953293620413,0.9397690886800472,0.1967449009418487,0.20730966925621028,0.04409020990133282,0.04413565471768374,True,0.6,1.0,5,0.002928221007729135,0.6354099114830517,4.533355785675203,0.0013095402452850565,0.2841639511306456
ml,kmeans_templates,context,brutal,25000,mean_trials,0.048079804551031696,0.04789342746866382,0.05,0.3947351507897675,-3.840390897936613,0.07076160413312879,0.9615960910206338,,,,,True,0.2,1.0,5,0.0009760582191511391,0.055740065385587005,0.30986359720411005,0.0004365065056038668,0.024927715054491113
ml,kmeans_templates,context,brutal,25000,oracle,0.04894217843304926,0.04789342746866382,0.05,2.219233067935828,-2.1156431339014845,0.43959478347486625,0.9788435686609851,,,,,False,0.0,0.2,5,0.0003866493208259648,0.15081624462802704,1.588766920640397,0.00017291483296419646,0.06744707501990119
ml,kmeans_templates,context,brutal,25000,selected,0.048264342846587135,0.04789342746866382,0.05,0.794557747923881,-3.471314306825726,0.11660501788431701,0.9652868569317427,0.19529846906661982,0.17813066840171812,0.0508128501474857,0.05075605586171146,True,0.2,0.8,5,0.0008174677546062992,0.2218236463736192,1.5847214340846685,0.0003655826937427604,0.09920255046165745
ml,kmeans_templates,context,brutal,50000,mean_trials,0.04806749437005372,0.04789342746866382,0.05,0.37155021411895484,-3.865011259892559,0.061341319001200136,0.9613498874010744,,,,,True,0.2,1.0,5,0.0009443167203291397,0.109997702929825,0.6766918993745594,0.0004223112757891228,0.04919246822398329
ml,kmeans_templates,context,brutal,50000,oracle,0.04871807202338592,0.04789342746866382,0.05,1.740711737701983,-2.563855953228167,0.4031715398827484,0.9743614404677183,,,,,False,0.0,0.4,5,0.0008572495541667305,0.22910751070881274,1.5606998657625422,0.0003833736553596395,0.10245999362013326
ml,kmeans_templates,context,brutal,50000,selected,0.047995022493758976,0.04789342746866382,0.05,0.21625096176437833,-4.009955012482047,0.0370660523438706,0.9599004498751796,0.16536989510059352,0.13260810077190394,0.04825422465801234,0.04826078414916988,True,0.2,1.0,5,0.0010233749080581541,0.05850822629529091,0.39804380835938546,0.00045766717217712594,0.026165674247842233
ml,kmeans_templates,context,brutal,100000,mean_trials,0.04810025508335046,0.04789342746866382,0.05,0.44364827104502036,-3.7994898332990914,0.05378672144282816,0.9620051016670091,,,,,True,0.4,1.0,5,0.0008372503597975519,0.1136927047426684,0.7389252235406346,0.0003744297437386966,0.05084492327008386
ml,kmeans_templates,context,brutal,100000,oracle,0.04883382083762698,0.04789342746866382,0.05,1.9911183096059972,-2.332358324746045,0.39710403764297747,0.9766764167525395,,,,,False,0.0,0.2,5,0.0005134447422915331,0.14343317511039416,1.6037192663515494,0.0002296194692907458,0.06414526595509444
ml,kmeans_templates,context,brutal,100000,selected,0.04819828254897792,0.04789342746866382,0.05,0.642072720374288,-3.603434902044164,0.13704383311654691,0.9639656509795584,0.2081183344125747,0.1824285596609115,0.04778062701225276,0.047782526910305004,True,0.0,1.0,5,0.0010126367696786044,0.1163069376802984,0.6273654054200514,0.00045286493070343146,0.052014043781595784
ml,kmeans_templates,context,extreme,5000,mean_trials,0.048356701104238405,0.04817695161604896,0.05,0.38113800189356073,-3.286597791523202,0.05741679388935084,0.9671340220847681,,,,,True,0.2,1.0,5,0.00077964082369621,0.10295361655085439,0.5545850216562537,0.0003486659759637309,0.04604225702743157
ml,kmeans_templates,context,extreme,5000,oracle,0.04918222109619524,0.04817695161604896,0.05,2.1144178173729857,-1.635557807609525,0.4961400791602856,0.9836444219239049,,,,,False,0.0,0.0,5,0.00033229970416865485,0.17031950787551856,1.7636730269116678,0.0001486089454848365,0.07616919950079405
ml,kmeans_templates,context,extreme,5000,selected,0.04757437362269886,0.04817695161604896,0.05,-1.2820202533923872,-4.851252754602287,-0.19130138676980338,0.9514874724539771,0.21453190445899958,0.19820699095726008,0.04802511408925052,0.048093442618846835,True,0.6,0.8,5,0.00195574393385192,0.4116430129367126,2.165310972226215,0.0008746352765351491,0.18409235187786294
ml,kmeans_templates,context,extreme,25000,mean_trials,0.04835271920331655,0.04817695161604896,0.05,0.37648653655646735,-3.2945615933669012,0.04169368565031158,0.967054384066331,,,,,True,0.4,0.8,5,0.0007152546230089943,0.18395892127824,0.8913378502538194,0.0003198715916538193,0.08226893060913543
ml,kmeans_templates,context,extreme,25000,oracle,0.04906430507053642,0.04817695161604896,0.05,1.8628472451752955,-1.8713898589271636,0.439377376662376,0.9812861014107284,,,,,False,0.0,0.2,5,0.0005156573534491991,0.19806348961626793,1.4318891282019521,0.00023060897908200897,0.08857668532855976
ml,kmeans_templates,context,extreme,25000,selected,0.04834320911221136,0.04817695161604896,0.05,0.34739876737920156,-3.313581775577287,0.0902426046970009,0.9668641822442272,0.20728403031826015,0.18447926640510554,0.048420238494873,0.0484664276242256,True,0.0,1.0,5,0.0009389193635560293,0.05861658287720322,0.24306276836989485,0.00041989750446042403,0.02621413278443532
ml,kmeans_templates,context,extreme,50000,mean_trials,0.04834064926069951,0.04817695161604896,0.05,0.34666758656671337,-3.3187014786009827,0.0456543326310996,0.9668129852139902,,,,,True,0.4,1.0,5,0.0008060312494696247,0.12301475390127563,0.45263182914631334,0.0003604681331606344,0.05501387039173195
ml,kmeans_templates,context,extreme,50000,oracle,0.04931634882510112,0.04817695161604896,0.05,2.3931469798746576,-1.367302349797761,0.5859666534366609,0.9863269765020224,,,,,False,0.0,0.0,5,0.0002696525103666678,0.1286536651182131,1.7378446289054885,0.00012059226869666718,0.0575356681517636
ml,kmeans_templates,context,extreme,50000,selected,0.04826451476185206,0.04817695161604896,0.05,0.1800215768293951,-3.470970476295887,0.09340769905827867,0.9652902952370411,0.1851433455944061,0.16373067200183866,0.049565614014863923,0.04955550506711002,True,0.0,0.8,5,0.0010517738648753324,0.1350560219906231,0.1458175805051655,0.0004703675717637843,0.060398889188347946
ml,kmeans_templates,context,extreme,100000,mean_trials,0.04851535498778377,0.04817695161604896,0.05,0.7163995253817023,-2.969290024432461,0.09721663469264799,0.9703070997556754,,,,,True,0.2,0.8,5,0.0006052481382680993,0.22874678233884868,0.8640680304552258,0.00027067519608453235,0.1022986709888028
ml,kmeans_templates,context,extreme,100000,oracle,0.049445344543110795,0.04817695161604896,0.05,2.6651662706262047,-1.1093109137784078,0.5876740135363636,0.9889068908622158,,,,,False,0.0,0.2,5,0.00021431173989565604,0.3164791896919076,1.9932498483280834,9.584312375658812e-05,0.1415337963230312
ml,kmeans_templates,context,extreme,100000,selected,0.048257747984805435,0.04817695161604896,0.05,0.16905988981009373,-3.4845040303891266,0.04290935241852665,0.9651549596961088,0.15149073451757428,0.12361717671155925,0.04770042821764942,0.04770592302083964,True,0.0,1.0,5,0.0009619133403079239,0.026501424396043347,0.14033825703241692,0.00043018072347848123,0.011851797290024845
ml,kmeans_templates,context,high,5000,mean_trials,0.0488632454861272,0.04884621628893436,0.05,0.03548359781886188,-2.273509027745607,0.001077861747865541,0.977264909722544,,,,,True,0.4,1.0,5,0.00043424942317973333,0.05796699860142601,0.1186200851318668,0.00019420224588399132,0.025923629864884758
ml,kmeans_templates,context,high,5000,oracle,0.0495342440735553,0.04884621628893436,0.05,1.4140376813204545,-0.9315118528894051,0.5715958623056537,0.990684881471106,,,,,False,0.0,0.0,5,0.00019744249029859007,0.1253976324528599,0.7721947893108405,8.829896599089803e-05,0.05607952607642568
ml,kmeans_templates,context,high,5000,selected,0.04829469005010244,0.04884621628893436,0.05,-1.1388581035444776,-3.4106198997951225,-0.3261090002261975,0.9658938010020488,0.21093206405639647,0.195668613910675,0.047484705597162204,0.04749418869614596,True,0.6,0.8,5,0.0015808081924244728,0.8863096094596816,2.6878457777899025,0.0007069589155299378,0.39636970717262776
ml,kmeans_templates,context,high,25000,mean_trials,0.048893079835564526,0.04884621628893436,0.05,0.09927099846560437,-2.2138403288709583,-0.03674993569781833,0.9778615967112904,,,,,True,0.4,0.8,5,0.0002933703781178135,0.26463873910692615,0.5127468714174717,0.00013119922161124956,0.11835004202458377
ml,kmeans_templates,context,high,25000,oracle,0.0493439403296307,0.04884621628893436,0.05,1.0232690430242637,-1.3121193407386016,0.39744185793729914,0.986878806592614,,,,,False,0.0,0.2,5,0.0002699314500565878,0.18510564837916643,0.6670995337779199,0.00012071701431832395,0.08278176255899798
ml,kmeans_templates,context,high,25000,selected,0.0487971925708826,0.04884621628893436,0.05,-0.10250049167082068,-2.405614858234803,-0.014312283740541849,0.9759438514176519,0.19339347481727595,0.175309932231903,0.0486106544733047,0.0486070998013019,True,0.2,1.0,5,0.0006633798678673606,0.1920050517595871,0.6253680820673394,0.00029667249589124934,0.08586726955156047
ml,kmeans_templates,context,high,50000,mean_trials,0.04889063663642812,0.04884621628893436,0.05,0.09248826609529931,-2.218726727143763,0.0034148455946103385,0.9778127327285624,,,,,True,0.6,1.0,5,0.0003935691125544652,0.14369265456313976,0.32560783061333015,0.00017600945790321,0.06426130869411517
ml,kmeans_templates,context,high,50000,oracle,0.04950732432856316,0.04884621628893436,0.05,1.359668392202826,-0.9853513428736832,0.5295287095035743,0.9901464865712631,,,,,False,0.0,0.0,5,0.00015191483288938768,0.17041385107504067,0.8466441661944166,6.793837862623833e-05,0.07621139106226331
ml,kmeans_templates,context,high,50000,selected,0.04906305325387604,0.04884621628893436,0.05,0.4441791927641951,-1.8738934922479245,0.21187832791847844,0.9812610650775208,0.1884420037269592,0.1879886031150817,0.0487859115004539,0.04875404387712472,True,0.2,0.6,5,0.0005046657794677258,0.2238356037813628,0.4420748065802672,0.00022569339776155049,0.10010232516796723
ml,kmeans_templates,context,high,100000,mean_trials,0.04899785262049132,0.04884621628893436,0.05,0.31266383782816387,-2.004294759017358,0.09194832620175791,0.9799570524098264,,,,,True,0.2,0.8,5,0.000356298830933499,0.18059256491760306,0.3940270643799379,0.00015934168125420172,0.08076345027736083
ml,kmeans_templates,context,high,100000,oracle,0.04960371214676252,0.04884621628893436,0.05,1.5584193425418353,-0.7925757064749656,0.5879015963450321,0.9920742429352505,,,,,False,0.0,0.0,5,0.00014599139929964296,0.25439504087456105,1.0332434673685877,6.528933859286336e-05,0.11376892090687121
ml,kmeans_templates,context,high,100000,selected,0.049085646035896977,0.04884621628893436,0.05,0.49039865644029124,-1.8287079282060439,0.21943851746192844,0.9817129207179395,0.19950850009918208,0.16851374357938764,0.04866584017872806,0.04865932464599606,True,0.0,0.8,5,0.0005796475308514173,0.279608873421656,0.7296172762477481,0.0002592262563947351,0.1250448896165914
ml,kmeans_templates,context,low,5000,mean_trials,0.049480995204407865,0.04943488762101246,0.05,0.09334347580749407,-1.0380095911842746,0.07611008146945715,0.9896199040881573,,,,,True,0.2,0.8,5,8.706758448064315e-05,0.17732458579398072,0.20405409793898777,3.893780750708476e-05,0.07930196558346687
ml,kmeans_templates,context,low,5000,oracle,0.04970979819371612,0.04943488762101246,0.05,0.556188350552788,-0.5804036125677675,0.48252332380842633,0.9941959638743224,,,,,False,0.0,0.0,5,6.80263218280578e-05,0.13004551493758498,0.17760185774852646,3.0422295973363e-05,0.058158122313880865
ml,kmeans_templates,context,low,5000,selected,0.0494180478137099,0.04943488762101246,0.05,-0.03412992613392131,-1.1639043725802072,-0.025614414845140432,0.988360956274198,0.21459230780601496,0.20542154908180227,0.048424430936574905,0.04843757972121236,True,0.4,0.4,5,0.00036601982239519137,0.6025957612985441,0.7243162200789052,0.00016368904079760955,0.2694890170433563
ml,kmeans_templates,context,low,25000,mean_trials,0.04938826722863526,0.04943488762101246,0.05,-0.0942811755028884,-1.2234655427294794,-0.08496752440652018,0.9877653445727053,,,,,True,0.8,1.0,5,5.915815888445515e-05,0.09825860138951147,0.1130940633075902,2.6456332937874968e-05,0.04394258241620058
ml,kmeans_templates,context,low,25000,oracle,0.0496530868517817,0.04943488762101246,0.05,0.4413777379840339,-0.693826296436606,0.3886559979023678,0.9930617370356339,,,,,False,0.0,0.2,5,0.00010523692288106918,0.1595614790478212,0.18712466933787406,4.7063382660994735e-05,0.07135806274826732
ml,kmeans_templates,context,low,25000,selected,0.0485619597391049,0.04943488762101246,0.05,-1.7641910791099165,-2.8760805217902057,-1.6797237383455907,0.971239194782098,0.21322317123413081,0.23161014914512634,0.048951023817062324,0.048749130964279117,True,0.6,1.0,5,0.0016836314204611764,3.2908618129960594,3.4605624322006356,0.0007529428610411441,1.4717181436834779
ml,kmeans_templates,context,low,50000,mean_trials,0.04931896635558232,0.04943488762101246,0.05,-0.23455287163354616,-1.3620672888353695,-0.20165866237269164,0.9863793271116463,,,,,True,1.0,1.0,5,0.00014634026316531223,0.20579866099002472,0.2546764184900912,6.544535525656933e-05,0.09203595913042588
ml,kmeans_templates,context,low,50000,oracle,0.04966899179147054,0.04943488762101246,0.05,0.47362618376552257,-0.6620164170589249,0.4111401034863231,0.9933798358294108,,,,,False,0.0,0.0,5,4.8353298837143605e-05,0.09628254515749755,0.13430511555678823,2.1624252627242925e-05,0.043058863203771544
ml,kmeans_templates,context,low,50000,selected,0.04939619016087648,0.04943488762101246,0.05,-0.07831477292480364,-1.207619678247046,-0.06615984718189519,0.9879238032175296,0.1987684488296508,0.19475427269935602,0.04967287629842754,0.04967508465051648,True,0.6,1.0,5,9.143183046533902e-05,0.10980081811027738,0.132437114621678,4.088955764554685e-05,0.04910441865593404
ml,kmeans_templates,context,low,100000,mean_trials,0.04941589190372893,0.04943488762101246,0.05,-0.038386997396724507,-1.1682161925421486,-0.03667174268015904,0.9883178380745786,,,,,True,0.6,1.0,5,0.00011155088354008308,0.20781834453327186,0.22944811275838328,4.988707170915763e-05,0.09293918906957353
ml,kmeans_templates,context,low,100000,oracle,0.0496380038333855,0.04943488762101246,0.05,0.410844550577381,-0.7239923332290038,0.3636620122098724,0.99276007666771,,,,,False,0.0,0.2,5,0.0001097362800033413,0.16323296344939664,0.18265261526677137,4.907555633708439e-05,0.07300000048831788
ml,kmeans_templates,context,low,100000,selected,0.04949663171945226,0.04943488762101246,0.05,0.12487022273940322,-1.0067365610954864,0.11217147118079959,0.9899326343890451,0.18768540322780605,0.158974739909172,0.0494742631912231,0.04947292730212206,True,0.0,1.0,5,7.993714561046385e-05,0.09582214352594902,0.1038444466710179,3.5748978302459215e-05,0.04285296533475268
ml,kmeans_templates,context,medium,5000,mean_trials,0.04928883625664692,0.04927593719475566,0.05,0.026305187011664045,-1.4223274867061624,0.011297615893136761,0.9857767251329385,,,,,True,0.6,1.0,5,0.0001128454697125031,0.07277244127527954,0.10735310436095188,5.046602824601011e-05,0.032544825116027305
ml,kmeans_templates,context,medium,5000,oracle,0.049687895283516505,0.04927593719475566,0.05,0.8365339179876576,-0.6242094329670045,0.5598598638795267,0.99375790567033,,,,,False,0.0,0.0,5,4.051734896284157e-05,0.0783667113077763,0.24784998963997032,1.8119909309798872e-05,0.03504665873145785
ml,kmeans_templates,context,medium,5000,selected,0.04929278656116302,0.04927593719475566,0.05,0.03419038549407423,-1.4144268776739688,0.023630138117923832,0.9858557312232603,0.20473048686981196,0.21301672756671902,0.04966485500335688,0.04967639893293378,True,0.4,1.0,5,0.00017847340400215908,0.160796764593856,0.23966193953113427,7.981573270492213e-05,0.07191049923877867
ml,kmeans_templates,context,medium,25000,mean_trials,0.04928126236845256,0.04927593719475566,0.05,0.010844590765166163,-1.4374752630948895,0.00378962885402524,0.985625247369051,,,,,True,0.6,1.0,5,0.00017464401489371913,0.1895970502909917,0.24919072464552453,7.810317783316834e-05,0.08479037855682074
ml,kmeans_templates,context,medium,25000,oracle,0.049578621078048404,0.04927593719475566,0.05,0.614585382551381,-0.8427578439032024,0.41331922936775956,0.991572421560968,,,,,False,0.0,0.0,5,0.0001320355369802033,0.15674774124793037,0.2813760090505064,5.904808722668437e-05,0.070099720949984
ml,kmeans_templates,context,medium,25000,selected,0.049260734409012304,0.04927593719475566,0.05,-0.03094005673340087,-1.478531181975401,-0.017804186571002623,0.9852146881802459,0.19991149306297298,0.2042851209640503,0.0494620010256767,0.04946222305297846,True,0.6,1.0,5,0.00016078117768520962,0.06471703845739926,0.1082005107604751,7.190352856132019e-05,0.028942339458642573
ml,kmeans_templates,context,medium,50000,mean_trials,0.04931784995659055,0.04927593719475566,0.05,0.08517460269872437,-1.364300086818909,0.05330719066383548,0.9863569991318109,,,,,True,0.2,1.0,5,0.00012264775738576005,0.08447516041732753,0.1353293774239011,5.484974456049227e-05,0.03777844022066877
ml,kmeans_templates,context,medium,50000,oracle,0.04964284530279298,0.04927593719475566,0.05,0.7448843211054221,-0.714309394414045,0.5059968878439374,0.9928569060558596,,,,,False,0.0,0.0,5,0.00013412396195078955,0.1403514776364331,0.26864241702418556,5.9982059266712146e-05,0.06276708894752119
ml,kmeans_templates,context,medium,50000,selected,0.049388968247050205,0.04927593719475566,0.05,0.22978879599225843,-1.2220635058996039,0.13947553312852692,0.9877793649410039,0.20551749169826503,0.2039381176233291,0.050067064166068986,0.050063329190015785,True,0.2,0.8,5,9.144139922922633e-05,0.1552614342972054,0.25039785569560014,4.089383692684939e-05,0.06943502427453371
ml,kmeans_templates,context,medium,100000,mean_trials,0.04938715497895106,0.04927593719475566,0.05,0.2256750705753034,-1.225690042097885,0.15982546491456678,0.9877430995790212,,,,,True,0.0,1.0,5,0.0001467830028024467,0.07187427911076158,0.09044210208509806,6.564335444156259e-05,0.03214315478509121
ml,kmeans_templates,context,medium,100000,oracle,0.049680037766171345,0.04927593719475566,0.05,0.8202866321063288,-0.639924467657324,0.5638614895759891,0.9936007553234267,,,,,False,0.0,0.0,5,0.00012158088348280267,0.1281853414268306,0.19902617492965238,5.437262404640563e-05,0.05732622742988262
ml,kmeans_templates,context,medium,100000,selected,0.04942545740283342,0.04927593719475566,0.05,0.30372702006895963,-1.149085194333166,0.19799629178785177,0.9885091480566682,0.21669501066207886,0.18698000013828273,0.04966461658477776,0.049660967290401405,True,0.2,0.6,5,0.00011188802690494039,0.14648804027092038,0.22692885156940823,5.003784680555442e-05,0.06551144318730093
ml,kmeans_templates,metadata,brutal,5000,mean_trials,0.04771475774292898,0.0477349773139495,0.05,-0.04082121529296895,-4.570484514142048,-0.018362083538431502,0.9542951548585796,,,,,True,0.6,1.0,5,0.0007137295051288203,0.03732625320973231,0.13346147813586817,0.00031918953820306534,0.01669280790446623
ml,kmeans_templates,metadata,brutal,5000,oracle,0.04835902706414968,0.0477349773139495,0.05,1.3160485359061371,-3.281945871700645,0.2615974270928089,0.9671805412829937,,,,,False,0.0,0.4,5,0.0004679704431803716,0.06255492752492794,0.7076344020139146,0.00020928274448240273,0.02797541405466231
ml,kmeans_templates,metadata,brutal,5000,selected,0.0473985659151675,0.0477349773139495,0.05,-0.711939834943547,-5.202868169665006,-0.13111614866801005,0.94797131830335,0.2050787895917892,0.20175428688526148,0.04824352785944932,0.04825930818915364,True,0.8,1.0,5,0.001135642410840706,0.17799842606011007,1.162500676637167,0.0005078747257543125,0.07960331611167523
ml,kmeans_templates,metadata,brutal,25000,mean_trials,0.047982501817241216,0.0477349773139495,0.05,0.5235651559355079,-4.034996365517568,0.09290779290025833,0.9596500363448243,,,,,True,0.2,1.0,5,0.0006041256013406875,0.08655169402417319,0.48868739523918964,0.00027017318230914306,0.038707094281162716
ml,kmeans_templates,metadata,brutal,25000,oracle,0.04906320224618488,0.0477349773139495,0.05,2.7973656579429758,-1.873595507630246,0.5743949949729237,0.9812640449236975,,,,,False,0.0,0.0,5,0.0003045563970080813,0.10118222107956681,1.2148236555732104,0.00013620176133849666,0.04525006488966471
ml,kmeans_templates,metadata,brutal,25000,selected,0.04771640998179278,0.0477349773139495,0.05,-0.03633068205433918,-4.567180036414447,-0.020055738842904618,0.9543281996358555,0.19879742562770839,0.2006119161844253,0.0480816356837749,0.04807518348097796,True,0.8,1.0,5,0.0006848846844493379,0.07194734245028112,0.3055146713852085,0.0003062897422354425,0.03217582970385697
ml,kmeans_templates,metadata,brutal,50000,mean_trials,0.047886247377777885,0.0477349773139495,0.05,0.3207651251618302,-4.227505244444233,0.05402094127462755,0.9577249475555577,,,,,True,0.2,1.0,5,0.0006298751507149926,0.0480803517227272,0.3022416357247925,0.0002816887308673297,0.021502186966823426
ml,kmeans_templates,metadata,brutal,50000,oracle,0.048698977939262,0.0477349773139495,0.05,2.031579634061753,-2.6020441214760077,0.4030328061357917,0.9739795587852399,,,,,False,0.0,0.2,5,0.00042126151120437514,0.15275468341806764,1.0747480486719974,0.00018839387507145442,0.06831397120085184
ml,kmeans_templates,metadata,brutal,50000,selected,0.04772059476892996,0.0477349773139495,0.05,-0.02797101015428971,-4.558810462140084,-0.023992296972227274,0.9544118953785992,0.16642633676528926,0.14859326034784315,0.05043360963463778,0.050444196164607935,True,0.2,1.0,5,0.0007153018004399942,0.1484273229338213,0.4298518014827224,0.0003198926900423632,0.06637871675966758
ml,kmeans_templates,metadata,brutal,100000,mean_trials,0.04809584217614062,0.0477349773139495,0.05,0.7625806690304502,-3.808315647718757,0.14369415399700575,0.9619168435228124,,,,,True,0.0,1.0,5,0.0005381971990199544,0.06428826734233188,0.5401115243223938,0.00024068910446172024,0.028750587186626764
ml,kmeans_templates,metadata,brutal,100000,oracle,0.04908169537781384,0.0477349773139495,0.05,2.839570470592308,-1.8366092443723279,0.5667830697614189,0.9816339075562768,,,,,False,0.0,0.0,5,0.0002753940961236537,0.14633331931323718,1.5157973540783276,0.00012315998390692018,0.06544224987151623
ml,kmeans_templates,metadata,brutal,100000,selected,0.04806421031921988,0.0477349773139495,0.05,0.6966627956687973,-3.8715793615602423,0.1297595353671132,0.9612842063843976,0.1988787621259689,0.18326791226863856,0.04864723905920978,0.04865502044558518,True,0.0,0.8,5,0.0005489681125757343,0.08449353212765186,0.6570348002406309,0.00024550600343981976,0.03778665629929839
ml,kmeans_templates,metadata,extreme,5000,mean_trials,0.048551519219549456,0.04847196252087254,0.05,0.16479054583742575,-2.896961560901093,0.04596989869779011,0.9710303843909891,,,,,True,0.4,1.0,5,0.0003973250148520878,0.06834301093813672,0.2299853586005647,0.00017768914847407635,0.030563923648937074
ml,kmeans_templates,metadata,extreme,5000,oracle,0.0491491179296448,0.04847196252087254,0.05,1.3989695089514036,-1.7017641407104072,0.4495704185232195,0.982982358592896,,,,,False,0.0,0.0,5,0.0003801695897700888,0.1437087240205424,0.5570581633013028,0.00017001700914082542,0.06426849517393794
ml,kmeans_templates,metadata,extreme,5000,selected,0.04859451594711882,0.04847196252087254,0.05,0.25192183184048933,-2.8109681057623654,0.095690398969308,0.9718903189423763,0.2096299678087234,0.20426941514015198,0.04692196995019908,0.04695453643798824,True,0.4,0.6,5,0.0005628296699069573,0.20155912727513142,0.5767891719437414,0.00025170508033314483,0.09013998201454516
ml,kmeans_templates,metadata,extreme,25000,mean_trials,0.04851836830754856,0.04847196252087254,0.05,0.09642884621620637,-2.9632633849028727,0.01907734427195205,0.9703673661509713,,,,,True,0.4,1.0,5,0.00041917422262405745,0.14341728390867473,0.37155101842197613,0.00018746041124060453,0.06413815919363668
ml,kmeans_templates,metadata,extreme,25000,oracle,0.0490073358032607,0.04847196252087254,0.05,1.1060631232434384,-1.9853283934786052,0.3512271414519741,0.980146716065214,,,,,False,0.0,0.4,5,0.00041107506032410265,0.16837282166600995,0.5623883602089242,0.00018383835574790403,0.07529861496172953
ml,kmeans_templates,metadata,extreme,25000,selected,0.04847764814548626,0.04847196252087254,0.05,0.013354677273118742,-3.044703709027485,-0.022605322034930785,0.9695529629097251,0.20621277689933773,0.1880560845136642,0.0477593049407005,0.04776595160365102,True,0.4,1.0,5,0.00038370975054385404,0.22822092812114617,0.49936140023295955,0.0001716002171691089,0.10206350183339523
ml,kmeans_templates,metadata,extreme,50000,mean_trials,0.048616144930357916,0.04847196252087254,0.05,0.29953615897410013,-2.7677101392841736,0.07430484635794374,0.9723228986071583,,,,,True,0.2,1.0,5,0.00029808955234719324,0.11815492714026977,0.3350390591909908,0.0001333097004861612,0.05284048979243561
ml,kmeans_templates,metadata,extreme,50000,oracle,0.04930097604031488,0.04847196252087254,0.05,1.7153967092490294,-1.3980479193702462,0.5118291114709749,0.9860195208062976,,,,,False,0.0,0.2,5,0.0003843230177171739,0.30930179371063965,1.0545385010572768,0.00017187447858669138,0.13832396725992144
ml,kmeans_templates,metadata,extreme,50000,selected,0.048629075572105294,0.04847196252087254,0.05,0.32522841294633037,-2.741848855789408,0.09464336176311214,0.972581511442106,0.21003183722496027,0.19966517388820645,0.05050304830074306,0.05049577504396434,True,0.4,0.8,5,0.0005655708770085364,0.23746668711894364,0.9287038922962195,0.00025293098541705205,0.10619833095792633
ml,kmeans_templates,metadata,extreme,100000,mean_trials,0.04871336960593652,0.04847196252087254,0.05,0.4989274969060438,-2.5732607881269547,0.15687633289570252,0.9742673921187304,,,,,True,0.0,1.0,5,0.00037894479779392547,0.057531950757013325,0.21271256396768148,0.00016946926551742592,0.025729070554170456
ml,kmeans_templates,metadata,extreme,100000,oracle,0.04943415666054276,0.04847196252087254,0.05,1.9891694934650488,-1.131686678914487,0.626368328175118,0.9886831332108551,,,,,False,0.0,0.0,5,0.00018308100192613558,0.08054046051956507,0.6137795923499834,8.187631313912181e-05,0.0360187889321771
ml,kmeans_templates,metadata,extreme,100000,selected,0.04854147387980706,0.04847196252087254,0.05,0.14424007318031767,-2.917052240385884,0.03977386645726302,0.9708294775961411,0.19477875828742977,0.17388821542263028,0.048532293736934615,0.0485302552580833,True,0.4,1.0,5,0.0003914590451167993,0.07898705314204545,0.2742622843162108,0.00017506580705766404,0.03532408403360039
ml,kmeans_templates,metadata,high,5000,mean_trials,0.04907640440570656,0.049152736859889364,0.05,-0.15572705601220307,-1.8471911885868828,-0.07710383102996066,0.9815280881141313,,,,,True,0.6,1.0,5,0.00027192438875739265,0.2002807458159288,0.34552276239749763,0.0001216082836003219,0.08956827244575467
ml,kmeans_templates,metadata,high,5000,oracle,0.049472337526826,0.049152736859889364,0.05,0.649977620905768,-1.0553249463480074,0.39323001930218154,0.9894467505365199,,,,,False,0.0,0.2,5,0.00020679836204142208,0.1473776973631372,0.1896411832723523,9.248303903204638e-05,0.06590930993427326
ml,kmeans_templates,metadata,high,5000,selected,0.04912901401818552,0.049152736859889364,0.05,-0.04790038455315591,-1.741971963628966,-0.042302668793071665,0.9825802803637103,0.2169766098260879,0.2002740919589996,0.04826763123273846,0.048270786553621235,True,0.6,1.0,5,0.00012076228946938551,0.15970233227221467,0.2683917890444881,5.40065376744106e-05,0.07142105422518609
ml,kmeans_templates,metadata,high,25000,mean_trials,0.049224811371836416,0.049152736859889364,0.05,0.14667021451671988,-1.550377256327165,0.08468745256667311,0.9844962274367284,,,,,True,0.2,1.0,5,0.00015499737891547778,0.09591143107805089,0.17067806073771588,6.931693511786018e-05,0.042892895941961544
ml,kmeans_templates,metadata,high,25000,oracle,0.04954285926349204,0.049152736859889364,0.05,0.7940758965064074,-0.9142814730159265,0.45571173878107263,0.9908571852698408,,,,,False,0.0,0.0,5,0.00014387730003246005,0.16446233417626777,0.3182024196142664,6.434388465834267e-05,0.07354979179128432
ml,kmeans_templates,metadata,high,25000,selected,0.04923842005342988,0.049152736859889364,0.05,0.17479894295937282,-1.5231598931402468,0.0878952349613722,0.9847684010685975,0.20457426011562344,0.2129641473293304,0.0495767123997211,0.04956165999174114,True,0.4,0.8,5,0.0001803873225672949,0.21106939087665022,0.4189464950511315,8.067166310793065e-05,0.09439310119393277
ml,kmeans_templates,metadata,high,50000,mean_trials,0.04917953572786497,0.049152736859889364,0.05,0.054656210665818064,-1.640928544270062,0.025230022451853202,0.9835907145572994,,,,,True,0.4,0.8,5,0.0001844552653375121,0.1855967230868995,0.30869579616081505,8.249090242048754e-05,0.08300137784470238
ml,kmeans_templates,metadata,high,50000,oracle,0.04952765093260544,0.049152736859889364,0.05,0.7630444819108388,-0.9446981347891263,0.441523976616473,0.9905530186521088,,,,,False,0.0,0.0,5,0.00012391896693874304,0.12021578289229443,0.23738815888897227,5.541824675531569e-05,0.05376213250310532
ml,kmeans_templates,metadata,high,50000,selected,0.04921858508812108,0.049152736859889364,0.05,0.13446222879903416,-1.5628298237578442,0.06063557223812903,0.9843717017624215,0.21213459372520443,0.21098670363426203,0.0492851391434669,0.04928943812847134,True,0.4,0.6,5,0.00012691672331296115,0.19965014958527674,0.33348643461159677,5.675888416186269e-05,0.08928626123813604
ml,kmeans_templates,metadata,high,100000,mean_trials,0.049104664098083985,0.049152736859889364,0.05,-0.09783233404139582,-1.7906718038320393,-0.058809813629617215,0.9820932819616797,,,,,True,0.6,1.0,5,0.00019891292223565553,0.1531536263391057,0.27866348183782497,8.895656314441103e-05,0.06849238389896851
ml,kmeans_templates,metadata,high,100000,oracle,0.04943637721610764,0.049152736859889364,0.05,0.5775261410964057,-1.1272455677847266,0.32455629398251273,0.9887275443221528,,,,,False,0.0,0.2,5,7.03579632300933e-05,0.11522965179432829,0.23994621311094372,3.1465037708183856e-05,0.05153226688714973
ml,kmeans_templates,metadata,high,100000,selected,0.04920439738195392,0.049152736859889364,0.05,0.10522026772880563,-1.5912052360921662,0.057957014737516445,0.9840879476390784,0.1898199051618576,0.16115716546773906,0.0491120278835296,0.04910913035273548,True,0.6,1.0,5,0.00014129289397120124,0.10284319014767984,0.18096845870201364,6.318810313145523e-05,0.04599287283862975
ml,kmeans_templates,metadata,low,5000,mean_trials,0.049541241104653064,0.04956386105534148,0.05,-0.045633712221566244,-0.917517790693867,-0.052410562195383634,0.9908248220930613,,,,,True,0.6,1.0,5,9.717819561146135e-05,0.2254939067248977,0.19868723214372705,4.3459410263599865e-05,0.10084394078977364
ml,kmeans_templates,metadata,low,5000,oracle,0.0497353951777382,0.04956386105534148,0.05,0.34608978449592703,-0.5292096445236066,0.3929701485088483,0.994707903554764,,,,,False,0.0,0.2,5,7.567444287802877e-05,0.17504553030787512,0.15476315042707023,3.384263968693943e-05,0.07828274098518169
ml,kmeans_templates,metadata,low,5000,selected,0.04953728883813442,0.04956386105534148,0.05,-0.053602023850497796,-0.925422323731165,-0.0622138180032614,0.9907457767626884,0.20626851022243495,0.2172021299600601,0.049905684590339616,0.04991921633481974,True,0.4,0.8,5,0.0002116869463633752,0.48835689044305886,0.4299928517940406,9.466928040357177e-05,0.2183998408622194
ml,kmeans_templates,metadata,low,25000,mean_trials,0.04947289195419302,0.04956386105534148,0.05,-0.18353846873071863,-1.0542160916139631,-0.2086718707267135,0.9894578390838603,,,,,True,0.8,1.0,5,0.00012125950916739551,0.2789170411497407,0.2449350265018633,5.422890108331106e-05,0.12473549281878525
ml,kmeans_templates,metadata,low,25000,oracle,0.04966911054759062,0.04956386105534148,0.05,0.21235096588922775,-0.6617789048187633,0.24137252715807964,0.9933822109518123,,,,,True,0.0,0.6,5,4.7100566398183996e-05,0.1078995286073569,0.09442227277587179,2.106401364901637e-05,0.04825413614124664
ml,kmeans_templates,metadata,low,25000,selected,0.04935453316716236,0.04956386105534148,0.05,-0.4223855146140741,-1.290933665675284,-0.47411293056470594,0.9870906633432472,0.1964698106050491,0.1633962631225586,0.0488962702453136,0.04890077039599414,True,0.8,1.0,5,0.0004855629013343111,1.0941065049884295,0.9738950846139088,0.00021715033094710858,0.4892993039557682
ml,kmeans_templates,metadata,low,50000,mean_trials,0.049586623595073376,0.04956386105534148,0.05,0.045923886644550625,-0.826752809853254,0.052423600682767704,0.9917324719014674,,,,,True,0.4,1.0,5,4.153976224448448e-05,0.0922058209242458,0.0808675343758905,1.8577146429569308e-05,0.04123569670155722
ml,kmeans_templates,metadata,low,50000,oracle,0.049724202765213436,0.04956386105534148,0.05,0.32350003021203777,-0.5515944695731273,0.3683263240129063,0.9944840553042689,,,,,False,0.0,0.2,5,6.968485598803564e-05,0.1555411640814398,0.13570014480655393,3.116401499830619e-05,0.06956012323710961
ml,kmeans_templates,metadata,low,50000,selected,0.04958040708983878,0.04956386105534148,0.05,0.033384640356449884,-0.8391858203224439,0.03776216956993971,0.9916081417967757,0.21041337549686429,0.18922882974147792,0.050269338488578744,0.050279113650321894,True,0.6,1.0,5,2.517020170244568e-05,0.06092624632593934,0.05373069933593386,1.1256456402809895e-05,0.027247045679739432
ml,kmeans_templates,metadata,low,100000,mean_trials,0.049514581414189,0.04956386105534148,0.05,-0.09942314919472477,-0.9708371716220132,-0.11343062946813132,0.9902916282837799,,,,,True,0.6,1.0,5,6.614852612790629e-05,0.15516101228270127,0.136483888573527,2.958252020668388e-05,0.06939011418435996
ml,kmeans_templates,metadata,low,100000,oracle,0.04970749450876598,0.04956386105534148,0.05,0.28979509098153916,-0.5850109824680455,0.3292933067852445,0.9941498901753196,,,,,False,0.0,0.4,5,4.8533588770068775e-05,0.11179032537160123,0.09820477143624702,2.1704880736378838e-05,0.04999415335154395
ml,kmeans_templates,metadata,low,100000,selected,0.04946675115643118,0.04956386105534148,0.05,-0.1959204619455423,-1.0664976871376464,-0.22374685209271158,0.9893350231286236,0.1915827006101608,0.1614937767386436,0.04968891367316242,0.04968680664896959,True,0.8,1.0,5,0.0001424289167190215,0.3327479552488352,0.2909083586241255,6.369614794907767e-05,0.1488094094620907
ml,kmeans_templates,metadata,medium,5000,mean_trials,0.04940677590512764,0.04939576186212534,0.05,0.02225818420674392,-1.1864481897447265,0.020894219532757385,0.9881355181025528,,,,,True,0.4,1.0,5,9.53248168707365e-05,0.10856157151867803,0.13072287737666793,4.263055409313711e-05,0.04855021073199383
ml,kmeans_templates,metadata,medium,5000,oracle,0.04963773644042524,0.04939576186212534,0.05,0.48986408492531874,-0.7245271191495289,0.40273033233778577,0.9927547288085048,,,,,False,0.0,0.2,5,9.357558492439463e-05,0.13166138312547035,0.15566317645831979,4.184827378505018e-05,0.05888076053603908
ml,kmeans_templates,metadata,medium,5000,selected,0.0494265331620331,0.04939576186212534,0.05,0.062367740489172596,-1.146933675933806,0.04542931888407045,0.988530663240662,0.19804152548313136,0.179950737953186,0.04934576675295826,0.0493364721536636,True,0.4,0.8,5,0.00016810849000645502,0.30176481332268684,0.3514217255973212,7.518040224985549e-05,0.1349533271614124
ml,kmeans_templates,metadata,medium,25000,mean_trials,0.049397925453631954,0.04939576186212534,0.05,0.004347092534879286,-1.2041490927361036,0.005440157763764566,0.987958509072639,,,,,True,0.6,1.0,5,0.00010694492968539621,0.1372815675371782,0.16832242262912164,4.782722652509622e-05,0.06139418341417177
ml,kmeans_templates,metadata,medium,25000,oracle,0.0495779345624503,0.04939576186212534,0.05,0.36876059233191505,-0.8441308750994054,0.30550673430520053,0.991558691249006,,,,,False,0.0,0.4,5,0.0001269217578495826,0.17951266745512445,0.2126132056975146,5.676113567508684e-05,0.08028050545039449
ml,kmeans_templates,metadata,medium,25000,selected,0.0494114159999065,0.04939576186212534,0.05,0.031611600565918364,-1.1771680001870037,0.03134496624685028,0.98822831999813,0.18508230149745936,0.16688521951436994,0.0496894113719463,0.0496977493166923,True,0.4,1.0,5,0.00011057949275580411,0.11556572411554668,0.14104024752877453,4.9452652543884704e-05,0.05168256299826982
ml,kmeans_templates,metadata,medium,50000,mean_trials,0.04941749837536448,0.04939576186212534,0.05,0.044027273598983174,-1.165003249271046,0.034387704339699995,0.9883499675072895,,,,,True,0.4,1.0,5,5.8483865485409735e-05,0.08058350086250525,0.09657039577731608,2.615477976246598e-05,0.036038037158694934
ml,kmeans_templates,metadata,medium,50000,oracle,0.049662349062498425,0.04939576186212534,0.05,0.5397745793595371,-0.6753018750031647,0.4380234548429617,0.9932469812499682,,,,,False,0.0,0.0,5,0.00012302642766394753,0.2081594662635599,0.2669175747024447,5.501909105710947e-05,0.09309174334507882
ml,kmeans_templates,metadata,medium,50000,selected,0.04946255498658152,0.04939576186212534,0.05,0.13539368591990308,-1.0748900268369639,0.09927881052295652,0.9892510997316304,0.19781487286090846,0.20881585776805872,0.05098882243037221,0.050996608287096,True,0.2,0.8,5,7.527459754821556e-05,0.19109481138247264,0.23720471708071525,3.36638234193498e-05,0.08546019767974188
ml,kmeans_templates,metadata,medium,100000,mean_trials,0.04938575083026103,0.04939576186212534,0.05,-0.020247661131739796,-1.2284983394779432,-0.017711717936669376,0.9877150166052205,,,,,True,0.6,1.0,5,7.895489097097048e-05,0.11067853647933616,0.14174557225793,3.530970067343487e-05,0.04949694624359718
ml,kmeans_templates,metadata,medium,100000,oracle,0.04962496221624964,0.04939576186212534,0.05,0.464095913361823,-0.7500755675007269,0.37575369449435814,0.9924992443249927,,,,,False,0.0,0.2,5,0.00011573378007209586,0.18464716171767345,0.2581799582586758,5.175771990684337e-05,0.08257672109062293
ml,kmeans_templates,metadata,medium,100000,selected,0.04943742247677334,0.04939576186212534,0.05,0.08452663146218417,-1.125155046453327,0.05728359397332218,0.9887484495354666,0.2130275428295135,0.21029781699180602,0.04980550110340114,0.04980909079313276,True,0.4,0.8,5,0.00011472083631327052,0.23446612394009975,0.300413710015539,5.1304717686419844e-05,0.10485643831019077
