dataset,noise_mode,noise_axis,noise_level,ctr,metric,n_train_small,n_train_large,R_at_n_small,R_at_n_large,reward_delta_large_minus_small,lift_pct_large_vs_small,slope_per_10k,restored_at_n_small,restored_at_n_large,restored_delta_large_minus_small,struggle_flat_learning,struggle_regress_learning,struggle_low_restore_at_large_n,struggle_learning
ml,kmeans_templates,action,brutal,0.05,mean_trials,5000,100000,0.04683779804106024,0.04703255785320899,0.0001947598121487537,0.4158176094828754,1.951340032818562e-05,0.0050935723044479965,0.06454605609586979,0.05945248379142179,True,False,True,True
ml,kmeans_templates,action,brutal,0.05,oracle,5000,100000,0.04730691355806404,0.04767363360385168,0.0003667200457876385,0.7751933453395347,3.343349107411553e-05,0.15126195111307852,0.2663879854581546,0.1151260343450761,False,False,False,False
ml,kmeans_templates,action,brutal,0.05,selected,5000,100000,0.04705860157294296,0.04700110783419502,-5.74937387479435e-05,-0.12217477108584623,2.7837029179152378e-06,0.07429730438602641,0.056175642896164855,-0.01812166148986156,True,False,True,True
ml,kmeans_templates,action,extreme,0.05,mean_trials,5000,100000,0.04738403505333676,0.047500966870271916,0.00011693181693515908,0.24677471389580363,1.416144845488784e-05,0.018938412826970646,0.06259996090625917,0.04366154807928853,True,False,True,True
ml,kmeans_templates,action,extreme,0.05,oracle,5000,100000,0.047925793639783776,0.048234901023106416,0.00030910738332264043,0.6449708181066963,3.795372443909796e-05,0.21870135983093472,0.3331983104670014,0.11449695063606666,False,False,False,False
ml,kmeans_templates,action,extreme,0.05,selected,5000,100000,0.047265719196078956,0.04742226190562104,0.00015654270954208044,0.33119713865491507,1.7284587720002788e-05,-0.023172985670282274,0.030538278570199417,0.05371126424048169,True,False,True,True
ml,kmeans_templates,action,high,0.05,mean_trials,5000,100000,0.04834881789826327,0.048482807018410984,0.00013398912014771225,0.2771300850201867,1.8540290803218286e-05,0.008309869127219899,0.0884032726779804,0.0800934035507605,True,False,True,True
ml,kmeans_templates,action,high,0.05,oracle,5000,100000,0.04883521554054956,0.0491259145436497,0.00029069900310014357,0.5952651173593494,3.409503913661934e-05,0.30032950117046825,0.4697799907743924,0.16945048960392417,False,False,False,False
ml,kmeans_templates,action,high,0.05,selected,5000,100000,0.04828063494445596,0.04840091903718246,0.00012028409272649837,0.24913527517788067,1.896763977412713e-05,-0.02893811396112883,0.039834924421918216,0.06877303838304705,True,False,True,True
ml,kmeans_templates,action,low,0.05,mean_trials,5000,100000,0.049392810583689425,0.04944048247120685,4.7671887517426736e-05,0.09651584300240049,5.7399556042168315e-06,-0.044238419570548825,0.03845315885972274,0.08269157843027156,True,False,True,True
ml,kmeans_templates,action,low,0.05,oracle,5000,100000,0.04966557492110184,0.04963919722405524,-2.6377697046595094e-05,-0.0531106245895641,-1.4001647724433481e-06,0.42543031419818333,0.37963114702755474,-0.045799167170628596,True,False,False,True
ml,kmeans_templates,action,low,0.05,selected,5000,100000,0.049445025141736224,0.04945483874829098,9.813606554755216e-06,0.019847510495998547,1.3525428947542599e-06,0.046787323897870034,0.06369277087988272,0.016905446982012684,True,False,True,True
ml,kmeans_templates,action,medium,0.05,mean_trials,5000,100000,0.04899031951019936,0.04904379207486858,5.347256466921996e-05,0.1091492466345059,8.364481555209713e-06,0.01902071231678436,0.07254129329720041,0.05352058098041605,True,False,True,True
ml,kmeans_templates,action,medium,0.05,oracle,5000,100000,0.04932764129517098,0.04940643071618206,7.878942101107594e-05,0.15972671496617694,8.862927646084521e-06,0.34672658603964657,0.42600736482089896,0.07928077878125239,True,False,False,True
ml,kmeans_templates,action,medium,0.05,selected,5000,100000,0.04882705051692684,0.04913549703782158,0.00030844652089474095,0.6317123758843718,1.965509694528892e-05,-0.13567670783655356,0.15798757527144228,0.29366428310799586,False,False,True,True
ml,kmeans_templates,combined,brutal,0.05,mean_trials,5000,100000,0.04699468179799689,0.04717439073281925,0.000179708934822366,0.38240270589517206,1.933462854021169e-05,-0.008434010395646202,0.06750892904473707,0.07594293944038327,True,False,True,True
ml,kmeans_templates,combined,brutal,0.05,oracle,5000,100000,0.047531755673019,0.04787871289787038,0.0003469572248513825,0.7299482628796097,3.978543367802614e-05,0.18382538890107186,0.2896814436417877,0.10585605474071585,False,False,False,False
ml,kmeans_templates,combined,brutal,0.05,selected,5000,100000,0.04679489483418434,0.04709008901551872,0.0002951941813343767,0.6308256111705867,2.3883541005497493e-05,-0.0833732416681149,0.04909287656638188,0.13246611823449678,False,False,True,True
ml,kmeans_templates,combined,extreme,0.05,mean_trials,5000,100000,0.04673297321510593,0.046984648094190416,0.0002516748790844861,0.5385381279424672,2.3700373907889927e-05,0.005005672696274057,0.07392214035113989,0.06891646765486584,False,False,True,True
ml,kmeans_templates,combined,extreme,0.05,oracle,5000,100000,0.04748907519312884,0.04770036400743148,0.00021128881430264312,0.44492088642150346,1.838080778688376e-05,0.2447535450125436,0.30586600994270186,0.06111246493015826,True,False,False,True
ml,kmeans_templates,combined,extreme,0.05,selected,5000,100000,0.0467265807993727,0.046803336158850684,7.675535947798684e-05,0.16426487486329683,7.526183813239028e-06,-0.020734638686077302,0.015174118788659884,0.03590875747473719,True,False,True,True
ml,kmeans_templates,combined,high,0.05,mean_trials,5000,100000,0.04704475506296474,0.04759112310118383,0.000546368038219093,1.1613792812563986,5.4459340693436775e-05,0.04177055417517912,0.2021473779185765,0.1603768237433974,False,False,True,True
ml,kmeans_templates,combined,high,0.05,oracle,5000,100000,0.048050990651859984,0.04892775602033606,0.0008767653684760776,1.8246561758287896,9.468965502798606e-05,0.375636897040895,0.6308490867249745,0.25521218968407955,False,False,False,False
ml,kmeans_templates,combined,high,0.05,selected,5000,100000,0.04707387472631184,0.04783409696226104,0.0007602222359492025,1.6149557272885335,7.229000331832618e-05,0.06890826657057858,0.2647714820315047,0.1958632154609261,False,False,False,False
ml,kmeans_templates,combined,low,0.05,mean_trials,5000,100000,0.049315284277165014,0.04934757524906951,3.2290971904498644e-05,0.0654786287411724,4.394488521390514e-06,0.07754999417006708,0.12028111926506116,0.04273112509499408,True,False,True,True
ml,kmeans_templates,combined,low,0.05,oracle,5000,100000,0.04957867097728918,0.04959412640989306,1.5455432603880825e-05,0.031173551648773713,5.61135784813004e-07,0.4323125195742601,0.4554939045963587,0.0231813850220986,True,False,False,True
ml,kmeans_templates,combined,low,0.05,selected,5000,100000,0.04937675362072223,0.04938594631571268,9.192694990445283e-06,0.018617455211934652,1.5243471222796342e-06,0.1518173390693671,0.16738371990192308,0.015566380832555987,True,False,True,True
ml,kmeans_templates,combined,medium,0.05,mean_trials,5000,100000,0.048345468520972705,0.048517126847324496,0.00017165832635179096,0.3550660105348323,2.202682915596228e-05,0.1005191752241196,0.18993035925227553,0.08941118402815593,True,False,True,True
ml,kmeans_templates,combined,medium,0.05,oracle,5000,100000,0.04914162083309444,0.049236136115775396,9.451528268095838e-05,0.19233244870365984,1.395057093492378e-05,0.5420401594122931,0.5857373985990406,0.043697239186747505,True,False,False,True
ml,kmeans_templates,combined,medium,0.05,selected,5000,100000,0.04855696443446666,0.04864703278821666,9.006835375000022e-05,0.18549008324348212,9.323535960988142e-06,0.20371206665623792,0.2650548453667583,0.06134277871052035,True,False,False,True
ml,kmeans_templates,context,brutal,0.05,mean_trials,5000,100000,0.04800436836320835,0.04810025508335046,9.588672014210903e-05,0.19974582191482143,8.080546308071273e-06,0.04283559293839941,0.05378672144282816,0.010951128504428746,True,False,True,True
ml,kmeans_templates,context,brutal,0.05,oracle,5000,100000,0.04901650105485004,0.04883382083762698,-0.00018268021722305655,-0.37269126374123535,-1.9907137957570187e-05,0.49775935489571593,0.39710403764297747,-0.10065531725273846,True,True,False,True
ml,kmeans_templates,context,brutal,0.05,selected,5000,100000,0.04698845443400236,0.04819828254897792,0.00120982811497556,2.5747348567823702,9.119924429850264e-05,-0.26891953293620413,0.13704383311654691,0.4059633660527511,False,False,True,True
ml,kmeans_templates,context,extreme,0.05,mean_trials,5000,100000,0.048356701104238405,0.04851535498778377,0.00015865388354536353,0.32809079180849604,1.7277905734133664e-05,0.05741679388935084,0.09721663469264799,0.039799840803297154,True,False,True,True
ml,kmeans_templates,context,extreme,0.05,oracle,5000,100000,0.04918222109619524,0.049445344543110795,0.00026312344691555717,0.5349970803492495,3.4654947996161345e-05,0.4961400791602856,0.5876740135363636,0.09153393437607804,False,False,False,False
ml,kmeans_templates,context,extreme,0.05,selected,5000,100000,0.04757437362269886,0.048257747984805435,0.0006833743621065744,1.4364337563879566,5.081106103243158e-05,-0.19130138676980338,0.04290935241852665,0.23421073918833002,False,False,True,True
ml,kmeans_templates,context,high,0.05,mean_trials,5000,100000,0.0488632454861272,0.04899785262049132,0.00013460713436411892,0.2754772693155131,1.3749824064920531e-05,0.001077861747865541,0.09194832620175791,0.09087046445389237,True,False,True,True
ml,kmeans_templates,context,high,0.05,oracle,5000,100000,0.0495342440735553,0.04960371214676252,6.946807320722115e-05,0.1402425221308825,1.483607956421505e-05,0.5715958623056537,0.5879015963450321,0.016305734039378406,True,False,False,True
ml,kmeans_templates,context,high,0.05,selected,5000,100000,0.04829469005010244,0.049085646035896977,0.0007909559857945392,1.6377700839864102,7.385018776626623e-05,-0.3261090002261975,0.21943851746192844,0.5455475176881259,False,False,True,True
ml,kmeans_templates,context,low,0.05,mean_trials,5000,100000,0.049480995204407865,0.04941589190372893,-6.510330067893699e-05,-0.13157233481257358,-5.022309437658263e-06,0.07611008146945715,-0.03667174268015904,-0.11278182414961618,True,False,True,True
ml,kmeans_templates,context,low,0.05,oracle,5000,100000,0.04970979819371612,0.0496380038333855,-7.179436033061953e-05,-0.14442698007109422,-5.977217803414514e-06,0.48252332380842633,0.3636620122098724,-0.11886131159855395,True,False,False,True
ml,kmeans_templates,context,low,0.05,selected,5000,100000,0.0494180478137099,0.04949663171945226,7.858390574236318e-05,0.15901863634637928,4.2246708997551744e-05,-0.025614414845140432,0.11217147118079959,0.13778588602594002,True,False,True,True
ml,kmeans_templates,context,medium,0.05,mean_trials,5000,100000,0.04928883625664692,0.04938715497895106,9.831872230414013e-05,0.1994746270579298,1.129519998085637e-05,0.011297615893136761,0.15982546491456678,0.14852784902143001,True,False,True,True
ml,kmeans_templates,context,medium,0.05,oracle,5000,100000,0.049687895283516505,0.049680037766171345,-7.85751734515977e-06,-0.015813745581947456,3.0258826767535247e-06,0.5598598638795267,0.5638614895759891,0.004001625696462452,True,False,False,True
ml,kmeans_templates,context,medium,0.05,selected,5000,100000,0.04929278656116302,0.04942545740283342,0.00013267084167040144,0.26914859338654357,1.6670985671927617e-05,0.023630138117923832,0.19799629178785177,0.17436615366992794,True,False,True,True
ml,kmeans_templates,metadata,brutal,0.05,mean_trials,5000,100000,0.04771475774292898,0.04809584217614062,0.0003810844332116439,0.7986720487292387,3.259843666265533e-05,-0.018362083538431502,0.14369415399700575,0.16205623753543724,False,False,True,True
ml,kmeans_templates,metadata,brutal,0.05,oracle,5000,100000,0.04835902706414968,0.04908169537781384,0.0007226683136641598,1.4943814165357772,5.418417423046952e-05,0.2615974270928089,0.5667830697614189,0.30518564266861,False,False,False,False
ml,kmeans_templates,metadata,brutal,0.05,selected,5000,100000,0.0473985659151675,0.04806421031921988,0.0006656444040523818,1.404355577431882,6.309644585977791e-05,-0.13111614866801005,0.1297595353671132,0.2608756840351233,False,False,True,True
ml,kmeans_templates,metadata,extreme,0.05,mean_trials,5000,100000,0.048551519219549456,0.04871336960593652,0.00016185038638706628,0.3333580266668496,1.9580035733364515e-05,0.04596989869779011,0.15687633289570252,0.1109064341979124,True,False,True,True
ml,kmeans_templates,metadata,extreme,0.05,oracle,5000,100000,0.0491491179296448,0.04943415666054276,0.00028503873089796156,0.5799467882739713,3.816250154538613e-05,0.4495704185232195,0.626368328175118,0.1767979096518985,False,False,False,False
ml,kmeans_templates,metadata,extreme,0.05,selected,5000,100000,0.04859451594711882,0.04854147387980706,-5.3042067311756536e-05,-0.10915237301566622,-8.062565238872421e-07,0.095690398969308,0.03977386645726302,-0.05591653251204499,True,False,True,True
ml,kmeans_templates,metadata,high,0.05,mean_trials,5000,100000,0.04907640440570656,0.049104664098083985,2.8259692377421985e-05,0.05758305385171203,-1.7786131307880185e-06,-0.07710383102996066,-0.058809813629617215,0.01829401740034344,True,False,True,True
ml,kmeans_templates,metadata,high,0.05,oracle,5000,100000,0.049472337526826,0.04943637721610764,-3.596031071835537e-05,-0.07268771300498215,-6.16175206719367e-06,0.39323001930218154,0.32455629398251273,-0.06867372531966881,True,False,False,True
ml,kmeans_templates,metadata,high,0.05,selected,5000,100000,0.04912901401818552,0.04920439738195392,7.538336376839566e-05,0.15343960239155596,4.7639993109961996e-06,-0.042302668793071665,0.057957014737516445,0.10025968353058812,True,False,True,True
ml,kmeans_templates,metadata,low,0.05,mean_trials,5000,100000,0.049541241104653064,0.049514581414189,-2.6659690464066188e-05,-0.05381312593228963,2.526979916420525e-07,-0.052410562195383634,-0.11343062946813132,-0.06102006727274768,True,False,True,True
ml,kmeans_templates,metadata,low,0.05,oracle,5000,100000,0.0497353951777382,0.04970749450876598,-2.790066897222221e-05,-0.05609821510920794,-5.243688181062956e-07,0.3929701485088483,0.3292933067852445,-0.06367684172360383,True,False,False,True
ml,kmeans_templates,metadata,low,0.05,selected,5000,100000,0.04953728883813442,0.04946675115643118,-7.053768170324493e-05,-0.14239310095013544,-1.756003111952907e-08,-0.0622138180032614,-0.22374685209271158,-0.1615330340894502,True,False,True,True
ml,kmeans_templates,metadata,medium,0.05,mean_trials,5000,100000,0.04940677590512764,0.04938575083026103,-2.1025074866606874e-05,-0.0425550432737806,-1.833183636762762e-06,0.020894219532757385,-0.017711717936669376,-0.03860593746942676,True,False,True,True
ml,kmeans_templates,metadata,medium,0.05,oracle,5000,100000,0.04963773644042524,0.04962496221624964,-1.2774224175601812e-05,-0.02573490471495073,1.2208283964500673e-06,0.40273033233778577,0.37575369449435814,-0.02697663784342763,True,False,False,True
ml,kmeans_templates,metadata,medium,0.05,selected,5000,100000,0.0494265331620331,0.04943742247677334,1.0889314740240852e-05,0.0220313140404625,2.141316190072405e-06,0.04542931888407045,0.05728359397332218,0.011854275089251728,True,False,True,True
