bias,bias type,train_size,method,n,ess_raw,w>10 %,w_max,logit_scale,sel error point %,sel error lower %,regret %,n_trials
w-high.g-none.v-none,warp only (high),25000,opc,4,289.8841972351074,2.86125,432.8301811218262,11.87940764427185,0.7075188492139852,-0.5418239344075204,0.06623164849653695,20.0
w-high.g-none.v-none,warp only (high),25000,dm,4,216.91741561889648,1.8925,496.4901428222656,12.676711440086367,2.0348590902679558,1.8568973810078673,0.17597622826535722,20.0
w-high.g-none.v-none,warp only (high),25000,no_propensity,4,20000.0,,,15.658538818359375,-19.65328546846667,-19.930107390517854,0.13223385741335525,20.0
w-high.g-none.v-none,warp only (high),25000,tempered_logger,4,715.0080795288086,2.55,178.89223766326904,23.741187543534316,-0.4114638930579333,-1.6056191444854089,0.039605792956767805,20.0
w-none.g-high.v-none,group only (high),25000,opc,4,426.5606803894043,3.1149999999999998,407.2990036010742,18.175260543823242,0.8996481551345054,-0.37917248996156144,0.1378137147625462,20.0
w-none.g-high.v-none,group only (high),25000,dm,4,398.11388397216797,2.395,354.11694717407227,11.735273122787476,1.5786726363774441,1.406691786807098,0.1916807289023631,20.0
w-none.g-high.v-none,group only (high),25000,no_propensity,4,20000.0,,,11.629138588905334,-19.97248457747078,-20.256972198703487,0.12013126958088302,20.0
w-none.g-high.v-none,group only (high),25000,tempered_logger,4,768.7852478027344,2.83375,126.04194068908691,47.8621858821754,0.19165720208090056,-1.0984895974837796,0.0019179688296955266,20.0
w-none.g-none.v-high,vector only (high),25000,opc,4,533.9981231689453,3.93,279.88701248168945,14.543768167495728,0.5500202269319403,-0.8017044197043424,0.10994193394617824,20.0
w-none.g-none.v-high,vector only (high),25000,dm,4,552.237720489502,2.8987499999999997,257.7726135253906,11.707951068878174,1.5187960092763,1.356379617771631,0.2114338805250325,20.0
w-none.g-none.v-high,vector only (high),25000,no_propensity,4,20000.0,,,11.823414087295532,-19.110487215109476,-19.38138651585925,0.25585059514070463,20.0
w-none.g-none.v-high,vector only (high),25000,tempered_logger,4,859.2477188110352,3.1175,122.3752384185791,42.29660964951654,-0.08464756252494765,-1.3691616341834494,0.005515825988672285,20.0
