value,user_attrs_actual_reward,user_attrs_q_error,user_attrs_r_hat,user_attrs_ess
0.07954264186579177,0.0862313708947169,0.000521813444940712,0.0805862687556732,9162.671075998458
0.07966346690308874,0.08621309506911895,0.0004697990109587183,0.08060306492500618,9279.54634267779
0.08140911564516697,0.08670256576676175,0.000488666468616519,0.0823864485824,2544.219096406589
0.07970180374625539,0.08633610589519204,0.0005456425297785455,0.08079308880581249,7073.847841329704
0.08393941444576464,0.0895107716444988,0.0008425945555714778,0.0856246035569076,460.81109320999224
0.08081402776822479,0.08650600828191855,0.00045353474106152,0.08172109725034783,3862.749143860685
0.08277980287377207,0.08692717103684582,0.0005016634847997431,0.08378312984337155,1307.8140262444592
0.08078293723293199,0.08649703363349562,0.0004759358581441721,0.08173480894922033,3803.9512628960574
0.07967433189965734,0.08617171174804249,0.00046061989958197494,0.08059557169882128,9637.373332262696
0.08126511171883768,0.08650499794224305,0.00047660625182396703,0.08221832422248562,2769.953190408117
0.07954110910061636,0.0862157802411234,0.0005297824180305105,0.08060067393667739,9206.897158811691
0.07999351674279562,0.08640300718892192,0.0004652451166184924,0.08092400697603261,6346.5503296392535
0.08369310244841853,0.08873804227659148,0.000596539690836067,0.08488618183009067,841.8860986162314
0.0797086013402789,0.0862415368993442,0.0004956433502324221,0.08069988804074375,8620.877609025245
0.08271764596996234,0.08744136829122948,0.0005900952736006081,0.08389783651716355,1154.563417882892
0.082642401581146,0.08663297871855469,0.0005942586624799507,0.0838309189061059,1248.7241237534265
0.08005946193975041,0.08637690747254592,0.0005062823895386653,0.08107202671882774,5989.581474302253
0.08388888879043253,0.08833909961851524,0.0009087010322240599,0.08570629085488066,497.7211519000917
0.0839265072158326,0.08866579465980798,0.0007764792111640833,0.08547946563816076,278.2468400809253
0.08284995830584096,0.08888520109351979,0.0011433207337284753,0.08513659977329792,117.46567482937907
0.0838976568979276,0.08900133789336398,0.0007302983750372997,0.08535825364800219,185.7310863563272
0.08358038982509644,0.08878252308691055,0.0007163910565213326,0.0850131719381391,327.4603854410716
0.08218324004272147,0.0897271901380801,0.001531898836020586,0.08524703771476264,142.33058912884368
0.08293431246354478,0.08768062092221246,0.0005843040726678922,0.08410292060888057,657.0091883925155
0.081030905201903,0.08664493584028554,0.00043720287303858525,0.08190531094798016,3388.9237618275433
0.07959533651545038,0.08619215933394753,0.0005118448391861055,0.0806190261938226,9482.906160956893
0.08296188323636583,0.08749579272437612,0.0005624728393852261,0.08408682891513629,1175.7596125344273
0.08092142861145828,0.08745358372279245,0.0010602100768057387,0.08304184876506976,369.38970255522145
0.08376947553104301,0.08990170330833949,0.0006197668899589236,0.08500900931096086,668.3378602357876
0.08230116881158558,0.08685495537502476,0.00048777314308456773,0.08327671509775472,1783.6120230411555
0.08388239467544009,0.09018597558414303,0.0005257313932484907,0.08493385746193707,583.499538551926
0.08369616016833689,0.0903123880083258,0.000633156144544026,0.08496247245742494,693.7145839716295
0.0812500526130264,0.08664883435677377,0.00047391389765312193,0.08219788040833265,2724.771157908322
0.08230469715851815,0.08683322175262081,0.0005524548867332076,0.08340960693198457,1531.9444880824205
0.08109934988874647,0.08669568914960563,0.000518421195071287,0.08213619227888903,2651.1326597633074
0.08152368522544559,0.0865019689182364,0.0004933402740095384,0.08251036577346467,2565.92512405936
0.08009116725174797,0.08638486938465985,0.0004625268768298197,0.08101622100540762,6612.394469620862
0.08386279232033746,0.08907160281571175,0.0006268161273389578,0.08511642457501538,798.9449026049441
0.08342821529720039,0.08877754751466056,0.0006535730159766493,0.08473536132915369,819.7171035304822
0.08246717746533118,0.08680171941013805,0.00047244214921910696,0.08341206176376939,1427.5849344752216
0.0826666319187143,0.08740401029317582,0.0005977152003592921,0.08386206231943288,1039.897648587864
0.0796348684960466,0.08620200559020716,0.000496482096737998,0.0806278326895226,9337.953735201714
0.0833917240415838,0.08747953317234151,0.0005542379191937953,0.0845001998799714,888.3835661255275
0.08320119795888543,0.08974092140491143,0.0006517427338260429,0.08450468342653752,690.4748284555873
0.08368237680348832,0.08980679200328505,0.0006292719890203337,0.08494092078152898,665.7639095141319
0.08399324236217376,0.09007950345368862,0.0007470698519707018,0.08548738206611517,367.93588217078747
0.08305980597701068,0.08996162867040348,0.0011113747490976462,0.08528255547520597,408.8753684540117
0.0812286720703725,0.08657308200256747,0.0004340863994082747,0.08209684486918906,3108.99628400845
0.0844674218064346,0.08815740373775509,0.000622835631503799,0.08571309306944219,497.96410167899256
0.08268637693813509,0.08809685066364976,0.0007738875071335514,0.08423415195240219,671.6544444984197
0.08418930467722076,0.08868210878877567,0.0010264743941549625,0.08624225346553069,154.0637731426934
0.08422852424743923,0.08946930116170933,0.0006564693040009733,0.08554146285544117,304.65063116680756
0.08332405915928984,0.08687498381236068,0.0006153016725997421,0.08455466250448933,1094.28657830282
0.08393132714489125,0.08877723979765924,0.0007905134819782345,0.08551235410884772,261.1247493718958
0.08446866589241267,0.08866742644245221,0.0010158585264227456,0.08650038294525816,236.3008264940676
0.08327270487107398,0.08739462285847427,0.000711423065301892,0.08469555100167776,624.701945794931
0.08350585610379357,0.08869402362459125,0.0007739388033107895,0.08505373371041515,593.9454806031447
0.0837988973079101,0.08880503087731616,0.001302933029985744,0.08640476336788158,442.7686992112447
0.08179907705946068,0.08649254286221764,0.0005479505072299924,0.08289497807392067,1767.7308572009913
0.08213853291323867,0.08647497796650228,0.00048673373005732334,0.08311200037335331,1958.0449064939994
0.08427686092334799,0.08909079503916334,0.0006761340106588354,0.08562912894466566,383.43215209834653
0.08369736324394947,0.0890206744379127,0.0008520349514668824,0.08540143314688323,398.83205480582996
0.08018056965724907,0.08640559980511985,0.0004953268029984226,0.08117122326324591,5354.585912623114
0.0829094707233318,0.08696796531741832,0.0005905810902147346,0.08409063290376126,1383.0695897028309
0.08400301921558807,0.08839886181362269,0.0006109787013223461,0.08522497661823276,552.6192382510013
0.08398680382246371,0.08833696602077407,0.0005345871914376225,0.08505597820533896,655.9811001185385
0.08200524542770533,0.08664542439992619,0.0004429753717637162,0.08289119617123276,2236.2844238843413
0.07976098088523542,0.08638571366479553,0.00048065479162718574,0.08072229046848979,7273.765068499918
0.08454710623760858,0.08881794250619957,0.0011401420636539073,0.0868273903649164,112.31235593238854
0.08311693728926339,0.08735846494933253,0.0005368043811454649,0.08419054605155432,667.4173499563901
0.08401876910559287,0.08966399421492034,0.0007087547454993151,0.0854362785965915,134.1552650215651
0.08275182757954397,0.08890983822653777,0.001714769617049412,0.08618136681364279,204.79457898654778
0.08365063301607097,0.08792483006060237,0.0005617860056364165,0.0847742050273438,716.5745331960361
0.07950488405827162,0.08617541765436104,0.0005470915778474629,0.08059906721396655,9668.486837467866
0.08303146048878,0.0893466291304323,0.0010660722924594162,0.08516360507369884,294.77499981380095
0.08318044465084028,0.08705963855959156,0.0005462205303074645,0.0842728857114552,1009.9575665719979
0.08076669909625912,0.08645809371525058,0.00047371747228126414,0.08171413404082165,4989.32273413686
0.08331775862377172,0.08861349508502284,0.0006692851946740487,0.08465632901311981,685.8659441402218
0.08310177462165261,0.08825870742594376,0.0005949931919064511,0.08429176100546551,768.4071767247323
0.08334667578250927,0.08901630291669514,0.0008897461682356196,0.08512616811898051,373.7728348139368
0.08240449568227093,0.08934993651401239,0.001754842388713924,0.08591418045969877,158.35906244697443
0.08366046646492242,0.08778010890844792,0.0006253646413957103,0.08491119574771384,945.5577182193235
0.07975814657076047,0.08625782483088043,0.0004772768314208924,0.08071270023360225,8326.330798685123
0.08351725011389458,0.0879907520385485,0.000633400885319815,0.08478405188453421,806.9439217977296
0.08277624454027703,0.08820033583645423,0.0008882395594614482,0.08455272365919993,345.20083461344103
0.0814783723070959,0.08657436445920126,0.0005461350171250849,0.08257064234134606,2436.5565182922082
0.08291594400099808,0.08702523732926844,0.0005581235692149848,0.08403219113942804,1390.8605281237244
0.08457396865956554,0.088546245541585,0.000700721444494264,0.08597541154855406,488.59412447907187
0.08321162456800711,0.08796373241566806,0.0007446866758110155,0.08470099791962914,558.9982354941903
0.08237838518554076,0.08663982107376328,0.0005572427185161103,0.08349287062257298,1529.2201322184026
0.08393814021522059,0.08732775561102234,0.0005548413206915839,0.08504782285660376,956.6223324915721
0.08327783786475239,0.08768004228755959,0.0005698643957654633,0.08441756665628332,943.7155547945478
0.08179368007227063,0.0867453736627479,0.000505270317185201,0.08280422070664104,1558.1851606981838
0.08291493086467427,0.08743358197641447,0.0005489810864197135,0.0840128930375137,1310.78264692415
0.08383286374408411,0.08900707509693119,0.0007870893841013019,0.08540704251228672,334.28109797432995
0.08375221471979447,0.08773663467000356,0.0006486918825723759,0.08504959848493922,741.4399648908619
0.08391924309765875,0.08859581699240983,0.000680716693324521,0.08528067648430779,562.1493821700906
0.08226910575511816,0.08753794485127753,0.0007021762697808722,0.0836734582946799,867.2736991533783
0.08369527052370401,0.08748958475809956,0.00047312832393778004,0.08464152717157958,1022.7334355669198
0.08222604436050479,0.08738524454011976,0.0005632294381580523,0.08335250323682089,933.045472429822
0.08301821003776493,0.08900993026941917,0.0008198665573190554,0.08465794315240303,162.1764635545019
0.08407174132802511,0.08868096734315632,0.000759740179085814,0.08559122168619675,270.68328091866397
0.08412234069335914,0.0885509100386945,0.0006440847352680825,0.08541051016389531,548.0466280685717
0.08278095420144169,0.08706562872324206,0.000478286894316837,0.08373752799007536,1140.8275792354175
0.08437384869257505,0.08856728910915354,0.0006735813755785094,0.08572101144373208,439.2396276085462
0.08060171326295837,0.08646475951217254,0.0004941078507466403,0.08158992896445165,4246.511685694652
0.080048590660757,0.08634261149128358,0.0004989934397150128,0.08104657754018701,6620.56117305333
0.08383984907509193,0.08955232882649643,0.0008641445647354362,0.0855681382045628,384.27363844919597
0.08338855956942641,0.0881678710499842,0.000572629163034208,0.08453381789549483,917.3398041032632
0.08448275083371985,0.08860300003331018,0.0006755337449008899,0.08583381832352163,370.97828366580967
0.08400899490625588,0.08823897217158665,0.0005292573254955315,0.08506750955724694,712.242913755775
0.08340490729554771,0.08814334204437244,0.000737236777782507,0.08487938085111273,712.942709194373
0.08431438389956777,0.08841371936630013,0.0008868510870218018,0.08608808607361138,338.89767989080616
0.08396132242552577,0.08881749649534401,0.0006779571698449948,0.08531723676521576,444.0905442809314
0.08276352496334591,0.08690572326035527,0.000585083306435803,0.08393369157621751,1197.5029094233546
0.08456994515104085,0.08616175138673515,0.0006525618599072262,0.0858750688708553,576.7482821771603
0.0839926808096923,0.08743676659263687,0.0006240275319467718,0.08524073587358584,650.2843150991137
0.08316864921010533,0.0873079451350579,0.0005070325141451566,0.08418271423839564,995.5015799792264
0.08356031974765492,0.08850420572987522,0.0007438887822984188,0.08504809731225176,368.75914653502036
0.0822702485621748,0.08683394535726612,0.0004909869670667436,0.08325222249630829,980.013112104695
0.08407549877986563,0.08762958603592341,0.0005141020414601457,0.08510370286278592,886.1744920102492
0.08268268953115963,0.08757770718640927,0.0005567644685105945,0.08379621846818082,841.1033569646113
0.08352196791084142,0.08854498739491966,0.0006546030208303083,0.08483117395250203,539.9469774872799
0.08416226153217209,0.08906339019613367,0.0006398105831500834,0.08544188269847225,487.03024337159303
0.08407836023283269,0.08904995061893572,0.0006199862515228127,0.08531833273587831,489.3796284266075
0.08433358217908521,0.08889365253522669,0.0006477239991473432,0.0856290301773799,587.8240786827016
0.08331202820655254,0.08769011942314864,0.0006130883186679854,0.0845382048438885,962.7024346940473
0.08402577189012497,0.08926298399837106,0.0008070092872727484,0.08563979046467048,331.85624980970863
0.0835308363783176,0.08952867067341555,0.001147203537600989,0.08582524345351958,194.7850083022217
0.08393764169567351,0.08968153557552093,0.001055876167128487,0.08604939402993049,179.30748164148886
0.08260532601190511,0.08719826948150204,0.0005351875826845722,0.08367570117727426,1262.293603765962
0.08382559617312674,0.08945580207203085,0.0010581801307096399,0.08594195643454602,322.1485309899354
0.0845147782815601,0.0897402466425585,0.0006996871629438102,0.08591415260744771,250.10114967729723
0.0807455066787202,0.08666795352872504,0.0004886707758468677,0.08172284823041394,3816.459201510023
0.08388296696678058,0.08894796315856168,0.0009580907509579385,0.08579914846869645,298.4001922816982
0.08309298693977078,0.0875303838960561,0.0005362547071651404,0.08416549635410106,1117.8907654869429
0.08378754945846924,0.08879303390927251,0.0006844601533208326,0.0851564697651109,603.1930141638325
0.0839414445694737,0.08961692963580371,0.0008599596472282208,0.08566136386393014,161.0211147726056
0.08425565340869831,0.08927988532152804,0.0006729045497311213,0.08560146250816056,245.40286916574044
0.08386245279986435,0.0895155273502919,0.0008263897947144702,0.08551523238929329,195.73566066415012
0.08459283960150175,0.08875287977143069,0.0007200749010096481,0.08603298940352105,272.807975327746
0.0843686807901035,0.08898869851561043,0.0007018953421479407,0.08577247147439938,200.56384873586398
0.08310607683216238,0.08774473212509315,0.0005179869811858382,0.08414205079453406,1035.9882047119995
0.08378875497913364,0.08912464695145918,0.0008957101913394463,0.08558017536181253,343.25998517139095
0.08325276675580416,0.08871038499513767,0.0005338881614291169,0.0843205430786624,676.2024299949013
0.08417968491532693,0.08916203985753537,0.0006369063504951328,0.0854534976163172,313.4227080167843
0.08375630074104941,0.08951259107632495,0.0009278368832812599,0.08561197450761193,200.62360260387047
0.08422830251472742,0.08889242843368517,0.0007168140497207709,0.08566193061416896,498.1323202193989
0.08282206307746501,0.08679046641180116,0.0005283526279657275,0.08387876833339647,1508.0666539671256
0.08322822202960077,0.08907202007113148,0.0006908798705399807,0.08460998177068073,652.1200892612824
0.08316715933481429,0.08933362703069483,0.0011825420469382996,0.0855322434286909,286.0294657718655
0.08717442515195949,0.08672107385094606,0.0012630525085551817,0.08970053016906986,984.7603197670065
0.08048626865098339,0.08548015919932678,0.000472136422876029,0.08143054149673545,9795.337538494749
0.08749789086339717,0.08803783767546008,0.0010392114490927378,0.08957631376158265,474.0524316153429
0.08711094890768592,0.08589170788975567,0.0012595272109947027,0.08963000332967533,964.5412293019651
0.08029290285527499,0.08553936976435951,0.0004981860105623846,0.08128927487639975,9967.267202957224
0.085512365022815,0.08376711092320978,0.001111666117168207,0.08773569725715143,2292.4158330238406
0.08562212267140577,0.0881037774125102,0.0021283109541155457,0.08987874457963686,120.91111364588356
0.08712831635579804,0.08377118818207044,0.0011788264143433318,0.0894859691844847,1276.519524133325
0.08406262298767253,0.0844513785113744,0.0008425168876672216,0.08574765676300697,3700.769499316585
0.08497785462432977,0.08795771376768076,0.002430397602068169,0.08983864982846611,165.8042961115018
0.08277452765767433,0.08485304272205392,0.0006229112766617295,0.0840203502109978,5257.825719204934
0.08303410464985908,0.08475655563244341,0.0007229070445653313,0.08447991873898975,5002.591629467256
0.08774211829522939,0.087282572342376,0.0008133240265121717,0.08936876634825373,559.0644742989796
0.08714857802740834,0.08619882416935508,0.001125545512939062,0.08939966905328647,851.683564626398
0.08635703766261157,0.08364377751085775,0.0012588662109817204,0.08887477008457502,1633.1490604685443
0.08629859245634801,0.08365576271113463,0.001357924596136861,0.08901444164862173,1643.2871570382804
0.08646502121061257,0.08775676036614881,0.0018737911087419329,0.09021260342809644,174.00201049758317
0.08846913564232012,0.08729130560067849,0.0007014949668688791,0.08987212557605788,550.1594015858359
0.08762289527529306,0.08738394110461381,0.0009421993393416258,0.08950729395397632,565.5989487642784
0.08832228239739644,0.08775080045367108,0.0007181990834347979,0.08975868056426603,399.65805383532495
0.08807887502417844,0.08757835631651087,0.0008379746564062404,0.08975482433699092,356.77032987004793
0.08753660737268376,0.08390096381252889,0.0011011395952306637,0.08973888656314509,1133.8705800284679
0.0866794270599193,0.08389133777701833,0.001303463150369149,0.08928635336065759,1418.2989712299704
0.0860577914616798,0.08333239176948175,0.0012999316918981387,0.08865765484547608,1684.4158546506776
0.08814327127587927,0.08782903410568167,0.000784382014212148,0.08971203530430356,288.7995995761401
0.08707493678197321,0.08507619389013871,0.0011473189661798785,0.08936957471433297,1103.0328692594194
0.08695707501524534,0.08761187471034597,0.001812064285911308,0.09058120358706796,108.25947598427042
0.08054654071683051,0.0854687031534214,0.00046897558648958964,0.08148449188980969,9714.500535130956
0.08664063840634269,0.08442158420483716,0.0013352862470394063,0.0893112109004215,1345.9618769594001
0.08744812120051658,0.08755753212122958,0.0010197788666036886,0.08948767893372396,575.6399461083897
0.08350887244862369,0.08458742463562717,0.0005363647579782265,0.08458160196458014,4571.091422015882
0.08726722998424817,0.0865122207049158,0.0010607477817559873,0.08938872554776015,1217.1678135152952
0.08641610919342343,0.08314779219723033,0.0013634123402089795,0.0891429338738414,1484.347988634298
0.08502933860735226,0.08391374172377007,0.0010298337126682852,0.08708900603268883,2592.9689083890153
0.08745946294316777,0.08605885884424688,0.0011478811565464864,0.08975522525626074,1222.4530450698437
0.08811518714664086,0.08711721970497308,0.001025603162067285,0.09016639347077543,334.81129471894377
0.08703526358153972,0.08749972142764662,0.0010873230876109591,0.08920990975676164,166.80308001913392
0.08743088812733296,0.08733427588671401,0.0008909074202429311,0.08921270296781883,788.9974557218012
0.0879517706540703,0.0872011199519741,0.0007228082874437896,0.08939738722895788,627.818715080217
0.08832792839546864,0.0873768875066323,0.0010991058404327982,0.09052614007633424,231.2161225160364
0.08638567198012005,0.08171230560024545,0.001521626036554195,0.08942892405322844,1220.7036431206373
0.08806583875234036,0.08495386998769627,0.0007013174980529804,0.08946847374844633,822.2887491464123
0.08782857666959518,0.08666647321691114,0.0010988168200726264,0.09002621030974042,739.1879944730075
0.0865724889091329,0.08268743858272853,0.001431821694973539,0.08943613229907997,1270.976779943016
0.08830393236918468,0.08483330751996866,0.0007126422256195764,0.08972921682042384,934.3201474063279
0.08691978060060253,0.08501718973948993,0.0011710747841164521,0.08926193016883543,1426.3270127668115
0.08664078779588781,0.08557828227251797,0.0013602664076575773,0.08936132061120297,1076.1289265857322
0.08729821989884562,0.0878131727775184,0.001348329178820159,0.08999487825648594,223.04850685653622
0.08774651505398724,0.08730994184031561,0.000785887048962332,0.08931828915191191,212.61562023375095
0.0864421856787645,0.0838926030894286,0.0016855869525313298,0.08981335958382715,963.9575734093152
0.0879977287098648,0.08653117030452796,0.0008603523028252798,0.08971843331551536,659.4478943365299
0.0877625432109444,0.08737019321580898,0.0006681851667195514,0.0890989135443835,354.9726489240598
0.08708023321340512,0.08470755348458028,0.0011349341929965322,0.08935010159939819,1218.4657904701264
0.08577782141432409,0.08754470891106092,0.0016793347543103087,0.0891364909229447,144.04349360348172
0.0873361330514025,0.08697061363121524,0.000925300127320535,0.08918673330604357,183.48038755975222
0.0876379226978684,0.08626848251214142,0.0009461024534133425,0.08953012760469509,1108.1559209102124
0.08493803311138903,0.08362206454206378,0.0009929088838191043,0.08692385087902724,2565.092631729733
0.08784978002607594,0.08651175832554366,0.0006322589819701156,0.08911429799001616,679.4788858023821
0.08577276124603124,0.087998556255145,0.002169469510591425,0.09011170026721409,103.8547880195259
0.08690579069313091,0.08473723282052563,0.0012896768906185709,0.08948514447436805,1303.5008783916699
0.08798105996622518,0.08781993486093102,0.0010570762801170284,0.09009521252645925,248.51533034717298
0.08813205332537849,0.08776588654353129,0.0007155456734794703,0.08956314467233743,333.0443367131227
0.08822717115726152,0.08778540385787088,0.0008405753495577013,0.08990832185637691,294.8747289305971
0.0872835752446546,0.08567792894097252,0.0010467847435219728,0.08937714473169855,1377.2074735737567
0.08673764173706026,0.08785102114272426,0.0016843019889255797,0.09010624571491142,219.82744475522688
0.08260796984861075,0.08729441205426709,0.0032976644750830194,0.0892032987987768,245.92420951209533
0.08776774472269361,0.08768171990931481,0.0009041908521030338,0.08957612642689967,284.22027088832994
0.0803954812942642,0.08553248253489679,0.00045395149520289574,0.08130338428466999,9949.81467729771
0.08648077345561518,0.08519744523369019,0.001426568459036589,0.08933391037368836,1260.7466756843414
0.08764221250659798,0.08636458489957421,0.000776772700508817,0.08919575790761562,845.391128256884
0.08749647874727648,0.08773701030019046,0.000993194626950554,0.08948286800117759,159.53061260198578
0.08767838655096796,0.08768350418211189,0.0008496868396947856,0.08937776023035754,329.5732348846326
0.08809488913967871,0.08761660320040242,0.0009705796385656964,0.09003604841681011,226.6080908496512
0.08764944449522703,0.08751953410319496,0.0011161237572700127,0.08988169200976706,165.34176339267208
0.08758633955341551,0.08668576767720254,0.0007559407996324365,0.08909822115268037,584.1144520860973
0.08605772293482114,0.08297480297581238,0.0013493591176652019,0.08875644117015154,1540.4861434021734
0.08706855361416121,0.08573075639831264,0.0011181822014843087,0.08930491801712984,1305.8057867646114
0.08774230458611094,0.08782815955562054,0.0009818256203730229,0.08970595582685699,290.46284329377653
0.08742827086849243,0.08767099792340477,0.0009631922698307252,0.08935465540815388,236.6018583041876
0.0870493727537802,0.08388879072549321,0.0013121952451713107,0.08967376324412282,1179.186294089564
0.08676263340245617,0.08381312771414055,0.0012252431921340942,0.08921311978672436,1451.4573841488407
0.08403775165990504,0.08392389336058906,0.0007790385621648787,0.0855958287842348,3140.9944365979673
0.08740434047966367,0.08726430757663353,0.0010393058044405352,0.08948295208854473,565.0938765816535
0.08707365647072869,0.08686225939761615,0.0012237561858031525,0.08952116884233499,294.59718513865977
0.08742809667437505,0.08792138890863262,0.001213155478555122,0.08985440763148529,188.3352245822118
0.08810829704818497,0.08692342738021633,0.0008318151473177403,0.08977192734282045,652.2408476473307
0.08784136644186143,0.08675306329731612,0.0007723270856216794,0.08938602061310479,696.1103098565304
0.08696214932570347,0.08497448482374756,0.0011427395482528561,0.08924762842220918,1180.9824870189461
0.0878388257944665,0.08773304004137193,0.0009787503660772415,0.08979632652662098,246.93236824087094
0.08695234175053951,0.08739460168459263,0.000952762639281585,0.08885786702910267,413.073160360105
0.08673753618732619,0.08754017976072498,0.001506250175889422,0.08975003653910503,201.1541147119771
0.08824782248628682,0.08535102226693843,0.0008313844519334812,0.08991059139015378,844.8680779933942
0.08783243929061355,0.08707004076275857,0.000922265815527646,0.08967697092166883,545.7669564042766
0.08894795352196673,0.08725441800102612,0.000958754064171436,0.0908654616503096,119.07612486458586
0.08583750304628085,0.08758859920419408,0.001587995912336814,0.08901349487095447,162.74042895371858
0.08595673593724286,0.08728266523843187,0.0021893201857051247,0.09033537630865311,106.09248548312152
0.08811890313763529,0.08767999312759306,0.0009763289225234271,0.09007156098268214,231.52051399645694
0.08725634568674702,0.08757345651508286,0.0009650473473856702,0.08918644038151836,215.10071442456618
0.08709502829980885,0.08765062481848099,0.0008442460678223141,0.08878352043545348,270.8217226816577
0.08824568811189362,0.085585253540494,0.0007605969253362308,0.08976688196256609,811.3469015559948
0.08804005039408346,0.08628904055596591,0.0006297977240179637,0.08929964584211939,795.522347833075
0.08698469642003796,0.08483060975076477,0.0011044338477364034,0.08919356411551077,1117.0411418722745
0.08753101915623078,0.08786348081646014,0.0009160907264678504,0.08936320060916648,264.436519988812
0.08740281180580864,0.08532966018312234,0.0009431148060920187,0.08928904141799268,1095.113790986585
0.0877108895333439,0.08813747378274621,0.0007491209945940161,0.08920913152253193,432.21423200186655
0.080687639493481,0.0853905823635656,0.0005035709684104683,0.08169478143030194,9268.627175542035
0.08673874740542799,0.08351229107207062,0.0013048959618281563,0.0893485393290843,1240.4563696195821
0.08798169176244695,0.08569376430456926,0.0008295148064643117,0.08964072137537557,908.8809229675834
0.08816953301743287,0.08657557124162417,0.0006890529347700342,0.08954763888697294,724.2696854794077
0.0866197347657641,0.08402498781084383,0.001406651080927141,0.08943303692761838,1251.8989602566176
0.08868102076959765,0.08638854250030628,0.0006461540233164818,0.08997332881623062,492.9290857525283
0.08668713071591813,0.08760095988601177,0.0014938429969787218,0.08967481670987558,435.7699632137365
0.08713919685760507,0.08692807211363028,0.0011272294449737972,0.08939365574755266,518.85152904203
0.08623322712147337,0.083292036037826,0.0012890456623895865,0.08881131844625254,1418.4647014407533
0.0875223798594548,0.08660940589149049,0.0008445126687862104,0.08921140519702722,651.5361061907879
0.08831619971708028,0.08740825587964844,0.0008778042546605994,0.09007180822640148,285.5355773771374
0.0871330443562723,0.08743461331836652,0.0019663749584144462,0.09106579427310119,131.61554444046482
0.0856817342360924,0.08746996737351011,0.0018571594779415515,0.08939605319197551,280.0398648857572
0.08733837836653263,0.08763888113802466,0.0014934513923201254,0.09032528115117289,186.96906877439295
0.08627118965722932,0.08307069080014166,0.0012755358887152485,0.08882226143465982,1592.5102743349396
0.08693556755279305,0.0877469334474637,0.0011865332486331003,0.08930863405005926,196.42413477499454
0.08744308159038564,0.0853174488880625,0.00121299321882103,0.0898690680280277,966.5790991424996
0.08646324192455508,0.08804552854846046,0.001276033635317925,0.08901530919519093,173.5455967880329
0.08730969087595938,0.08509787583276232,0.001168701043026885,0.08964709296201315,974.7676728220173
0.086829275499557,0.08450927776704747,0.0010335807204299922,0.08889643694041699,1269.5074334602652
0.08841964968871983,0.08680362719010003,0.0006566079207839721,0.08973286553028778,599.5586300036539
0.08784161333092859,0.08717627712693672,0.0009462411234447938,0.08973409557781818,564.1480060051878
0.08775205305699646,0.08662086097101504,0.0007900758232212389,0.08933220470343894,1053.6625564498681
0.08823542809545216,0.08781114215982094,0.0008183312721332382,0.08987209063971864,234.93212581210088
0.08847624649649076,0.08645211462914859,0.0006230579501965255,0.08972236239688382,598.8582697681758
0.08670451974761806,0.08256929119252679,0.0015437821544620634,0.08979208405654218,1096.6542960210368
0.08842799286851004,0.0875083081755036,0.0009817551980950082,0.09039150326470005,356.7330772854942
0.08777169827612984,0.0872131730835304,0.0008292950112205896,0.08943028829857101,328.1842886334893
0.08884078666655684,0.08684290439816775,0.0007778084009808446,0.09039640346851853,635.9625883414576
0.08841529196396172,0.08651750679046581,0.0008421120027299367,0.09009951596942159,625.7149839380227
0.08798749415891986,0.08671283521692595,0.0006935478396036954,0.08937458983812725,696.6103067524732
0.08683899655854038,0.08776557074117289,0.001746389841019644,0.09033177624057967,190.8130131188668
0.0879016799029224,0.087431606318344,0.0010433233809132665,0.08998832666474893,433.22584290929245
0.08798998717332662,0.08544827371808748,0.0007469208901026447,0.08948382895353191,1016.6345481125499
0.08117125787807948,0.0866450905947874,0.0005722695973264376,0.08231579707273236,9800.21567842749
0.08117397243778295,0.08666161815943821,0.0005803840506910145,0.08233474053916498,9756.080544726881
0.08119604413194417,0.08797046712940827,0.0015296736481552507,0.08425539142825468,645.7305538293091
0.08191235560004537,0.08732768962758772,0.000523363823976429,0.08295908324799822,6482.536996052879
0.08016379661383666,0.08797681143078011,0.0019028659572973355,0.08396952852843133,554.9728614001035
0.08193734762387886,0.08743642390479306,0.0005026827523187104,0.08294271312851628,5767.700481924432
0.08184888885083315,0.08743464257497911,0.0005360431439235973,0.08292097513868034,5847.342327759343
0.08197677429604318,0.08818713122480462,0.000743115626250821,0.08346300554854481,1650.8259168654236
0.08066591998118995,0.08811083016367302,0.001837523986636101,0.08434096795446215,392.6535046828696
0.08145176380389113,0.0869843121955607,0.0005803362401272544,0.08261243628414564,8437.473624646027
0.08141670540294094,0.08807549496036443,0.001492666914082983,0.08440203923110691,340.1080936604664
0.08173247675045968,0.08692797598669773,0.00042263416433265644,0.08257774507912499,8851.379802890335
0.08155832499014533,0.08682162021067512,0.0004378858747546555,0.08243409673965464,9273.797639565359
0.0812913282770371,0.08820450139790234,0.001528728059731994,0.08434878439650109,508.77642075280744
0.08143797134413215,0.08719184687990668,0.001506369563468101,0.08445071047106835,248.29580134869067
0.08160445423987973,0.08688861003607286,0.00043554052300332266,0.08247553528588637,8977.66712064126
0.08208294197128958,0.08754503491600867,0.000497405058263453,0.0830777520878165,5340.423160149756
0.08222988958783277,0.08775604520191786,0.0005175273140818167,0.08326494421599641,3857.0857149999174
0.08222128366092904,0.08793455557846568,0.0006016466395466904,0.08342457694002242,2909.294891595952
0.0816424659984941,0.08774793932130887,0.00169481071957494,0.08503208743764398,299.78839124826766
0.08204569314836145,0.08801516896832882,0.000671703759185749,0.08338910066673295,2468.6480203775745
0.08215821303505706,0.08790049110741222,0.0005214015875099319,0.08320101621007693,3417.5269876540424
0.08151142405388953,0.08685909431095036,0.0004888851122969878,0.0824891942784835,9060.911876166236
0.08227615391013654,0.08781564128582867,0.000500579108558118,0.08327731212725277,3799.7267644777785
0.08118057752558454,0.0866488237848507,0.0005626990502506192,0.08230597562608577,9795.407243800408
0.08180696178796748,0.08919801407726588,0.001641174546789446,0.08508931088154638,458.1712119957732
0.0821910300966587,0.08809607707998843,0.0006420765731640915,0.08347518324298688,2048.2163168690345
0.08201342190591702,0.08828410178489207,0.0007961880463856619,0.08360579799868835,1641.0297384617916
0.08170144341116589,0.08718878309702666,0.000513481348510444,0.08272840610818678,7224.493823136893
0.08143932788668053,0.08679038513906957,0.0004927429306740314,0.08242481374802858,9341.039755568652
0.08198040986413799,0.08748508318622007,0.0005012202202153279,0.08298285030456864,5465.3335441555155
0.08266027010385044,0.08884754256720655,0.0012212886573101428,0.08510284741847073,451.94211570261217
0.08211135042998147,0.08786420841773135,0.0005792407519532166,0.0832698319338879,3302.2268021324235
0.08111376077110818,0.0884029576153987,0.001587992890176636,0.08428974655146146,563.8512195935152
0.08162582208024625,0.0887297576524174,0.001394073069546213,0.08441396821933868,761.4179795856878
0.0820924245862308,0.08827562660729896,0.0008125733623573246,0.08371757131094544,1360.154375660866
0.08147019572625372,0.08682231265932529,0.00048757974934850683,0.08244535522495074,9237.39704057947
0.08208276865997709,0.08804136063686493,0.0006280590288058559,0.0833388867175888,2671.3804381299324
0.08273478120908992,0.08914130404162132,0.001353154575807414,0.08544109036070474,185.437134737705
0.08183835916021523,0.08821287641291886,0.0008631528196351541,0.08356466479948554,1346.1891056034794
0.08117269862888407,0.0881067998779581,0.0014094508574845756,0.08399160034385322,582.7579761781778
0.08254978915017719,0.08901673453048807,0.00117102924151859,0.08489184763321436,558.061854247297
0.08195572005498192,0.08857765716745646,0.0010709867365159143,0.08409769352801374,926.8737159736601
0.08224042052872103,0.08803226649517133,0.0005973726055832629,0.08343516573988756,2261.5219373774785
0.08179532548904299,0.08873909109090752,0.0011211083241172018,0.08403754213727739,986.8148708155906
0.08192261456791954,0.0881144368733232,0.0006913414857272651,0.08330529753937406,1961.7504852071518
0.0823011082756635,0.08876960009633095,0.001126668869423216,0.08455444601450994,762.5576144361294
0.08185445906175533,0.0871554519085744,0.0004493705446707899,0.08275320015109691,7523.111435835568
0.08169036357104659,0.08798067879819454,0.0008068810856107633,0.08330412574226811,2360.7582608807697
0.08192127548320097,0.08860615266935389,0.0010248425218357445,0.08397096052687246,981.6143822909614
0.08338499523277418,0.08923603831046091,0.0011557563319111277,0.08569650789659643,226.35505338018282
0.08254727311110639,0.08894104063570527,0.0011752400777446164,0.08489775326659563,531.9395807984469
0.08320238702847393,0.08931877301848656,0.0011698375500317063,0.08554206212853735,208.98568205074275
0.0813937924964073,0.08813546955384893,0.0010451243148062138,0.08348404112601972,1218.880388564614
0.08130624809702967,0.08818111262593402,0.0012887682962626273,0.08388378468955493,906.8753757199357
0.08205746734520175,0.0889839913193342,0.00119743094196599,0.08445232922913373,588.4633570022066
0.08253916755055388,0.08869129940307065,0.0011191379795362168,0.08477744350962631,812.4769557631628
0.08170669284821118,0.08752086568080046,0.0004978970037690045,0.08270248685574919,4843.466157452069
0.08190942027251016,0.08906123501558195,0.0013667367763277444,0.08464289382516565,390.6779383960165
0.08081802786533883,0.0879194677653942,0.0017282016186654645,0.08427443110266976,498.2498234937162
0.08199620751143899,0.08809680409928018,0.0007425917407467125,0.08348139099293242,2237.326217067327
0.08198459535739216,0.08844244683847208,0.0009343688811479512,0.08385333311968807,1168.8485829961471
0.08215346513698664,0.08812080009754297,0.0006632661926584671,0.08347999752230358,2111.5556555021512
0.08212455369742924,0.08786841964827388,0.0005820393373684547,0.08328863237216615,3254.259190666774
0.08139122919382007,0.08833825802883478,0.0014622091405063827,0.08431564747483283,635.0933834993575
0.08199585407790194,0.08871833378014093,0.0011679051522506987,0.08433166438240335,895.6348112113359
0.08125898990121574,0.08663267568681236,0.0005231025184270307,0.0823051949380698,9832.24761362589
0.08169710036678647,0.08838383855470053,0.0008856204520296504,0.08346834127084578,1325.1424381891288
0.08181253135243013,0.08723208482957237,0.000479708308786748,0.08277194797000363,7068.669601381285
0.0824288889309415,0.0889243277314759,0.0011108845381680842,0.08465065800727767,654.4624551499426
0.08245301437483252,0.089055704027451,0.0011903075650759904,0.08483362950498449,486.42728507423425
0.08252802074105106,0.08915288739426062,0.001123533144118288,0.08477508702928764,387.3425910915666
0.08229557862814216,0.08867929498900252,0.0011197758358202027,0.08453513029978256,676.5935971721971
0.08400517548515934,0.08938721496844354,0.0009001814172463834,0.08580553831965211,179.75332041981298
0.08130933352249563,0.08823152728697797,0.001288756585520965,0.08388684669353756,741.1653427363203
0.08193102877735566,0.08860793184244187,0.0011747840650446553,0.08428059690744497,902.7782062728674
0.08160064549288328,0.08839903867759415,0.00113166078642343,0.08386396706573014,1139.634663840497
0.0818412190727168,0.08903032581646995,0.00141309943293639,0.08466741793858958,560.5983453174092
0.08297150764745997,0.08924242427169732,0.001176644524093349,0.08532479669564667,314.50376899325596
0.08343020452632,0.08924180298634297,0.0009501694298373036,0.0853305433859946,208.57581348085938
0.08390931238532492,0.08952271586820067,0.0010467075544532333,0.08600272749423139,105.18667071428041
0.08345398798379819,0.08958221461093774,0.0009262775643039345,0.08530654311240606,129.6414764376367
0.08335738176231224,0.08936226306652417,0.0012264953473494144,0.08581037245701106,297.85971909579996
0.0807680197040299,0.0881307215794242,0.0013670296803960562,0.08350207906482202,688.2623871557083
0.08292415059172029,0.08920741910643502,0.001079224615704819,0.08508259982312992,547.8692935720584
0.08317914869445722,0.08915641889687848,0.0011009460032608213,0.08538104070097886,279.95152909608896
0.08229012883484538,0.08897439626936772,0.0010975459049194483,0.08448522064468428,399.47382689599607
0.08227208730453407,0.08890799887611127,0.0013616782429387545,0.08499544379041159,455.33083869653103
0.08258124010784523,0.08915764912203543,0.001020318712397923,0.08462187753264108,348.3111460858635
0.08189811173941931,0.0890193955993889,0.001286478019767677,0.08447106777895466,561.9920584232266
0.08377499221352111,0.08891931267187118,0.0008596900355026285,0.08549437228452637,136.59577952041568
0.08130966425281368,0.08817071289000286,0.0013297647365620256,0.08396919372593772,694.2620394527995
0.08259267529258536,0.08922471799870971,0.0012982362019187254,0.08518914769642282,198.43506678078631
0.0819550765681733,0.08897644307947308,0.0014758871140781898,0.08490685079632967,501.57388060763304
0.08361960938321612,0.08893824556416559,0.0007346177828676485,0.08508884494895141,436.4269180689958
0.08206251171942225,0.08893610788803816,0.0013463732753906488,0.08475525827020354,520.9422717163119
0.08196075520622192,0.08931009152338905,0.0014734412809153192,0.08490763776805256,300.7079097226837
0.08246276974294234,0.08853212648885446,0.0010644531201690548,0.08459167598328045,835.4679878421043
0.08103186993565198,0.08843935672930528,0.0014827240101028013,0.08399731795585758,781.9505050935315
0.08334519641405658,0.08856922100508083,0.001136030466493611,0.0856172573470438,297.90792804121764
0.08342874619793085,0.08774123244564902,0.0009355812841247455,0.08529990876618034,110.66160215365913
0.08234098904003508,0.0886192336156292,0.0013654849190580759,0.08507195887815122,200.8298475764118
0.08216264405791854,0.08855779828357976,0.0014538701256303628,0.08507038430917926,278.40744065152063
0.08310345367214264,0.08822077473162064,0.00131969021253527,0.08574283409721319,117.9315127338028
0.08328555793462017,0.08823560952213073,0.0009361945659198455,0.08515794706645986,121.06351893288844
0.08130093769172769,0.08825563666255502,0.001676822724278817,0.08465458314028533,378.6359902732192
0.08280878924628465,0.08861018800681743,0.001291747779034351,0.08539228480435336,243.69010816700262
0.08255944336908323,0.08827218727856896,0.0015015431980086261,0.08556252976510048,297.92004203007167
0.08183489964240098,0.08832898480100573,0.0013995679168721036,0.08463403547614519,499.8324059951289
0.08227863840667136,0.08878559976930041,0.001514585378739483,0.08530780916415033,250.42170012931632
0.08181250536597517,0.08823397281273665,0.0015084287349740363,0.08482936283592325,408.47102259388305
0.08185842518712949,0.08842341924054176,0.0015404900388588428,0.08493940526484718,347.14549056192504
0.08189612493649988,0.08845324529928743,0.0012439861155632648,0.0843840971676264,717.8169819830833
0.08123730161072322,0.08851583570503894,0.0016879892844613039,0.08461328017964583,461.3460187600767
0.08308926198676667,0.08887872311588106,0.0009097932017010724,0.08490884839016881,348.16343386660697
0.08275393232577234,0.08897177264303097,0.0009528869469819872,0.08465970621973631,755.6092997514096
0.08318893365404424,0.08919303792452306,0.000905321037046057,0.08499957572813635,565.9065733535423
0.08200639880394656,0.08942875379334596,0.0015308749395613554,0.08506814868306926,251.00619135321924
0.08116648144902527,0.08849582040749428,0.001444127878672294,0.08405473720636986,574.3220872623396
0.08289602728645598,0.08919827009606121,0.0012861898302186834,0.08546840694689335,247.43950336220664
0.08187547766596585,0.08865676092503673,0.0015954913762694326,0.08506646041850471,209.62422413423255
0.08242115191243791,0.08894189776519723,0.0012997233602721051,0.08502059863298213,376.06753015006524
0.0819145328477021,0.08737538619265434,0.0004548762818268767,0.08282428541135585,6185.614693290453
0.08201415963829072,0.08917706168963638,0.0013176289810296305,0.08464941760034998,295.67498962046653
0.08451355613006625,0.0895173706307032,0.0007783924906295287,0.0860703411113253,110.07244924147143
0.08294660684769059,0.0894681213993324,0.0009443661505941611,0.08483533914887892,426.90231430057383
0.08335431642075508,0.08958843223634554,0.0008378709816299081,0.0850300583840149,213.37539367581167
0.08244234037996177,0.08889691293126899,0.001147643401782173,0.08473762718352612,615.6984918908922
0.08294789434254966,0.08920260040106558,0.0012914665971143855,0.08553082753677843,285.52185832637593
0.0818578085222525,0.08790830727044024,0.0007393819343730053,0.08333657239099851,2287.1147532140244
0.08213127916806294,0.08872678082470614,0.0011389208010999846,0.08440912077026291,775.7326558822386
0.08185074504738948,0.08864279955352257,0.001223928765646913,0.08429860257868331,963.7438109030958
0.08218397131837768,0.08904317610448077,0.0013576138047013654,0.08489919892778042,523.9791582988069
0.08164273267671444,0.08923949038788773,0.00180607207822786,0.08525487683317017,488.52834332194396
0.08270038776506815,0.0884666211825335,0.0013426951083210582,0.08538577798171026,136.59378986132333
0.08275506223057744,0.0896044433755478,0.0014497326745329744,0.08565452757964338,146.50660401557337
0.08320009004043677,0.08913714827335212,0.0008492146246097589,0.08489851928965629,154.0234582551233
0.08327649338883095,0.08952202258854769,0.0009608871974040637,0.08519826778363908,279.17868753179397
0.08310687265538026,0.08929902395545332,0.0011733667254440925,0.08545360610626845,114.63031703122277
0.08385338261468347,0.08981594650682576,0.0009353150649321505,0.08572401274454777,157.69957510093724
0.08433460710420362,0.08924342025333032,0.0009060413927917803,0.08614668988978719,137.34221473202263
0.08238067539809539,0.08842800093809206,0.000990964470157312,0.08436260433841002,891.772059004402
0.08165246714312885,0.08887402573735696,0.0014754869007394566,0.08460344094460776,405.92903406137333
0.08257907925375216,0.08910742710828862,0.001410605670451059,0.08540029059465427,161.54596073622545
0.08222383978384762,0.08884982206356219,0.0012623620628689962,0.08474856390958561,417.80583453832696
0.0838449379005987,0.0894318578416811,0.0008280316397484386,0.08550100118009558,252.91416595844126
0.08275050314741021,0.08897275542674553,0.0012126530846903619,0.08517580931679093,358.9780238723971
0.0835609961233195,0.08944635760715279,0.0009683842098237697,0.08549776454296705,228.69847073908568
0.08243363445670647,0.08936840156911399,0.0011906281751034467,0.08481489080691336,430.18205343943197
0.08162243066280928,0.08828408210475856,0.0011748250048580072,0.08397208067252529,915.6040731773845
0.07904780511670949,0.08764496266282684,0.0005413783375501229,0.08013056179180973,6117.601986080984
0.07904473704617367,0.0876430616655369,0.0004971351783842729,0.08003900740294222,6061.872294114692
0.07849648273130258,0.08658713750928405,0.0005190955888164329,0.07953467390893544,9991.528238032733
0.08090856061514234,0.08846088519597468,0.0004838705487498508,0.08187630171264204,1875.2372026314554
0.08519356873622976,0.0919074716847411,0.0008674871059433025,0.08692854294811636,270.4924620788694
0.08445938965614339,0.09053538601017858,0.0011045346321085876,0.08666845892036056,331.5943230128441
0.08360529237179148,0.09028961139533932,0.0012699210181342075,0.0861451344080599,398.44194909051055
0.08210899327117634,0.09048380029068719,0.002036602707490973,0.08618219868615828,375.1555307012376
0.07934745017963513,0.08781920675007489,0.000509671968774294,0.08036679411718371,5157.2210046380005
0.08094967284893943,0.08852858782556353,0.0004899013000017282,0.08192947544894288,1935.7093659801224
0.08034948653671259,0.08826569344062495,0.0004959147744496587,0.0813413160856119,2929.256456498879
0.07844351274363232,0.0867482231995699,0.0005393015146150017,0.07952211577286232,9841.119399327961
0.08003939933377184,0.08822439006682026,0.000514974358577878,0.0810693480509276,3201.205154533541
0.08066815784153106,0.08849030246773124,0.0005182268399377754,0.08170461152140661,2225.6559943922985
0.07849834168438231,0.08685065871181408,0.0005337308245656955,0.07956580333351371,9664.858231219867
0.08300431995384581,0.09110412665332754,0.0016736179737897293,0.08635155590142528,311.19908718825957
0.0724860665499214,0.09257502399996304,0.007618867329224341,0.08772380120837009,128.37771505099147
0.08213210165185403,0.0891309120466489,0.0009967306576283072,0.08412556296711064,768.9147930600639
0.07952159685149998,0.08790143792853826,0.00047779670289970703,0.0804771902572994,4520.174681966302
0.08185070363753627,0.08887173145341286,0.0006145342452854006,0.08307977212810708,1112.7346403428196
0.07440913528228434,0.09298443893339535,0.007913278442238039,0.09023569216676042,103.16457962707464
0.07352330459003267,0.09276252934966486,0.007819192451891456,0.08916168949381559,122.0749367860918
0.08196195202478644,0.08897048282099061,0.0006621646410536004,0.08328628130689364,889.9010358525463
0.08283729468233561,0.09154015551477587,0.0019192137225732646,0.08667572212748213,271.7659924354385
0.08432240761139817,0.09044601763719637,0.0010463227063097814,0.08641505302401774,359.29023548821647
0.07496719854471258,0.09108087019537472,0.005698214926560146,0.08636362839783288,278.49450991015016
0.07566795423308224,0.0921639844991012,0.005824722855083264,0.08731739994324877,163.16186532265309
0.06959941370400134,0.09204210490663266,0.008932398606986497,0.08746421091797434,152.03571483319186
0.07870407051484984,0.08698787076986032,0.00043990137549641974,0.07958387326584268,9256.031510470968
0.08273008869921603,0.08923892749159185,0.0005951530594989796,0.08392039481821398,877.2214940313493
0.07777974237262551,0.09244965491553847,0.005202983247356226,0.08818570886733797,136.43847506773415
0.0835247509356817,0.09066331879766477,0.0015650006177316453,0.08665475217114499,344.83403439842965
0.08385167619803381,0.09072203867226551,0.001186676366781168,0.08622502893159614,345.9804002277058
0.07436017411049142,0.09309907497540257,0.0069657266129221065,0.08829162733633564,120.3878399012978
0.08253726345305135,0.08923635110123955,0.0011203871044252272,0.0847780376619018,674.7862582740586
0.0798427554851223,0.08810886408403154,0.0004913294432972817,0.08082541437171686,3676.1596672563956
0.08205318710671318,0.0923353181619373,0.002456002290222047,0.08696519168715727,178.77305130690553
0.08085474313617458,0.08860901687252844,0.0004941154166676808,0.08184297396950994,1893.1310499471904
0.07142575301433383,0.09012592093590549,0.007002686657714295,0.08543112632976242,246.91168710499244
0.07418208022265027,0.09270095819753049,0.0075293445019985585,0.08924076922664739,114.98188329457774
0.08264064223323235,0.09078688341677267,0.0019756788635960252,0.0865919999604244,299.92344997785625
0.08422459205406758,0.09033896458432553,0.0011340759511507805,0.08649274395636915,388.91874048722065
0.08265964864467316,0.08919949388069658,0.0008434415696436195,0.0843465317839604,764.363355823734
0.07652370087509204,0.09322434763631586,0.006806991534554192,0.09013768394420042,102.4003198146371
0.07941574151754235,0.08791222713879907,0.0005246424851786994,0.08046502648789976,4456.156864393358
0.08202597103037922,0.08890142705390276,0.0007313067593520589,0.08348858454908334,1069.3288419111516
0.08074201019405236,0.08851407323096995,0.0005236825520024064,0.08178937529805717,2138.643303394729
0.08071357882270205,0.09300867648047674,0.004262013434400051,0.08923760569150216,138.03554543985578
0.08412796950681135,0.0907577032683485,0.0014066034660588894,0.08694117643892914,302.8616067411833
0.08078686692274793,0.0913082379597144,0.0029546964079668844,0.0866962597386817,257.881129018975
0.08178027075491244,0.08902129762647373,0.000840965219486072,0.08346220119388459,938.2220596962201
0.08415020005335103,0.09050295525103469,0.00089998955808903,0.08595017916952909,351.7803486269276
0.07447438518102578,0.09315802682727081,0.007624846073575126,0.08972407732817603,109.46244244013151
0.07845855391291895,0.0866394977715153,0.000535068577406795,0.07952869106773254,9963.788506297627
0.07533171937930742,0.09217631258194271,0.005742521410135654,0.08681676219957873,160.67375445357607
0.08467315193915666,0.09085030971803269,0.0009109423523451228,0.0864950366438469,338.8335788727868
0.07956607972459118,0.08789196036693309,0.0005076292354552318,0.08058133819550165,4706.885338864678
0.07627295751432243,0.09289573940214135,0.0064576706338765055,0.08918829878207545,123.6518040611928
0.08327246542061578,0.0901878603157133,0.0013295363796447923,0.08593153817990537,407.8647998971459
0.07482320162535043,0.09230340437477957,0.00643203528424359,0.08768727219383761,165.09972673931864
0.08218465060679353,0.0891074016569843,0.0008467295564460073,0.08387810971968554,847.4547641918679
0.07518537394964156,0.09222253298522914,0.0061325726846191714,0.0874505193188799,156.82540731223207
0.07996293986749549,0.08810927641181618,0.00047450102261679066,0.08091194191272907,3592.535002718826
0.08121157289266943,0.0887642218095738,0.0004891160065014186,0.08218980490567226,1544.127022750257
0.07299293608229779,0.09237204678630961,0.007655808882442323,0.08830455384718243,146.17763959073093
0.07976640379169031,0.09171482641019636,0.003165709682701751,0.08609782315709381,254.52758240459153
0.07280835877955223,0.09323668890478158,0.007729126248872817,0.08826661127729786,125.67514243643424
0.0836721942961717,0.09099948641986422,0.0012732264134104876,0.08621864712299268,352.5634089289405
0.08042233127884334,0.09147641507753557,0.0033721937840964266,0.0871667188470362,222.95969425911582
0.08420519506262725,0.08985163564448137,0.0009974552540363694,0.08620010557069999,435.8531366792677
0.08034530357578823,0.08826280137033105,0.0005003729068861986,0.08134604938956062,2926.043483184489
0.0825797894101349,0.08944168937838591,0.0008974226734391575,0.08437463475701322,682.5586237111414
0.07869336383574169,0.08714030968924147,0.0004970253918696791,0.07968741461948105,8695.417722109018
0.07274249431693933,0.09231704601856389,0.00754090978578624,0.0878243138885118,131.03648359957612
0.07915704548249859,0.08773546523726251,0.0004655554356552054,0.080088156353809,5529.326706229847
0.08112846641184768,0.09107326907324233,0.002601796663014595,0.08633205973787687,311.8398423309209
0.08426312617614852,0.09081538168018817,0.0010509602976826273,0.08636504677151377,337.58492745064865
0.08399802585917823,0.09067494484858855,0.0011585684133893098,0.08631516268595685,361.3896973013256
0.08371621889711595,0.0905938537871268,0.0010967642458246433,0.08590974738876524,388.6444288820251
0.08321330062402821,0.08962825675478485,0.000925173705047836,0.08506364803412388,526.3558339242871
0.0799534104631548,0.08808834667603846,0.0004786613989651762,0.08091073326108515,3688.429019513678
0.08214743842957048,0.09140183935966502,0.0024543548782203044,0.0870561481860111,267.861281650766
0.082434464052742,0.08916563369517624,0.0005312656262172618,0.08349699530517653,939.7877984965269
0.08286848680275052,0.08963783423331544,0.0010754019105646915,0.0850192906238799,552.3230910801459
0.08000753393005455,0.0922230425275336,0.0035608925607292044,0.08712931905151296,201.25221335598428
0.08302823668294994,0.09120950963691277,0.0015727233749275851,0.08617368343280511,292.7986356390905
0.08373046066656649,0.0907802703805129,0.001374099518385249,0.08647865970333699,320.13595636306906
0.08337265332483518,0.08986073126875901,0.0012362626498384815,0.08584517862451214,483.1857794450557
0.0816257507467781,0.09178732839392992,0.0025986754523800036,0.0868231016515381,230.11538895745915
0.0837913797643941,0.09051666025564355,0.0012714413913066124,0.08633426254700732,372.0146971660671
0.07454311260338686,0.0924990706726671,0.006846234504144379,0.08823558161167562,133.82286257655642
0.0806173812968012,0.09127996443479536,0.0032816018025635914,0.08718058490192838,235.46836339682315
0.08234508313185368,0.08912343597524645,0.000618034423695089,0.08358115197924386,934.7351945119399
0.08198697872397771,0.08897136756064074,0.0005195249163132474,0.08302602855660421,1205.2785823878844
0.08363459539190653,0.09033773228617115,0.0013505555058880244,0.08633570640368257,382.0941753851265
0.08300899336528425,0.09105416352677051,0.001685075132925603,0.08637914363113545,306.1165561837825
0.08336151024466035,0.08978647651131189,0.0007519300219491669,0.08486537028855869,530.4271321066216
0.0718554320460818,0.09200704058748124,0.007690551130176284,0.08723653430643437,156.55453782445858
0.08467808475347358,0.09058212916346564,0.000998064216155367,0.0866742131857843,340.11668424288416
0.08034687766591672,0.0915206614410752,0.0034193834223185215,0.08718564451055376,221.75527104456506
0.08326936327122268,0.08968551823242998,0.0009482292338182702,0.08516582173885923,524.6983207008341
0.08398995914261723,0.09029526843430591,0.000986004690427509,0.08596196852347225,396.07196411255836
0.08368987316963412,0.09005424256945303,0.001139875737478135,0.08596962464459039,412.21514949832437
0.08028818656833651,0.08823141688223314,0.0004704107871169956,0.0812290081425705,3017.1580271682433
0.07954790696319622,0.0919343639201876,0.003489023206583392,0.086525953376363,228.0344059810423
0.07927696287015779,0.091471677431247,0.0037220490678527753,0.08672106100586334,229.90317955120582
0.08208847343733285,0.08914963088099563,0.0010251563004032955,0.08413878603813944,768.3226817603618
0.08447323779989493,0.09034114618592559,0.0009001988129517212,0.08627363542579837,380.0335955161668
0.08416550481711525,0.09006308249040601,0.0008063858704376479,0.08577827655799054,468.23406490380626
0.08002594309097394,0.08823809349391254,0.0005476783082661582,0.08112129970750626,2962.058932544295
0.08322560500426177,0.09032167656135161,0.0011307180549261571,0.08548704111411408,424.77201091966003
0.08373061257868218,0.09010870742613071,0.0012336752402341785,0.08619796305915053,418.4971371916143
0.08461125884268175,0.09049492993189737,0.0009147958590810537,0.08644085056084386,373.3361134975153
0.08277627397721993,0.08951139878735585,0.0009344100769152038,0.08464509413105034,586.3126414192774
0.07637304441654735,0.09165231378709615,0.005176981735245438,0.08672700788703823,206.89624615385475
0.08002222810829326,0.08815067617917391,0.0005016889675177506,0.08102560604332877,3277.5057076820917
0.08276953656990284,0.09115458575441461,0.0017195874917039725,0.08620871155331078,289.2508285227627
0.08102212506332011,0.0885832007405567,0.0005347122102392262,0.08209154948379857,1820.201463288405
0.07139742138684699,0.0930179369773505,0.00786351291615906,0.08712444721916511,128.5292474258358
0.07166911420578478,0.09321736624528162,0.007783878561095377,0.08723687132797554,129.00356985381305
0.0843880390993394,0.09033265265142154,0.0009679016558469752,0.08632384241103334,374.32781253534074
0.08335093840320709,0.09024045120347614,0.0012712485243859416,0.08589343545197897,429.78924814419065
0.08220600708084172,0.09065639022116725,0.002066913993493695,0.08633983506782911,310.71900504127785
0.08297016454039471,0.08959756595406347,0.001134342703881834,0.08523884994815838,527.5811291869157
0.07899902567646473,0.09182631242102517,0.003890540592704166,0.08678010686187307,217.8420330127691
0.08352217977025629,0.08997294611551528,0.0009468423407615157,0.08541586445177932,503.2488839586955
0.07725867070297222,0.09095241075387542,0.004670560702504575,0.08659979210798137,260.49260281920374
0.08267643822569497,0.0906733071940248,0.001846317507355232,0.08636907324040544,345.5298398364768
0.08184990472462135,0.0889731147791577,0.0009383164113599798,0.08372653754734131,923.317278063025
0.07589224275701076,0.09261763535156411,0.007267961917663317,0.09042816659233739,104.31487123190443
0.08279432126157896,0.09012316110796982,0.0015106811043344055,0.08581568347024777,393.4940695709455
0.0841013171557896,0.09032517309891079,0.0009597360204798838,0.08602078919674937,400.73606919432814
0.08268067501543927,0.08935619503822759,0.0009665594564980541,0.08461379392843538,602.3846262284255
0.08027077792658088,0.09117018610167531,0.0035324764903602464,0.08733573090730137,234.82896297859477
0.07761549451812456,0.09125017984048953,0.004858484714038968,0.0873324639462025,219.03270387239644
0.08211730877775936,0.08914599357679767,0.0008233898125715839,0.08376408840290253,786.4305473990526
0.08445924343304831,0.09113000905121244,0.0011381273437493687,0.08673549812054705,334.03889482747945
0.08175641274960156,0.08896910506001877,0.0005162842842768887,0.08278898131815533,1168.7306409590046
0.0823754487879063,0.09113084759909765,0.002216925385948385,0.08680929955980307,287.9441869828737
0.07866570296409217,0.08714448349989788,0.0004976327114360668,0.0796609683869643,8637.365035375702
0.08443733691468952,0.0907643095585003,0.0009575316989387891,0.08635240031256709,374.44623782025116
0.08429925504715423,0.09019930348441318,0.0006935559634194978,0.08568636697399322,410.68751633587317
0.082452728359068,0.0892685627205374,0.0008399091858083226,0.08413254673068464,732.0990183810392
0.07175785327761072,0.09237391926575922,0.007647572632104366,0.08705299854181946,142.76719397756221
0.08245275509695807,0.08957244545947482,0.0012973158316815353,0.08504738676032114,571.6398187647537
0.07603015279281727,0.09193848115901566,0.005454014848526053,0.08693818248986938,187.4418213940824
0.08438574705272454,0.09093367172375835,0.0009268535670028214,0.08623945418673018,335.14504849375095
0.08187032722847619,0.08899006015704451,0.000582840023669228,0.08303600727581464,1086.9015709291539
0.07369510933128372,0.09330787462611391,0.008001189083575368,0.08969748749843445,130.6690079390652
0.0728057278090065,0.09277031222461082,0.00764193811823849,0.08808960404548348,138.12757908037165
0.0834102680994878,0.09098956058595524,0.0014947572169357307,0.08639978253335927,298.5007380357326
0.08398285056338133,0.09080559800522713,0.001157084880945143,0.08629702032527162,337.98248562556216
0.07836891128455328,0.08673856258690926,0.0005810293305028724,0.07953096994555903,9857.464476218931
0.08131253480798147,0.09150719892278142,0.002717751121133437,0.08674803705024833,261.0119102837049
0.08468889675214741,0.09020607434126537,0.0008421630315085422,0.08637322281516449,384.24993902427144
0.08376690980162642,0.09003287750687065,0.0011760219915408435,0.0861189537847081,426.193490700645
0.08289171267820734,0.08928814559385088,0.0009937360911007349,0.08487918486040881,673.7559147935272
0.08302341216516816,0.09101377702070466,0.0017205257173862432,0.08646446359994064,297.7452938507182
0.08409431888064431,0.09077457411114777,0.0010212471382164843,0.08613681315707727,322.4413045251913
0.0842817703913884,0.0903021794824864,0.0008507945683640851,0.08598335952811657,412.80297609566145
0.08382609654601399,0.09023930130329842,0.001066478656972131,0.08595905385995825,391.35443733169456
0.08308420379882948,0.08964012186550929,0.0012344097911503194,0.08555302338113012,451.38724034952327
0.08054369986805737,0.09174587782290593,0.002900007490453625,0.08634371484896462,256.8109703072819
0.08416731102663938,0.09051146021015306,0.0008805418524100047,0.08592839473145938,382.45031768526644
0.08355743140648039,0.09026629168318069,0.001294629351131752,0.0861466901087439,404.3167679874153
0.07977018998174452,0.08794772273493837,0.0004586351336631001,0.08068746024907072,4278.334916081382
0.08411266517248508,0.09109861742832376,0.001176428590714983,0.08646552235391505,349.00787085274413
0.08243300043332698,0.08920549915330218,0.0007890242470238577,0.0840110489273747,735.2678393542687
0.08414751460081685,0.09022719766727196,0.001004360412227683,0.08615623542527222,413.4217302590465
0.08444174399685657,0.09079613344989619,0.0010508360568117752,0.08654341611048012,332.5000428497321
0.08477945325787198,0.09085553661187781,0.0009607601689907142,0.08670097359585341,325.75161556518566
0.08435175720042168,0.09087742842558785,0.0012161800040559796,0.08678411720853364,324.3269764067763
0.07501304590059191,0.09182636364621323,0.0061191199782213174,0.08725128585703454,167.7067275187156
0.07998115281583622,0.09117093296469964,0.0033992031058048735,0.08677955902744597,267.5962040693331
0.07411971888743223,0.0923072074046425,0.0065358947001517165,0.08719150828773566,159.2023629313837
0.07497831530683427,0.09286368165038582,0.006698631526434911,0.0883755783597041,135.55817641423704
0.08376835000041007,0.08990845847468838,0.001005097533333006,0.08577854506707608,461.47160087873016
0.08351221238913187,0.08686949407384975,0.0010559949833120704,0.085624202355756,3301.010380394916
0.08767663677407496,0.08581705762682938,0.0014120346289248154,0.09050070603192459,615.9960912723384
0.0878990185743151,0.0859505227868699,0.0013994139246652536,0.09069784642364562,608.618899546363
0.08201039322664863,0.08674189714689791,0.000828098912689659,0.08366659105202795,5752.29378851088
0.07845313705466353,0.08631133322518313,0.0005788506336108906,0.07961083832188531,9828.652815363397
0.08268343136620081,0.08685492927578088,0.0009281416249713566,0.08453971461614353,4725.14560064854
0.08680888745818321,0.08770979235493966,0.001410834020642487,0.08963055549946819,435.043832619979
0.07992534156791137,0.08652693371139861,0.0006602282041228778,0.08124579797615712,8317.858029057357
0.08772477532488027,0.087112031633479,0.0015673077054403006,0.09085939073576087,606.6803822419195
0.08577054419724343,0.08707951679944856,0.0012397494781417504,0.08825004315352694,1988.657009005517
0.07874712045696136,0.08633940310121208,0.0005168321324614819,0.07978078472188432,9730.810784812918
0.08328454581911715,0.08697488143179924,0.001045114518798945,0.08537477485671505,4034.8976100911923
0.07958907263537715,0.08649218098736362,0.0005858996881984662,0.08076087201177408,8853.307256116565
0.08727058329078495,0.08694629497303086,0.00131552298261387,0.0899016292560127,534.3356251812733
0.08433399828393137,0.08684097476546944,0.0011695743514441755,0.08667314698681973,2573.2798923918
0.08389121123953762,0.08925467774530453,0.0010746156219128646,0.08604044248336334,260.4351648412224
0.07933234061045807,0.08644122797183297,0.0005478593533562514,0.08042805931717058,9164.765171409808
0.08727571674037,0.08641404966299751,0.001454282545697424,0.09018428183176486,780.6907838069909
0.08364760337243524,0.08940033793028127,0.0011187793261529795,0.0858851620247412,217.20687625922147
0.08765429344156267,0.08751321233921926,0.0016385192293826695,0.09093133190032801,580.3817021845987
0.08578541360380465,0.08704708318038225,0.0015029375598875747,0.0887912887235798,980.2556026473144
0.07921372367969298,0.08641540958649593,0.0005648632926382389,0.08034345026496946,9222.13127829017
0.08774135276451471,0.08738760013202332,0.0013295110265037304,0.09040037481752217,526.7217582603412
0.08747771047861008,0.08713447251672261,0.0015135635089067584,0.0905048374964236,600.9830147402924
0.08839344887761666,0.08809725424381859,0.001290096445714118,0.09097364176904489,453.17883664434703
0.08798908608825787,0.08967973902184824,0.00080591858627876,0.08960092326081538,238.7126687702371
0.08820104905469107,0.0864212942439786,0.0013305662403165861,0.09086218153532424,679.1439638639312
0.08833823657208373,0.08683608799350336,0.001263956535375537,0.0908661496428348,544.466777461655
0.08825522185463971,0.08752568221279762,0.0012424026722262457,0.0907400271990922,555.3509503085257
0.08802142506763495,0.08721477071904846,0.0014697355951186603,0.09096089625787228,603.2729169303545
0.08841083252494221,0.08695616080001767,0.0010992993191946637,0.09060943116333153,561.1173087245787
0.08252624043824063,0.08693932864230368,0.0009202239254343671,0.08436668828910936,5042.2456613024815
0.08771739666185399,0.08718767496056619,0.0014502888131869894,0.09061797428822797,543.8095257537458
0.0846172297795742,0.08708919042803406,0.00106516621946736,0.08674756221850892,2758.9028569282527
0.07938084141795221,0.0886815239202621,0.0019483350294750175,0.08327751147690224,113.52815914745855
0.08244454506292384,0.08689275715754721,0.0008907224718344056,0.08422599000659266,5095.048187237958
0.08785103975503367,0.08676443510986867,0.0013936528756641222,0.0906383455063619,641.9804261663099
0.08822920688682513,0.08720868090800511,0.0013077203494593719,0.09084464758574387,591.2775974129314
0.08900884915945756,0.09018699223156938,0.0007390242904928137,0.09048689774044319,296.9020395478409
0.08926814348503627,0.09027887649550048,0.0009673981180749872,0.09120293972118625,389.0000030967206
0.08832932723216616,0.08789587662997891,0.0012848523395688,0.09089903191130376,553.4229178149315
0.08571923033873165,0.08687873795821335,0.0012737473055832028,0.08826672494989805,1560.7678746537956
0.08823848122928371,0.08836051421597284,0.001091073421683453,0.09042062807265061,457.6680904985573
0.08714880581655073,0.08667992283607123,0.0014505705433518281,0.09004994690325438,750.6839439494973
0.08707707329121527,0.08634822567739008,0.0015575671670132322,0.09019220762524173,655.7299905352554
0.07909710994058097,0.08641659468891169,0.0005727453773159455,0.08024260069521287,9305.075828714127
0.08556075019078258,0.0870528195389557,0.001186192217796591,0.08793313462637575,1751.7993733283295
0.0879523168662465,0.08624605970545617,0.0013695770576524775,0.09069147098155145,594.578340404865
0.08528445665977992,0.08777057866536077,0.0016614183242488838,0.08860729330827768,400.82709207995117
0.08793554684773427,0.09037088914554786,0.0009940542449491596,0.0899236553376326,113.42462003374652
0.08866092597335505,0.08911258503386675,0.0010762073421786496,0.09081334065771235,440.87269646135667
0.08820504361886848,0.08808095481387673,0.0012378807937278643,0.09068080520632421,420.4640287568014
0.08896329822401965,0.0891395606198268,0.00141602567977894,0.09179534958357753,419.4319965925836
0.08852244604214632,0.08793990378504685,0.0011204544756035083,0.09076335499335333,410.8471456904864
0.08948226688343595,0.08939929075146757,0.0009417910468010724,0.0913658489770381,391.25383428282885
0.08927785922306955,0.08996743526488192,0.0010958530690279302,0.09146956536112541,398.06271416545394
0.08771537661834151,0.08816333339285821,0.001356273130908252,0.09042792288015802,415.8026290297183
0.08635187771094587,0.09093816978530503,0.0010688855368997956,0.08848964878474545,127.03526814701445
0.08938611517131122,0.08958221005564874,0.0010317108842312326,0.09144953693977369,402.3803741842396
0.08988469595535482,0.08953379778992517,0.0009486894677935978,0.09178207489094202,394.0895352980073
0.0890814787386364,0.08901132245101757,0.0008219248515320582,0.0907253284417005,413.43851927188206
0.08959841019371359,0.0899677574500439,0.0009169616605680174,0.09143233351484963,335.5416181117046
0.08879103955748482,0.08959728207808074,0.0009958995346479374,0.0907828386267807,404.0955365355653
0.07854735106598029,0.09152226663709911,0.0017889916393888713,0.08212533434475804,121.29254375364236
0.08926678011349946,0.0898533118707233,0.000900306678484113,0.09106739347046769,361.6577295918478
0.08840932490462869,0.08987276033077694,0.0008700399834437552,0.0901494048715162,249.0919266218356
0.08961146173414498,0.08919733657276567,0.0010215673416575,0.09165459641745999,460.86896668561167
0.08934182027053034,0.08872485316765041,0.0011054423084748291,0.09155270488747999,445.6963329217754
0.0879901916533,0.0896607166947698,0.0009381140458750259,0.08986641974505005,326.8259893081847
0.08789791499306429,0.08701071792180161,0.0014057407969765919,0.09070939658701747,630.1091679800916
0.08694726242417176,0.08666337471264317,0.0014800943321960328,0.08990745108856384,889.5301146509337
0.08852448333913535,0.08904481855429797,0.001620755723607481,0.09176599478635031,401.65712596201615
0.08818472874118127,0.08811769297397361,0.0012988604499049744,0.09078244964099122,399.54326722920507
0.08742789762715851,0.08694249102784864,0.0016163286493069574,0.09066055492577242,515.3858496895232
0.07829395534820105,0.08626746678774437,0.000527980753491784,0.07934991685518462,9956.987239848828
0.08796996910480223,0.08778460955324545,0.0013613455191193952,0.09069266014304102,474.1468650778717
0.08996035243892876,0.09025171659161055,0.0008522650699167706,0.0916648825787623,323.04794965463765
0.08789577911498649,0.09001893535257978,0.0011501316426771376,0.09019604240034076,173.7416843003065
0.07451144750226187,0.08238836490071515,0.0034020311412045123,0.08131550978467089,110.9097971454757
0.08829363796156671,0.08936792711602991,0.0012293481307162836,0.09075233422299928,318.3030133011001
0.08788096751311289,0.08802998118604793,0.0013516133804100635,0.09058419427393302,446.1652785600925
0.08899679281027637,0.08990787777087295,0.0010390599552381307,0.09107491272075263,356.60321460730273
0.08806434396781611,0.09070459912792035,0.000979828819139378,0.09002400160609486,342.410186983678
0.08834602377668536,0.08797844672992973,0.0013360370917604354,0.09101809796020624,530.4856159886315
0.08822593127438537,0.08770056572003802,0.0012328884379730414,0.09069170815033145,442.3664572826077
0.08825999619611484,0.0877435679760442,0.00137066059146573,0.0910013173790463,455.58293267124657
0.0872768097907949,0.0866499115483949,0.001402707521769913,0.09008222483433473,815.3874467939663
0.0872302069857988,0.08846997648577486,0.0013910421042513524,0.0900122911943015,413.74496584878983
0.07978686571091974,0.08651764036813926,0.0006510408574738321,0.0810889474258674,8665.096580134013
0.0885890209912473,0.08802833021401056,0.0013759960047355193,0.09134101300071834,464.06158068097983
0.08876737174064793,0.08911951881825496,0.001085343671696027,0.09093805908403998,401.91829838287623
0.08899566938388291,0.089296523082326,0.0008467246660422117,0.09068911871596734,312.6899984554425
0.08807328266974648,0.08664230447690889,0.0014004241305372064,0.09087413093082089,668.8612295890294
0.08759477772521536,0.09026362273232849,0.0009956530847116832,0.08958608389463872,277.2281218394412
0.08859195705288582,0.08946450970913931,0.0008161391522144546,0.09022423535731473,361.2325515232115
0.08894701407767576,0.087666785423594,0.0012219362000420399,0.09139088647775984,509.64416139650723
0.0888242155332972,0.09013274124173222,0.0009504133072426895,0.09072504214778257,386.8529621543304
0.08815731720395725,0.08924030246048553,0.0009452618849278855,0.09004784097381302,302.33261309369226
0.07922321850373193,0.08641879750231313,0.000512989291740946,0.08024919708721383,9337.963720492266
0.08846146225967992,0.09082050647163546,0.0008540128530760817,0.09016948796583209,172.82401702990845
0.08814790276704078,0.09045440582567511,0.0009939920092398712,0.09013588678552052,297.91353981480887
0.08781415471605264,0.08965922538555202,0.0010324828912827838,0.08987912049861821,252.48081730627953
0.08846353779610017,0.08736574599836427,0.0011927154168675615,0.09084896862983528,516.0625263888797
0.08877953140989714,0.08965636365689482,0.0009656995850673775,0.09071093058003189,353.4947415786986
0.08623334264013822,0.0904438894682267,0.0008299561019880793,0.08789325484411438,103.5917258226396
0.08716925081546562,0.08660890726863678,0.0012441230789706477,0.08965749697340691,997.3926593301541
0.08816810750182219,0.08760343223776826,0.0013643401461775192,0.09089678779417723,434.05341506433734
0.08823794842239963,0.08807684329981291,0.00141973184898937,0.09107741212037837,444.80401142562215
0.08852593552456442,0.08996298812663445,0.0010998484337078644,0.09072563239198014,366.4573149293055
0.0882426061954618,0.0869345101337541,0.0013982027108541577,0.09103901161717011,769.6913210736462
0.08761796137601789,0.08712144549561418,0.001429164129500035,0.09047628963501796,539.6293107605416
0.08814212171538334,0.08711952495862528,0.0014274973427939053,0.09099711640097115,545.1575660601112
0.08987250209618977,0.08976888863495833,0.0008378100958535768,0.09154812228789692,407.4254069961575
0.08846650166856992,0.08945481870391227,0.0011280951121869925,0.09072269189294391,390.003935297459
0.08893564972718493,0.0894137951788807,0.0008800258201125431,0.09069570136741001,322.58017179330034
0.08763958095195244,0.08833696143079353,0.0014604775530171101,0.09056053605798667,508.02795793625165
0.0889053164057961,0.09036676898702825,0.0007451870845239839,0.09039569057484408,301.09407400039476
0.08898541949055008,0.09072756423452634,0.0009184001941993308,0.09082221987894874,350.50716474393397
0.08911408915745166,0.08860046459156999,0.0008089435046208277,0.09073197616669332,421.9592403204021
0.08853193581841257,0.08975543953430733,0.001062620543180724,0.09065717690477401,356.5483809581673
0.08877151109115992,0.09074866728088425,0.0008852442362856949,0.09054199956373131,166.7195047939988
0.08766074441327835,0.08951741850267858,0.001239503181805172,0.0901397507768887,368.0409199434768
0.08944331273388982,0.08882773950760979,0.0011507905553356397,0.0917448938445611,481.9086759865605
0.08827033260016381,0.08800605502115318,0.0013146149361323589,0.09089956247242853,447.08616868682793
0.08806967415750892,0.08740070940529229,0.0013112827451673087,0.09069223964784354,549.0335293072512
0.08744896896463768,0.08979463193292356,0.0011946497538146748,0.08983826847226703,363.0000118959755
0.08917085412768842,0.09053924830916901,0.0008363109353750699,0.09084347599843856,317.69974502979284
0.08826178857572994,0.08805537825005899,0.00122553975603744,0.09071286808780482,433.725074703934
0.08875024491404992,0.08849366848235843,0.001227328453512975,0.09120490182107588,459.16332807457
0.08847431013786247,0.08815400201470837,0.0011141154262574863,0.09070254099037744,420.3739136878124
0.0878304730874702,0.08806031892384976,0.0015563679637526442,0.09094320901497549,515.9763251252318
0.08819413898796438,0.08924412209700285,0.0009404574785388067,0.09007505394504199,238.76047975644332
0.08863524269070959,0.08834195222641676,0.0013710869992024845,0.09137741668911456,437.2015758211151
0.08830578131970765,0.08775120327337076,0.0014374913368428873,0.09118076399339342,483.0676851392797
0.08867996225297115,0.09025386858258302,0.0008533492792768951,0.09038666081152494,361.1894767829647
0.08819247150211049,0.09028800203778244,0.0009258872726802823,0.09004424604747105,236.91751348162796
0.08878103095473037,0.0888295918122179,0.0011711220171943685,0.09112327498911911,443.7205231130542
0.08912103647955039,0.08957512891293869,0.0009854374327956873,0.09109191134514176,401.23200329449156
0.08894208946505894,0.08907016491776909,0.0011671767468321337,0.09127644295872321,461.46949556566415
0.08893389432702152,0.08906045704416057,0.0010634267190427942,0.09106074776510711,408.90736600593823
0.08799546606370762,0.08705155698198709,0.0013799334104298896,0.0907553328845674,483.0542638590372
0.088563133682836,0.08972663045113785,0.0009100585264894999,0.090383250735815,361.36120676119145
0.08606018789396258,0.08974673138525764,0.0011704467049757758,0.08840108130391414,200.00873932353508
0.08525073507651448,0.09078786440711271,0.0009080972421097441,0.08706692956073397,139.8894672797394
0.0864130438643758,0.09014909618195958,0.0012292083478333434,0.08887146056004248,187.64384708602105
0.08872700366244014,0.08918181210420036,0.0011707657516235486,0.09106853516568723,399.67089900710045
0.08851303783828032,0.08945696212916404,0.0010467807439441404,0.0906065993261686,345.35738598552564
0.08821077141543977,0.08805583105283349,0.0011638174104095069,0.09053840623625879,413.02293397804885
0.08833931661578931,0.09000514751882265,0.001006039525641957,0.09035139566707322,358.7562852781349
0.08301625737538622,0.0811001641727639,0.001655265115663704,0.08632678760671363,117.9997542403299
0.0786298128289445,0.08677825060608584,0.0005226683967025067,0.07967514962234952,8595.89638207292
0.08115218745829075,0.08855242707281087,0.0005734117355541083,0.08229901092939897,1908.8510344885708
0.07840984261307471,0.08671238471188046,0.000599777816998911,0.07960939824707253,9038.067726888257
0.08043428221403631,0.08831885765099269,0.0005998226482622108,0.08163392751056073,2351.127063216331
0.08004305595182298,0.08817402409469878,0.0006218698805632254,0.08128679571294943,2388.2895601901528
0.07851595654588742,0.08671019366924365,0.0005450313028679816,0.07960601915162338,9105.89521658935
0.07864871798010942,0.08662626279865399,0.0004854432787716,0.07961960453765261,9568.905900288406
0.08256416434399243,0.09056167443791936,0.0031585388732695277,0.08888124209053148,125.20459195063351
0.0804704900271172,0.0883612662743327,0.0005182163174859127,0.08150692266208903,1853.757543393875
0.07956062896774309,0.08780617652891673,0.0006207846850716851,0.08080219833788646,3208.4148540506617
0.08322727107295819,0.09085518197692466,0.0006051341362228968,0.08443753934540398,795.6088745672913
0.08403115240517058,0.09175714340323364,0.0008416404106786342,0.08571443322652784,421.1481962547114
0.07925907822122942,0.087314256252302,0.0005531706657435435,0.0803654195527165,5198.296446740702
0.08329760227102302,0.09178087728729742,0.002114039077497222,0.08752568042601747,143.38228260119016
0.08329303663142389,0.09122050771308036,0.0027025492087874637,0.08869813504899882,174.78147182312898
0.08377227309400118,0.0917458779243552,0.0007207143252678891,0.08521370174453695,605.9486309980084
0.08417750940718022,0.09182642328151391,0.0005683792583793404,0.0853142679239389,600.195516277393
0.08218948860428156,0.0898777196568029,0.0006553139371441855,0.08350011647856993,1068.824669812164
0.08507788739991042,0.09269958531214426,0.0011509673919003374,0.08737982218371108,364.93257219537315
0.0845010813208932,0.09267102635112982,0.0010915590478545196,0.08668419941660224,476.07658065848403
0.07945988474407212,0.08763162915501979,0.0006322536819122794,0.08072439210789667,3972.4092741795353
0.08430296740023864,0.09180699583072464,0.002411335050726144,0.08912563750169093,187.39360785883713
0.0845179291269143,0.09236955806997747,0.0014373882502572157,0.08739270562742874,351.1713399603346
0.08490450029168643,0.09276465290374813,0.00109471012268082,0.08709392053704808,417.3287026926769
0.08122997930396553,0.08888341194942619,0.0006287352523500316,0.08248744980866558,1691.7997065643706
0.0833746319880517,0.09090028766039208,0.0029471928672257677,0.08926901772250323,173.70876019225955
0.0844653756819183,0.09223348298618392,0.0019862110088917457,0.08843779769970178,270.37937962440986
0.08265269649107948,0.09092801024347584,0.0008133609540988534,0.08427941839927719,677.4674475350203
0.08149729407484062,0.08936649447584,0.0006120759683023918,0.0827214460114454,1361.738527312558
0.08281894937862812,0.09002093821304709,0.0005733034534692714,0.08396555628556666,1010.6927405093923
0.07863614659677412,0.08651616108970193,0.0005218060698995283,0.07967975873657318,9959.868980688892
0.08430013420185775,0.09230516450652075,0.001580374302103749,0.08746088280606525,243.05625811729684
0.08264443511816985,0.0904716014965267,0.0005518381682998112,0.08374811145476947,911.4439059017009
0.08457067305055258,0.09231388284351005,0.001627895004865663,0.0878264630602839,314.2698535029649
0.0811887987666852,0.08866463273467318,0.0006076258336792138,0.08240405043404363,1895.3898719728866
0.08446195331726555,0.09175709431339162,0.002014945758075198,0.08849184483341595,205.35298373560602
0.07861858016788272,0.08657105696354858,0.0005008441814217819,0.07962026853072628,9809.399167321119
0.08474047596062699,0.09265202770301706,0.0011474554825784808,0.08703538692578396,377.02891726983177
0.08376095856286965,0.09121024124037092,0.0006212413610615778,0.0850034412849928,705.6024990341299
0.0827291669021466,0.09047087686504061,0.0005454392334151937,0.08382004536897698,843.536050266499
0.0848130552957346,0.0925136836550027,0.0009972491652626059,0.08680755362625982,396.7348147141563
0.08438100365516797,0.09246333409421845,0.0014807434155742261,0.08734249048631643,289.3250291068628
0.08151633616560734,0.0890232895756505,0.0005839128451123919,0.08268416185583212,1511.7242089022745
0.08443753842423715,0.09213951462041564,0.0006808533938667833,0.08579924521197071,574.8216203652297
0.08461264999072217,0.09188715821190266,0.001708609691052679,0.08802986937282753,326.3929844091766
0.08495368451743283,0.0925389194151964,0.0010737190147735555,0.08710112254697995,399.0985764987988
0.08397914753137765,0.09220626060257084,0.000750354498720401,0.08547985652881845,595.4757636815748
0.08437179994291048,0.09254483055696865,0.0007341751764319892,0.08584015029577446,453.9692972504372
0.08420461192530204,0.0918086945838976,0.0020216629559417884,0.08824793783718562,279.542391513439
0.07880194875326203,0.0870954948512128,0.0006584702182063798,0.08011888918967479,6394.558786748886
0.08323732296206682,0.09084996629327152,0.000643164932008935,0.08452365282608469,735.3112885643377
0.0837783313744195,0.0910389089810603,0.0005542448744407576,0.08488682112330102,716.2887460665635
0.08540291071262315,0.09253249690809534,0.0010122998647241123,0.08742751044207138,237.3416096752444
0.08456280149271614,0.09188148296602346,0.0019364265619618445,0.08843565461663982,226.78275435497895
0.08412849737622938,0.09254314418603728,0.0007307900455103773,0.08559007746725013,512.3969381557704
0.08442719950521645,0.09170748169849414,0.0018605714935482555,0.08814834249231296,123.96446816454265
0.08508733550155397,0.09234708924769866,0.0009986933932866538,0.08708472228812728,403.29690720549263
0.08269321508920426,0.09013413468283485,0.0006513040070863624,0.08399582310337698,929.5412028189535
0.0849688904129903,0.09260707620976363,0.0012219259639967511,0.0874127423409838,314.3159974573134
0.08440215430037869,0.09249698883767561,0.000753140467432195,0.08590843523524308,449.4667875826144
0.08360988795586606,0.09151038298531804,0.0006191457041275769,0.08484817936412122,675.900130328834
0.08571079392474447,0.09257873410495021,0.0007143970656178231,0.08713958805598011,444.368760340015
0.08573097521217918,0.09272223926479922,0.000949502691745759,0.08762998059567069,358.34955320984807
0.08008942518593348,0.08803104037291772,0.0006220307895179809,0.08133348676496945,2769.529225539357
0.08493256995109391,0.09254751307677589,0.00095304064578384,0.08683865124266159,378.309370929656
0.08442989165610008,0.09245947974213366,0.0008375140310975187,0.08610491971829512,485.69155685692084
0.08352000484370213,0.09111379613055148,0.0005878784928735808,0.0846957618294493,753.9463265378313
0.08272106628308508,0.09032503196600289,0.0036206502927469556,0.08996236686857899,103.65482551800629
0.08494570830063386,0.09258867566847138,0.000989721935410573,0.08692515217145501,460.0447315915869
0.08350223153480288,0.0911280589936303,0.0006363753027294992,0.08477498214026187,656.5963125915234
0.08343100331749277,0.09127939875832704,0.0006585629646343299,0.08474812924676144,687.4261018820702
0.08246425852987248,0.08953838183541188,0.0006913712166807276,0.08384700096323393,1134.713673241194
0.08453707995258256,0.09217225007163826,0.0005846771491248352,0.08570643425083223,565.6517233761443
0.08504360901127356,0.09278541903135763,0.001038152020884987,0.08711991305304354,384.2069752060587
0.08547247772037067,0.09286047490722212,0.0008819328940268165,0.08723634350842431,303.0524928996603
0.08448037882432109,0.09213765015261942,0.0017200532036661894,0.08792048523165347,334.26689695220347
0.08291466373578153,0.0904577249331617,0.0006460589213143298,0.08420678157841019,907.9389121357365
0.08420591665955511,0.09261585701104193,0.0011794399951711428,0.0865647966498974,212.2727994863642
0.08451413051947305,0.09214000550759044,0.0006095801895583743,0.0857332908985898,557.6814041237262
0.0840239756556388,0.0926206693714195,0.0007643999621871631,0.08555277558001312,506.72173865878176
0.08517461173105849,0.09252852357281686,0.0008636997674299754,0.08690201126591844,328.46403790763213
0.0841311370362445,0.09192438634852511,0.0017185344726769847,0.08756820598159847,261.6902190892316
0.08396610004342905,0.09159166847828991,0.0006188240041377329,0.08520374805170453,629.1317894858443
0.08427147143586385,0.09241222714849148,0.001117318886560585,0.08650610920898502,417.38399566240514
0.08361011783185307,0.0909132838008729,0.0006676342455375167,0.0849453863229281,784.2581326569996
0.0847557866811165,0.09289099760665837,0.0006816202701016169,0.08611902722131973,463.02654970439363
0.08420261375376195,0.09164919444258265,0.002336901254876505,0.08887641626351496,233.32882543512912
0.084441484957251,0.09232256089859933,0.000724406840217105,0.08589029863768521,421.0996131182154
0.08469713880036513,0.09258180159943839,0.0009257337708125566,0.08654860634199024,491.52624287623775
0.08427641755923009,0.09243519069424942,0.0007262004227361384,0.08572881840470237,423.38905716158797
0.08318732217542024,0.09140063002235632,0.0006673703764046174,0.08452206292822947,684.3376482529372
0.08427073237780047,0.09217771994496517,0.001659437330015535,0.08758960703783154,316.1424098916843
0.08489871222541984,0.09249917636128256,0.0007871855878672548,0.08647308340115435,502.16821963193655
0.08453158532809657,0.09244050844356798,0.0008353892943364926,0.08620236391676955,511.2726480898233
0.07870691771810226,0.08693733395445927,0.0005733778158360973,0.07985367334977446,7468.471879936376
0.08452571758958156,0.0923934097597978,0.0008574841291174169,0.0862406858478164,519.2087277857615
0.08450375983706035,0.092082064304411,0.0006094342829370027,0.08572262840293436,590.2825433423706
0.08513846294282403,0.09270090367662714,0.0007793947972849281,0.08669725253739388,422.4512382574764
0.08515780989142577,0.09241356427194657,0.0009086329879597954,0.08697507586734536,390.96782544703456
0.08473763161513989,0.09272478955057374,0.0009489198577724183,0.08663547133068472,400.9918289450583
0.08398963570739235,0.09179730077308614,0.0021135576139695443,0.08821675093533143,143.7137471528346
0.08483327724883148,0.09245253513703026,0.0010224188828791528,0.0868781150145898,366.89916291348436
0.08451848598893984,0.09228795968338174,0.0006157900230568013,0.08575006603505345,399.12062425120615
0.08353217955249395,0.09183031674038228,0.0007025332994142269,0.08493724615132241,566.9315383411313
0.08451378846070898,0.09240447617836528,0.0016963818972524289,0.08790655225521384,271.8057053085999
0.08412136673139367,0.09153446482489554,0.0006286752506431777,0.08537871723268002,651.8726093249148
0.08464960631922182,0.09258955802069059,0.0011111686642153412,0.0868719436476525,405.00661994444044
0.08509499356276104,0.09181232724126356,0.0017668816672833933,0.08862875689732783,248.21212497885693
0.08547224026071136,0.09219215685549266,0.0011131086750184207,0.0876984576107482,237.19173236849124
0.08399904676443305,0.09154934309545898,0.0006147296563796012,0.08522850607719225,585.4387315300227
0.08443382214903444,0.09253272248073646,0.0012324390989518128,0.08689870034693807,353.5931148871716
0.08487153998394895,0.09268888218712806,0.0007053157841744004,0.08628217155229774,460.3174764268025
0.0855670637465383,0.09254325777771155,0.0006356803489497842,0.08683842444443787,407.24681496427866
0.08477245660935825,0.09263336096223371,0.0007002626642783071,0.08617298193791487,370.9785676444487
0.08493619819876537,0.09237417449378416,0.0011532156284415037,0.08724262945564838,304.34477760687633
0.08396781131411885,0.09195005484783218,0.0022082412744161865,0.08838429386295121,244.04140530672703
0.08438150438374119,0.09195441095843238,0.0006023255334385577,0.0855861554506183,606.7219704859926
0.08461955315331153,0.09266383894383544,0.0010699515713306958,0.08675945629597293,272.326935551499
0.08436857631811913,0.09225579597099233,0.001370583912001608,0.08710974414212234,366.30185689993783
0.08287345738525864,0.09142071168399656,0.0005980473944188282,0.0840695521740963,673.5710136135781
0.08395289606849626,0.09048179237968353,0.0029604176337814266,0.08987373133605912,120.60752566767158
0.08374669690026199,0.09236918294420395,0.0017919486915564267,0.08733059428337483,213.88557978184937
0.08481065866144705,0.09248590314327802,0.0006332306429329849,0.08607711994731301,479.19066653488534
0.08278139638520172,0.09056010445244761,0.0006189331736712655,0.08401926273254426,802.33797767918
0.08468143837681943,0.09246420781851224,0.000963204316239774,0.08660784700929898,506.66007947696704
0.08508245749194683,0.09214341908972318,0.0009441248800952213,0.08697070725213728,317.86533530714917
0.08235316265813511,0.09001077827300175,0.0035637311871509637,0.08948062503243703,111.88063160563428
0.08459834461840332,0.09215299497115972,0.0017047020543864077,0.08800774872717614,202.80795989526163
0.08367070656616386,0.09205110659417758,0.0007137849378474386,0.08509827644185874,579.0460008749479
0.08511980849302998,0.09247590240330336,0.0012082377689089068,0.0875362840308478,247.79927390815826
0.08484434338694945,0.09252072986226596,0.000995268530644292,0.08683488044823803,407.26712822856314
0.08515076696061008,0.09191079126865935,0.0014900620657615597,0.08813089109213319,301.78922956133346
0.08555786449303901,0.09220473015274872,0.001064920072594124,0.08768770463822725,347.45243788551596
0.08451467303741723,0.09241898021475285,0.0012631899570357792,0.0870410529514888,224.87947340399114
0.0843944456079855,0.09228493888244335,0.0007909940499266221,0.08597643370783874,492.852590025915
0.07868764320909576,0.08656498192617722,0.00046962226099449175,0.07962688773108474,9811.816727528825
0.08505728273719873,0.09250980640669405,0.0009394360194097946,0.08693615477601832,499.5206813358212
0.08215536320737507,0.08972298085310151,0.004034522813708979,0.09022440883479303,104.71797103273877
0.0841576372328057,0.0913824025568463,0.0020876408895065604,0.08833291901181882,226.2496347491897
0.08478364244568837,0.09253396057741568,0.0011640457283776512,0.08711173390244367,420.7038065622049
0.0839140090923354,0.09127006410783298,0.0006532761928736031,0.0852205614780826,645.3925051528303
0.08478028968136377,0.0923589362723296,0.0010312217666866266,0.08684273321473703,323.55700630478543
0.07949012317705843,0.08756508517286077,0.0005663795737671372,0.0806228823245927,4032.237080165216
