dataset,bias,seed,run_tag,arm,trials,diverged,V_logger_greedy,V_logger,native_trial,native_V_greedy,native_gain,native_V,native_lambda,common_trial,common_V_greedy,common_gain,common_V,common_lambda,best_trial,best_V_greedy,best_gain,best_V,best_lambda,native_anchor_R,native_logit_scale_s,native_changed_share,native_changed_gain,native_changed_loss,native_val_nll,native_dr_greedy,native_dr_greedy_low,native_lr,native_num_epochs,native_batch_size,native_lr_decay,common_changed_share,trial_mean_gain,trial_median_gain,regret_native,regret_common
anime,high,200,run_shared_tune_s200,shared_iw_likelihood,20,0,0.11512,0.0928332,14,0.120165,0.504567,0.0447534,0.001,5,0.129577,1.44574,0.0535964,0,5,0.129577,1.44574,0.0535964,0,0.00149156,0.264693,0.128168,0.00708007,-0.00203441,0.383687,0.13017,0.118976,0.000142808,5,1024,0.8314,0.467022,0.517872,0.709082,0.941173,0
anime,high,200,run_shared_tune_s200,shared_iw_likelihood_clip10,20,0,0.11512,0.0928332,0,0.131969,1.68487,0.0388836,0,5,0.136032,2.09121,0.0444195,0,5,0.136032,2.09121,0.0444195,0,0.0212343,0.145216,0.430605,0.0245877,-0.00773891,0.325275,0.145806,0.134693,0.00020482,6,512,0.969349,0.631762,0.362983,0.632864,0.406334,0
anime,high,200,run_shared_tune_s200,shared_likelihood,20,0,0.11512,0.0928332,9,0.175083,5.99629,0.0399187,0.001,9,0.175083,5.99629,0.0399187,0.001,9,0.175083,5.99629,0.0399187,0.001,0.246744,0.106177,0.859982,0.0692652,-0.00930232,0.309322,0.169255,0.161045,0.00142531,17,1024,0.885203,0.859982,3.05511,2.93034,0,0
anime,high,200,run_shared_tune_s200,shared_opc,20,0,0.11512,0.0928332,7,0.166328,5.12084,0.166353,0.001,7,0.166328,5.12084,0.166353,0.001,7,0.166328,5.12084,0.166353,0.001,0.138238,37.2712,0.796567,0.0609991,-0.00979079,,0.17889,0.169653,0.00127206,18,512,0.925237,0.796567,3.81459,3.86598,0,0
anime,high,201,run_shared_tune_s200,shared_iw_likelihood,20,0,0.127521,0.102535,9,0.115267,-1.22541,0.0511221,0.1,13,0.124928,-0.259367,0.0378604,0.001,10,0.126042,-0.147911,0.038393,1,0.0762898,0.404483,0.64709,0.0167562,-0.0290102,0.596826,0.112211,0.103605,0.00162217,20,512,0.943761,0.110342,-0.684971,-0.456392,1.0775,0.111457
anime,high,201,run_shared_tune_s200,shared_iw_likelihood_clip10,20,0,0.127521,0.102535,5,0.128402,0.088078,0.0351823,0,17,0.129413,0.189126,0.0375134,0.01,17,0.129413,0.189126,0.0375134,0.01,0.000713421,0.138767,0.0743027,0.00291778,-0.002037,0.323212,0.128643,0.118004,0.000154331,5,2048,0.935601,0.244403,-0.407776,0.0136306,0.101048,0
anime,high,201,run_shared_tune_s200,shared_likelihood,20,0,0.127521,0.102535,14,0.176878,4.93568,0.0388701,0,14,0.176878,4.93568,0.0388701,0,14,0.176878,4.93568,0.0388701,0,0.157948,0.104495,0.761552,0.0586252,-0.00926841,0.315415,0.177118,0.167555,0.000785293,21,512,0.835128,0.761552,3.35214,3.37821,0,0
anime,high,201,run_shared_tune_s200,shared_opc,20,0,0.127521,0.102535,7,0.174748,4.72268,0.1748,0.001,7,0.174748,4.72268,0.1748,0.001,7,0.174748,4.72268,0.1748,0.001,0.174657,36.0225,0.796705,0.0585058,-0.0112791,,0.182573,0.173371,0.00165164,26,1024,0.952545,0.796705,3.81027,4.08568,0,0
anime,w-high.g-none.v-none,200,run_shared_tune_s200,shared_iw_likelihood,20,0,0.224104,0.180632,11,0.227993,0.388904,0.0851678,0.01,5,0.227462,0.335822,0.0876454,0,0,0.230693,0.658903,0.0833914,0,0.00864928,0.331736,0.299532,0.0112211,-0.00733202,0.582673,0.233106,0.219426,0.000308424,20,2048,0.861562,0.529017,-0.4493,0.307153,0.269999,0.323081
anime,w-high.g-none.v-none,200,run_shared_tune_s200,shared_iw_likelihood_clip10,20,0,0.224104,0.180632,5,0.226586,0.248222,0.0548945,0,0,0.232215,0.811105,0.0525571,0,0,0.232215,0.811105,0.0525571,0,0.0442712,0.190643,0.544149,0.0189088,-0.0164266,0.480619,0.233394,0.220543,0.000355498,9,512,0.91708,0.314937,-0.813504,0.404542,0.562884,0
anime,w-high.g-none.v-none,200,run_shared_tune_s200,shared_likelihood,20,0,0.224104,0.180632,4,0.257733,3.36291,0.0504453,0.01,5,0.255416,3.13124,0.047322,0,16,0.258244,3.41403,0.051493,0.01,0.120653,0.145669,0.780278,0.0433246,-0.00969549,0.460563,0.244536,0.233199,0.000889318,20,512,0.930386,0.667369,2.58838,2.71189,0.0511228,0.282791
anime,w-high.g-none.v-none,200,run_shared_tune_s200,shared_opc,20,0,0.224104,0.180632,5,0.25,2.5896,0.249066,0,6,0.246454,2.23498,0.238851,0.1,5,0.25,2.5896,0.249066,0,0.0386513,5.62391,0.590866,0.0320031,-0.00610707,,0.249406,0.236713,0.000355498,9,512,0.91708,0.532319,2.33366,2.39408,0,0.354622
anime,w-high.g-none.v-none,201,run_shared_tune_s200,shared_iw_likelihood,20,0,0.222396,0.178245,12,0.238819,1.64237,0.0750628,0.01,19,0.230285,0.788903,0.0714762,0.01,12,0.238819,1.64237,0.0750628,0.01,0.025095,0.2871,0.458062,0.0231178,-0.00669405,0.525375,0.230296,0.216636,0.0003045,15,512,0.879517,0.219756,0.722191,0.854435,0,0.853469
anime,w-high.g-none.v-none,201,run_shared_tune_s200,shared_iw_likelihood_clip10,20,0,0.222396,0.178245,11,0.226879,0.448343,0.0554656,0.1,6,0.226598,0.420203,0.0540363,0.1,17,0.228474,0.607837,0.0552909,0.01,0.00455773,0.212654,0.251846,0.0101051,-0.00562163,0.466066,0.229465,0.215011,0.00023498,9,512,0.986005,0.192382,-0.17105,0.391915,0.159493,0.187634
anime,w-high.g-none.v-none,201,run_shared_tune_s200,shared_likelihood,20,0,0.222396,0.178245,9,0.26465,4.22539,0.0499137,0.1,9,0.26465,4.22539,0.0499137,0.1,9,0.26465,4.22539,0.0499137,0.1,0.0489452,0.17395,0.734906,0.0476619,-0.00540798,0.444507,0.248136,0.235932,0.00162217,20,512,0.943761,0.734906,3.00133,3.15161,0,0
anime,w-high.g-none.v-none,201,run_shared_tune_s200,shared_opc,20,0,0.222396,0.178245,3,0.245735,2.33389,0.245637,1,15,0.245437,2.30417,0.235413,0.1,14,0.253101,3.0705,0.252973,0,0.0122583,39.4031,0.487819,0.0285011,-0.00516219,,0.241251,0.227227,0.000339225,25,512,0.964854,0.538571,2.61011,2.71431,0.736608,0.76632
anime,w-none.g-none.v-high,200,run_shared_tune_s200,shared_iw_likelihood,20,0,0.228044,0.181514,17,0.227873,-0.017116,0.0768663,0.1,0,0.226185,-0.185932,0.0754186,0,14,0.228075,0.00302978,0.0773518,0.001,0.00193301,0.339004,0.120677,0.0036261,-0.00379726,0.611036,0.232995,0.219267,0.000131892,15,1024,0.852201,0.237162,-1.34961,-0.280518,0.0201458,0.188962
anime,w-none.g-none.v-high,200,run_shared_tune_s200,shared_iw_likelihood_clip10,20,0,0.228044,0.181514,14,0.228067,0.00222107,0.0520889,0.001,11,0.225091,-0.295292,0.0544552,0.01,14,0.228067,0.00222107,0.0520889,0.001,0.00143542,0.198246,0.104324,0.00326335,-0.00324114,0.477696,0.238599,0.224596,0.000142808,5,1024,0.8314,0.261954,-1.65436,-0.358889,0,0.297513
anime,w-none.g-none.v-high,200,run_shared_tune_s200,shared_likelihood,20,0,0.228044,0.181514,6,0.232113,0.406873,0.0437975,0.1,15,0.233466,0.542204,0.0440592,0.001,15,0.233466,0.542204,0.0440592,0.001,0.00281687,0.137123,0.180725,0.00791557,-0.00384683,0.468122,0.24019,0.226471,0.000166427,11,1024,0.884853,0.274573,0.150284,0.37056,0.135331,0
anime,w-none.g-none.v-high,200,run_shared_tune_s200,shared_opc,20,0,0.228044,0.181514,2,0.230755,0.271024,0.230255,0.1,4,0.229298,0.125369,0.229313,0.01,17,0.234055,0.601084,0.224446,0.1,0.0263624,6.13565,0.453272,0.0155491,-0.0128389,,0.251109,0.237603,0.000536038,12,1024,0.879966,0.537736,0.33515,0.340979,0.33006,0.475715
anime,w-none.g-none.v-high,201,run_shared_tune_s200,shared_iw_likelihood,20,0,0.230873,0.184269,9,0.206869,-2.40037,0.0698104,0.1,10,0.230848,-0.00250057,0.0490207,1,13,0.231081,0.0208049,0.0488128,0.001,0.0741507,0.361621,0.598676,0.00919711,-0.0332008,0.64386,0.207367,0.195453,0.00162217,20,512,0.943761,0.0701959,-1.20585,-0.252019,2.42118,0.0233055
anime,w-none.g-none.v-high,201,run_shared_tune_s200,shared_iw_likelihood_clip10,20,0,0.230873,0.184269,17,0.228111,-0.276161,0.0481106,0.01,15,0.2306,-0.0272943,0.0459471,0.1,3,0.23091,0.00373894,0.0464308,1,0.00963314,0.179294,0.242956,0.00578722,-0.00854883,0.465263,0.231257,0.217958,0.000317909,27,2048,0.878552,0.0986514,-1.37498,-0.246821,0.2799,0.0310332
anime,w-none.g-none.v-high,201,run_shared_tune_s200,shared_likelihood,20,0,0.230873,0.184269,5,0.231887,0.101383,0.0437692,0,17,0.232805,0.193278,0.0438709,0.01,17,0.232805,0.193278,0.0438709,0.01,0.000905229,0.143812,0.0821012,0.00292724,-0.00191342,0.461333,0.233528,0.22036,0.000154331,5,2048,0.935601,0.211047,-0.0781693,0.12565,0.0918957,0
anime,w-none.g-none.v-high,201,run_shared_tune_s200,shared_opc,20,0,0.230873,0.184269,6,0.23377,0.289709,0.229796,0.1,13,0.233761,0.288847,0.221849,0.001,17,0.234069,0.319659,0.229414,0.01,0.00968491,2.54084,0.272414,0.00957434,-0.00667725,,0.237822,0.224426,0.000247923,17,1024,0.846015,0.23775,0.136571,0.202354,0.0299501,0.030812
kuairand,high,200,run_shared_tune_s200,shared_iw_likelihood,20,0,0.113839,0.088653,5,0.120875,0.703609,0.0517135,0,15,0.120571,0.673246,0.0500844,0.001,5,0.120875,0.703609,0.0517135,0,0.0261046,0.400301,0.411389,0.0175861,-0.01055,0.425798,0.116829,0.107503,0.000355498,9,512,0.91708,0.254581,-0.0170859,0.352718,0,0.0303637
kuairand,high,200,run_shared_tune_s200,shared_iw_likelihood_clip10,20,0,0.113839,0.088653,11,0.120335,0.649564,0.0407265,0.01,15,0.12159,0.775122,0.0410384,0.001,5,0.123794,0.995448,0.0429308,0,0.00660949,0.253984,0.236613,0.0117871,-0.00529146,0.317763,0.119893,0.109964,0.000308424,20,2048,0.861562,0.262077,0.0535546,0.400924,0.345884,0.220326
kuairand,high,200,run_shared_tune_s200,shared_likelihood,20,0,0.113839,0.088653,9,0.208683,9.48441,0.0402767,0.001,5,0.19854,8.47012,0.0381336,0,9,0.208683,9.48441,0.0402767,0.001,0.220624,0.147201,0.834227,0.101688,-0.00684402,0.278894,0.16499,0.156524,0.00142531,17,1024,0.885203,0.703428,5.89919,6.29445,0,1.01429
kuairand,high,200,run_shared_tune_s200,shared_opc,20,0,0.113839,0.088653,9,0.20228,8.84407,0.202125,0.001,9,0.20228,8.84407,0.202125,0.001,9,0.20228,8.84407,0.202125,0.001,0.119108,17.9133,0.757091,0.0956249,-0.00718419,,0.175677,0.166776,0.00142531,17,1024,0.885203,0.757091,6.54097,6.58913,0,0
kuairand,high,201,run_shared_tune_s200,shared_iw_likelihood,20,0,0.132022,0.102759,9,0.129273,-0.274913,0.0407043,0.1,13,0.131958,-0.00638453,0.0335551,0.001,0,0.132943,0.0920623,0.0343242,0.1,0.0310453,0.25257,0.461539,0.0156066,-0.0183558,0.346603,0.128077,0.118507,0.00162217,20,512,0.943761,0.0970745,-0.256559,-0.005282,0.366975,0.0984469
kuairand,high,201,run_shared_tune_s200,shared_iw_likelihood_clip10,20,0,0.132022,0.102759,2,0.136133,0.411154,0.040522,0.01,19,0.136023,0.400062,0.0400077,0.01,1,0.138326,0.630421,0.0423749,0.001,0.00449092,0.233602,0.199219,0.00946144,-0.0053499,0.316717,0.141034,0.130664,0.000198396,23,2048,0.902475,0.153711,0.0803974,0.278115,0.219267,0.230359
kuairand,high,201,run_shared_tune_s200,shared_likelihood,20,0,0.132022,0.102759,14,0.207568,7.55464,0.0407894,0,8,0.205629,7.36073,0.0407523,0.01,14,0.207568,7.55464,0.0407894,0,0.116995,0.145545,0.699184,0.0808737,-0.00532729,0.291285,0.180568,0.170952,0.000785293,21,512,0.835128,0.700193,5.0918,5.27201,0,0.193906
kuairand,high,201,run_shared_tune_s200,shared_opc,20,0,0.132022,0.102759,7,0.198063,6.60408,0.198003,0.001,7,0.198063,6.60408,0.198003,0.001,8,0.201292,6.92705,0.201327,0.01,0.124754,33.2409,0.698936,0.0728299,-0.00678905,,0.184711,0.175109,0.00165164,26,1024,0.952545,0.698936,5.6234,6.06051,0.322963,0.322963
kuairand,w-high.g-none.v-none,200,run_shared_tune_s200,shared_iw_likelihood,20,0,0.235976,0.187658,5,0.254518,1.85421,0.062885,0,12,0.254865,1.88889,0.0655806,0.1,8,0.255269,1.92934,0.0650098,0.1,0.0551904,0.295339,0.517733,0.02759,-0.00904792,0.470449,0.254668,0.243195,0.000355498,9,512,0.91708,0.390241,0.621257,1.3365,0.0751326,0.0404521
kuairand,w-high.g-none.v-none,200,run_shared_tune_s200,shared_iw_likelihood_clip10,20,0,0.235976,0.187658,0,0.257599,2.16235,0.045142,0,11,0.256421,2.04451,0.0448108,0.01,5,0.258034,2.20582,0.0482681,0,0.022522,0.175527,0.395237,0.0259386,-0.00431513,0.421573,0.257632,0.24607,0.00020482,6,512,0.969349,0.340531,0.29952,1.26975,0.043472,0.16131
kuairand,w-high.g-none.v-none,200,run_shared_tune_s200,shared_likelihood,20,0,0.235976,0.187658,9,0.28179,4.58142,0.0484692,0.001,10,0.278167,4.21912,0.0475741,0.1,16,0.282087,4.6111,0.048873,0.01,0.132083,0.168722,0.655606,0.0490967,-0.00328246,0.406855,0.269723,0.259347,0.00142531,17,1024,0.885203,0.535257,3.58,3.62691,0.029673,0.391974
kuairand,w-high.g-none.v-none,200,run_shared_tune_s200,shared_opc,20,0,0.235976,0.187658,9,0.27204,3.60638,0.272002,0.001,9,0.27204,3.60638,0.272002,0.001,4,0.273902,3.79266,0.273893,0.01,0.0911312,16.7373,0.583004,0.0407853,-0.00472151,,0.279891,0.268747,0.00142531,17,1024,0.885203,0.583004,3.28996,3.37365,0.186282,0.186282
kuairand,w-high.g-none.v-none,201,run_shared_tune_s200,shared_iw_likelihood,20,0,0.24357,0.192386,6,0.246333,0.276237,0.0384913,0.1,19,0.247423,0.385281,0.0365797,0.01,12,0.248939,0.536865,0.0484403,0.01,0.00781721,0.125607,0.248255,0.00984525,-0.00708288,0.444335,0.260446,0.248613,0.000247923,17,1024,0.846015,0.198576,-0.752701,0.151377,0.260627,0.151583
kuairand,w-high.g-none.v-none,201,run_shared_tune_s200,shared_iw_likelihood_clip10,20,0,0.24357,0.192386,17,0.259266,1.56957,0.0454135,0.01,19,0.255402,1.18321,0.043322,0.01,1,0.260993,1.74229,0.0472906,0.001,0.0151803,0.180303,0.331979,0.0200412,-0.00434556,0.422095,0.257597,0.246335,0.000317909,27,2048,0.878552,0.223043,-0.0284555,0.85961,0.172729,0.559081
kuairand,w-high.g-none.v-none,201,run_shared_tune_s200,shared_likelihood,20,0,0.24357,0.192386,14,0.285157,4.15871,0.0486589,0,9,0.28422,4.06502,0.048668,0.1,14,0.285157,4.15871,0.0486589,0,0.112108,0.178904,0.638352,0.0447218,-0.00313464,0.402059,0.269006,0.258103,0.000785293,21,512,0.835128,0.580937,3.31309,3.58535,0,0.0936929
kuairand,w-high.g-none.v-none,201,run_shared_tune_s200,shared_opc,20,0,0.24357,0.192386,1,0.272428,2.88579,0.270708,0.001,5,0.263653,2.00833,0.241301,0,4,0.273154,2.95842,0.271468,0.001,0.0287138,3.71991,0.42252,0.0312356,-0.0023777,,0.272325,0.260622,0.000383969,24,1024,0.852297,0.277099,2.61033,2.68543,0.072634,0.950096
kuairand,w-none.g-none.v-high,200,run_shared_tune_s200,shared_iw_likelihood,20,0,0.24497,0.195639,4,0.175001,-6.99692,0.0667329,0.01,3,0.243993,-0.0976741,0.0705004,1,18,0.244696,-0.0274276,0.0709993,1,0.171848,0.543518,0.728598,0.00535098,-0.0753201,0.584183,0.191119,0.181749,0.000889318,20,512,0.930386,0.0911166,-1.94049,-0.399572,6.96949,0.0702465
kuairand,w-none.g-none.v-high,200,run_shared_tune_s200,shared_iw_likelihood_clip10,20,0,0.24497,0.195639,12,0.240592,-0.437818,0.0536183,0.1,1,0.244802,-0.0167961,0.0508303,1,1,0.244802,-0.0167961,0.0508303,1,0.0089314,0.269825,0.209884,0.00448626,-0.00886445,0.45372,0.248264,0.236535,0.000649348,23,1024,0.839889,0.0432305,-2.15667,-0.39296,0.421022,0
kuairand,w-none.g-none.v-high,200,run_shared_tune_s200,shared_likelihood,20,0,0.24497,0.195639,8,0.254993,1.00232,0.0462872,0.1,16,0.253996,0.902662,0.0456057,0.01,5,0.255398,1.04281,0.045781,0,0.0103077,0.191078,0.256149,0.0140796,-0.00405636,0.420546,0.257697,0.245807,0.00100077,5,1024,0.873455,0.427359,0.831981,0.86626,0.0404851,0.140147
kuairand,w-none.g-none.v-high,200,run_shared_tune_s200,shared_opc,20,0,0.24497,0.195639,2,0.253775,0.880509,0.252856,0.1,14,0.25463,0.966023,0.24017,0.001,15,0.256443,1.14729,0.251492,0.001,0.0189476,5.16096,0.296644,0.0140367,-0.00523157,,0.258627,0.24703,0.000536038,12,1024,0.879966,0.22619,0.886163,0.878589,0.266779,0.181265
kuairand,w-none.g-none.v-high,201,run_shared_tune_s200,shared_iw_likelihood,20,0,0.249542,0.200779,9,0.239139,-1.04028,0.0581056,0.1,0,0.249925,0.0383501,0.0483436,0.1,17,0.25145,0.190861,0.0471395,0.01,0.0500332,0.295611,0.419717,0.00821347,-0.0186163,0.512017,0.247689,0.236435,0.00162217,20,512,0.943761,0.238498,-0.853478,0.0398422,1.23114,0.152511
kuairand,w-none.g-none.v-high,201,run_shared_tune_s200,shared_iw_likelihood_clip10,20,0,0.249542,0.200779,19,0.251285,0.174344,0.0486715,0.01,18,0.249381,-0.016064,0.0510592,0.1,19,0.251285,0.174344,0.0486715,0.01,0.00279085,0.205373,0.110228,0.00409194,-0.0023485,0.422871,0.25711,0.245358,0.000244265,16,2048,0.834215,0.184941,-1.06857,0.00843218,0,0.190408
kuairand,w-none.g-none.v-high,201,run_shared_tune_s200,shared_likelihood,20,0,0.249542,0.200779,4,0.258584,0.9042,0.0489621,0.001,8,0.257291,0.774937,0.0484516,0.01,4,0.258584,0.9042,0.0489621,0.001,0.0194599,0.188524,0.287202,0.013934,-0.00489204,0.418764,0.259025,0.247034,0.000921456,7,2048,0.924458,0.360347,0.692333,0.742676,0,0.129263
kuairand,w-none.g-none.v-high,201,run_shared_tune_s200,shared_opc,20,0,0.249542,0.200779,7,0.259267,0.972554,0.259328,0.001,7,0.259267,0.972554,0.259328,0.001,2,0.262017,1.24759,0.25591,0.01,0.0849771,49.8964,0.462043,0.0193662,-0.00964062,,0.269726,0.257864,0.00165164,26,1024,0.952545,0.462043,1.10588,1.17612,0.275038,0.275038
ml,high,200,run_shared_tune_s200,shared_iw_likelihood,20,0,0.105627,0.0832187,14,0.110854,0.52273,0.0459454,0.001,0,0.118333,1.27064,0.0495787,0,5,0.121133,1.55056,0.0523321,0,0.000978756,0.340348,0.0991225,0.00655349,-0.00132619,0.347359,0.117365,0.106676,0.000142808,5,1024,0.8314,0.258875,0.712327,0.688688,1.02783,0.279924
ml,high,200,run_shared_tune_s200,shared_iw_likelihood_clip10,20,0,0.105627,0.0832187,0,0.12166,1.60332,0.039899,0,5,0.127166,2.15393,0.0435722,0,5,0.127166,2.15393,0.0435722,0,0.0108075,0.215376,0.312265,0.0202571,-0.00422391,0.302216,0.131127,0.120197,0.00020482,6,512,0.969349,0.472221,0.64922,0.669796,0.550615,0
ml,high,200,run_shared_tune_s200,shared_likelihood,20,0,0.105627,0.0832187,9,0.180999,7.53721,0.0424339,0.001,5,0.172551,6.69242,0.0386494,0,9,0.180999,7.53721,0.0424339,0.001,0.269955,0.14399,0.872838,0.0852237,-0.00985159,0.283219,0.161613,0.153649,0.00142531,17,1024,0.885203,0.731901,4.48731,4.61856,0,0.84479
ml,high,200,run_shared_tune_s200,shared_opc,20,0,0.105627,0.0832187,4,0.18331,7.76835,0.183297,0.01,4,0.18331,7.76835,0.183297,0.01,9,0.185247,7.96199,0.185234,0.001,0.124999,31.0888,0.805766,0.0842775,-0.00659397,,0.175653,0.166879,0.000889318,20,512,0.930386,0.805766,5.77839,5.83896,0.193642,0.193642
ml,high,201,run_shared_tune_s200,shared_iw_likelihood,20,0,0.108605,0.087626,8,0.107291,-0.131406,0.0527238,0.01,15,0.111561,0.295581,0.0442517,0.1,18,0.113091,0.448596,0.0491565,0.1,0.0838182,0.414341,0.615796,0.0209975,-0.0223115,0.511608,0.111098,0.102016,0.00143196,29,2048,0.881133,0.134015,0.152931,0.262918,0.580002,0.153015
ml,high,201,run_shared_tune_s200,shared_iw_likelihood_clip10,20,0,0.108605,0.087626,1,0.120862,1.22573,0.0403714,0.001,13,0.113873,0.526808,0.0348491,0.001,4,0.120902,1.22966,0.0419244,0.001,0.0281747,0.209062,0.434454,0.0224803,-0.010223,0.313219,0.122466,0.112323,0.000383969,24,1024,0.852297,0.142234,0.495677,0.602126,0.00392309,0.702849
ml,high,201,run_shared_tune_s200,shared_likelihood,20,0,0.108605,0.087626,14,0.155987,4.73822,0.0382281,0,14,0.155987,4.73822,0.0382281,0,14,0.155987,4.73822,0.0382281,0,0.169611,0.108611,0.77965,0.0570343,-0.00965211,0.285023,0.158775,0.149346,0.000785293,21,512,0.835128,0.77965,3.13511,3.11254,0,0
ml,high,201,run_shared_tune_s200,shared_opc,20,0,0.108605,0.087626,8,0.15316,4.45549,0.152713,0.01,8,0.15316,4.45549,0.152713,0.01,9,0.15591,4.73053,0.15593,0.1,0.0968603,10.9371,0.749514,0.0539358,-0.00938084,,0.166854,0.15674,0.00143196,29,2048,0.881133,0.749514,3.50413,3.84579,0.27504,0.27504
ml,w-high.g-none.v-none,200,run_shared_tune_s200,shared_iw_likelihood,20,0,0.223807,0.180096,4,0.195869,-2.79379,0.0721794,0.01,18,0.223408,-0.0398409,0.0555429,1,18,0.223408,-0.0398409,0.0555429,1,0.146706,0.378275,0.795377,0.018743,-0.0466809,0.520758,0.19155,0.181377,0.000889318,20,512,0.930386,0.110255,-0.975865,-0.20485,2.75395,0
ml,w-high.g-none.v-none,200,run_shared_tune_s200,shared_iw_likelihood_clip10,20,0,0.223807,0.180096,5,0.219946,-0.386079,0.0542207,0,17,0.227271,0.346412,0.0488871,0.1,19,0.228148,0.43409,0.0505555,0.1,0.0524083,0.211449,0.607288,0.0202695,-0.0241303,0.466548,0.218752,0.206749,0.000355498,9,512,0.91708,0.141217,-0.719001,0.291198,0.820169,0.0876777
ml,w-high.g-none.v-none,200,run_shared_tune_s200,shared_likelihood,20,0,0.223807,0.180096,4,0.266263,4.24563,0.0557286,0.01,10,0.263678,3.98709,0.0496558,0.1,16,0.266448,4.26409,0.0539416,0.01,0.139805,0.193854,0.749512,0.0490225,-0.00656616,0.449876,0.253485,0.241768,0.000889318,20,512,0.930386,0.600092,3.03861,2.96395,0.0184598,0.277001
ml,w-high.g-none.v-none,200,run_shared_tune_s200,shared_opc,20,0,0.223807,0.180096,16,0.250394,2.65873,0.250473,0.01,0,0.25077,2.69636,0.247509,0,8,0.251222,2.74156,0.250399,0.1,0.093569,15.916,0.629066,0.034867,-0.00827975,,0.254424,0.242399,0.00150164,10,1024,0.981934,0.536061,2.54224,2.64942,0.082833,0.0451994
ml,w-high.g-none.v-none,201,run_shared_tune_s200,shared_iw_likelihood,20,0,0.230357,0.184574,1,0.233296,0.293913,0.0855255,0.001,5,0.234271,0.391381,0.0771005,0,11,0.234884,0.452758,0.0831008,0.1,0.0197816,0.353506,0.379978,0.0132104,-0.0102712,0.52111,0.228234,0.21527,0.000383969,24,1024,0.852297,0.116855,-0.0712535,0.319226,0.158844,0.0613769
ml,w-high.g-none.v-none,201,run_shared_tune_s200,shared_iw_likelihood_clip10,20,0,0.230357,0.184574,19,0.233769,0.341175,0.0632356,0.01,5,0.233836,0.347953,0.061765,0,13,0.234108,0.375096,0.0623502,0.001,0.00455108,0.250346,0.217647,0.00895164,-0.0055399,0.47082,0.234593,0.221584,0.000244265,16,2048,0.834215,0.120597,-0.154647,0.278827,0.0339209,0.0271431
ml,w-high.g-none.v-none,201,run_shared_tune_s200,shared_likelihood,20,0,0.230357,0.184574,8,0.264413,3.4056,0.0520656,0.01,17,0.256997,2.66405,0.0487357,0.01,9,0.264429,3.40718,0.0535714,0.1,0.0919299,0.165919,0.652261,0.0401548,-0.00609878,0.449378,0.240751,0.228589,0.00143196,29,2048,0.881133,0.456982,2.56779,2.80917,0.00157993,0.743139
ml,w-high.g-none.v-none,201,run_shared_tune_s200,shared_opc,20,0,0.230357,0.184574,16,0.251549,2.11924,0.251116,0.01,8,0.253948,2.35913,0.25389,0.01,8,0.253948,2.35913,0.25389,0.01,0.0449468,7.31434,0.484138,0.0268498,-0.00565738,,0.258591,0.244994,0.000349626,27,2048,0.987176,0.517935,1.96449,2.07532,0.239882,0
ml,w-none.g-none.v-high,200,run_shared_tune_s200,shared_iw_likelihood,20,0,0.223129,0.178531,0,0.218591,-0.453746,0.0808568,0,1,0.221643,-0.148553,0.0837605,1,18,0.222325,-0.0803544,0.0826421,1,0.00643623,0.382001,0.196458,0.0046813,-0.00921876,0.548942,0.220818,0.208481,0.00020482,6,512,0.969349,0.0907325,-1.29717,-0.603166,0.373392,0.0681984
ml,w-none.g-none.v-high,200,run_shared_tune_s200,shared_iw_likelihood_clip10,20,0,0.223129,0.178531,0,0.221341,-0.178747,0.0585426,0,14,0.223479,0.0349852,0.0574776,0.001,14,0.223479,0.0349852,0.0574776,0.001,0.00706358,0.246564,0.197918,0.00568146,-0.00746893,0.474576,0.220306,0.207796,0.00020482,6,512,0.969349,0.0719859,-1.21434,-0.18149,0.213732,0
ml,w-none.g-none.v-high,200,run_shared_tune_s200,shared_likelihood,20,0,0.223129,0.178531,12,0.234522,1.13931,0.0481742,0.1,0,0.236426,1.32972,0.0481131,0,5,0.2372,1.40717,0.0478723,0,0.0108275,0.168833,0.303382,0.0166227,-0.00522968,0.455742,0.230574,0.217807,0.000649348,23,1024,0.839889,0.297438,0.976231,1.06524,0.267865,0.0774481
ml,w-none.g-none.v-high,200,run_shared_tune_s200,shared_opc,20,0,0.223129,0.178531,11,0.240022,1.68929,0.234391,0.01,15,0.240901,1.77728,0.235424,0.001,15,0.240901,1.77728,0.235424,0.001,0.0236685,2.04775,0.431227,0.0243251,-0.0074322,,0.237322,0.224376,0.000308424,20,2048,0.861562,0.444842,1.51535,1.58097,0.087989,0
ml,w-none.g-none.v-high,201,run_shared_tune_s200,shared_iw_likelihood,20,0,0.216912,0.173694,1,0.216847,-0.00652385,0.0670434,0.001,6,0.217496,0.0583315,0.0646673,0.1,15,0.21835,0.143721,0.063089,0.1,0.0139707,0.301294,0.267099,0.00872238,-0.00878762,0.498748,0.218979,0.205967,0.000383969,24,1024,0.852297,0.160216,-0.603237,-0.0223016,0.150244,0.0853892
ml,w-none.g-none.v-high,201,run_shared_tune_s200,shared_iw_likelihood_clip10,20,0,0.216912,0.173694,13,0.218945,0.203268,0.0457522,0.001,5,0.218289,0.137651,0.0453059,0,13,0.218945,0.203268,0.0457522,0.001,0.0015256,0.170842,0.106372,0.00453801,-0.00250533,0.440441,0.219634,0.206833,0.00010467,24,1024,0.846076,0.0828358,-0.651755,0.0454619,0,0.0656174
ml,w-none.g-none.v-high,201,run_shared_tune_s200,shared_likelihood,20,0,0.216912,0.173694,0,0.226073,0.916006,0.0466108,0.1,19,0.225282,0.836925,0.0466242,0.01,4,0.22794,1.10277,0.0467873,0.001,0.00801319,0.170511,0.269294,0.0141953,-0.0050352,0.438756,0.223265,0.210259,0.000678656,12,2048,0.867314,0.212908,0.788571,0.885557,0.186763,0.265844
ml,w-none.g-none.v-high,201,run_shared_tune_s200,shared_opc,20,0,0.216912,0.173694,11,0.227487,1.05742,0.227105,0.1,12,0.227621,1.07083,0.227079,0.01,17,0.228407,1.14946,0.22457,0.01,0.025678,5.84065,0.436801,0.0201611,-0.00958688,,0.231,0.217919,0.00023498,9,512,0.986005,0.456149,1.00106,1.05236,0.0920325,0.0786228
