family,dimension,value,trials,diverged,below_best_mean,below_best_median,selected_share,best_share,space
mnq,lr,1e-2-3e-2,63,0,-1.66509,-0.850687,0.944444,0.555556,chosen
mnq,lr,1e-3-3e-3,45,0,-1.97581,-1.26382,0,0.222222,chosen
mnq,lr,3e-3-1e-2,36,0,-2.03045,-1.21084,0.0555556,0.222222,chosen
mnq,epochs,3,18,0,-2.33318,-1.38129,0,0,chosen
mnq,epochs,10,9,0,-1.12168,-0.250808,0,0,chosen
mnq,epochs,30,36,0,-1.65212,-1.06752,0,0.222222,chosen
mnq,epochs,100,27,0,-1.55547,-0.729449,0.444444,0.166667,chosen
mnq,epochs,300,54,0,-2.09892,-1.18939,0.555556,0.611111,chosen
mnq,wa_m,5,144,0,-1.85353,-1.06752,1,1,chosen
mnq,wb_m,0,36,0,-0.94673,-0.434602,0.444444,0.555556,chosen
mnq,wb_m,-3,9,0,-1.12168,-0.250808,0,0,chosen
mnq,wb_m,-6,63,0,-1.96885,-1.24466,0.5,0.222222,chosen
mnq,wb_m,-9,36,0,-2.74147,-2.64706,0.0555556,0.222222,chosen
mnq,kappa_s,1,45,0,-2.93846,-3.27899,0.111111,0.222222,chosen
mnq,kappa_s,0.1,63,0,-1.21523,-0.250808,0.888889,0.722222,chosen
mnq,kappa_s,0.01,36,0,-1.6144,-0.960809,0,0.0555556,chosen
mnq,log10_lr_steps,"(0.0, 1.0]",36,0,-1.16745,-0.477191,0,0.222222,chosen
mnq,log10_lr_steps,"(1.0, 2.0]",63,0,-2.1455,-1.26831,0.5,0.388889,chosen
mnq,log10_lr_steps,"(2.0, inf]",27,0,-1.76726,-0.878623,0.5,0.388889,chosen
mnq,log10_lr_steps,"(-1.0, 0.0]",18,0,-2.33318,-1.38129,0,0,chosen
nq,lr,1e-2-3e-2,27,0,-1.25164,-0.439337,0,0.111111,chosen
nq,lr,3e-2-1e-1,18,0,-0.619597,-0.282116,0.111111,0.333333,chosen
nq,lr,3e-3-1e-2,72,0,-2.26503,-0.95122,0.888889,0.555556,chosen
nq,epochs,10,54,0,-2.56778,-1.45481,0,0.444444,chosen
nq,epochs,30,9,0,-2.68483,-1.80391,0,0,chosen
nq,epochs,100,27,0,-0.777973,-0.278941,0.444444,0.333333,chosen
nq,epochs,300,9,0,-0.787934,-0.306779,0.111111,0,chosen
nq,epochs,1000,18,0,-0.950484,-0.0649716,0.444444,0.222222,chosen
nq,wa_m,1,72,0,-1.26821,-0.282116,0.944444,0.777778,chosen
nq,wa_m,3,27,0,-1.89012,-1.23957,0.0555556,0.166667,chosen
nq,wa_m,-1,18,0,-3.64914,-2.79928,0,0.0555556,chosen
nq,wb_m,0,54,0,-1.51155,-0.141107,0.777778,0.777778,chosen
nq,wb_m,-3,9,0,-0.787934,-0.306779,0.111111,0,chosen
nq,wb_m,-6,54,0,-2.20952,-1.59283,0.111111,0.222222,chosen
nq,kappa_s,0.1,117,0,-1.77803,-0.730613,1,1,chosen
nq,log10_lr_steps,"(0.0, 1.0]",54,0,-2.99118,-2.00281,0,0.166667,chosen
nq,log10_lr_steps,"(1.0, 2.0]",45,0,-0.653266,-0.223444,0.555556,0.611111,chosen
nq,log10_lr_steps,"(2.0, inf]",18,0,-0.950484,-0.0649716,0.444444,0.222222,chosen
