dataset,noise_mode,noise_axis,noise_level,ctr,train_size,metric,opc,no_propensity,delta,delta_std,lift_pct,n_seeds,initial_reward,delta_se
ml,kmeans_templates,action,brutal,0.05,5000,mean_trials,0.04683779804106024,0.04690342440561537,-6.56263645551311e-05,0.0001340313911265573,-0.14007211060879993,5,0.04682460416787458,5.994066033556885e-05
ml,kmeans_templates,action,brutal,0.05,5000,oracle,0.04730691355806404,0.04733389383812826,-2.69802800642191e-05,9.75761642301767e-05,-0.05625397674506731,5,0.04682460416787458,4.3637387240471706e-05
ml,kmeans_templates,action,brutal,0.05,5000,selected,0.04705860157294296,0.04682746209286802,0.00023113948007493916,0.0004424325866027566,0.49638611559646384,5,0.04682460416787458,0.00019786186782096528
ml,kmeans_templates,action,brutal,0.05,25000,mean_trials,0.04691197646682635,0.047374384016207825,-0.00046240754938147723,0.00016961837657271132,-0.9759672406604848,5,0.04682460416787458,7.585564404994806e-05
ml,kmeans_templates,action,brutal,0.05,25000,oracle,0.04749324918478892,0.047961810514215844,-0.00046856132942691976,0.00039393143824678774,-0.9744024751969047,5,0.04682460416787458,0.00017617149487881558
ml,kmeans_templates,action,brutal,0.05,25000,selected,0.046802786846381124,0.04757546220496428,-0.0007726753585831595,0.0006949284673377049,-1.613725042476262,5,0.04682460416787458,0.0003107814584933701
ml,kmeans_templates,action,brutal,0.05,50000,mean_trials,0.046963007243635016,0.04760882051064058,-0.0006458132670055655,9.893614961831382e-05,-1.3566931161968878,5,0.04682460416787458,4.424559119572791e-05
ml,kmeans_templates,action,brutal,0.05,50000,oracle,0.047395118159785136,0.04808234414652198,-0.0006872259867368405,0.0001408448198133504,-1.429315385167342,5,0.04682460416787458,6.298771827627214e-05
ml,kmeans_templates,action,brutal,0.05,50000,selected,0.04694892778763242,0.04803385338909224,-0.0010849256014598212,0.0001791271912069015,-2.258603464377333,5,0.04682460416787458,8.010811523144686e-05
ml,kmeans_templates,action,brutal,0.05,100000,mean_trials,0.04703255785320899,0.047795239881988284,-0.0007626820287792921,9.828186585891816e-05,-1.5956584687861466,5,0.04682460416787458,4.3952986603211355e-05
ml,kmeans_templates,action,brutal,0.05,100000,oracle,0.04767363360385168,0.04810581195357522,-0.00043217834972354013,0.00020871028126204488,-0.898318992413374,5,0.04682460416787458,9.333807530100658e-05
ml,kmeans_templates,action,brutal,0.05,100000,selected,0.04700110783419502,0.048055154355274035,-0.0010540465210790203,0.00020146675230050027,-2.1942600538890495,5,0.04682460416787458,9.009867067000615e-05
ml,kmeans_templates,action,extreme,0.05,5000,mean_trials,0.04738403505333676,0.04754997282619293,-0.00016593777285617146,9.08114063240186e-05,-0.3490148749309826,5,0.04733241011515314,4.0612095534571976e-05
ml,kmeans_templates,action,extreme,0.05,5000,oracle,0.047925793639783776,0.04813505366771102,-0.00020926002792724245,0.00028736742070588903,-0.43272911833474426,5,0.04733241011515314,0.0001285146174434297
ml,kmeans_templates,action,extreme,0.05,5000,selected,0.047265719196078956,0.04778859728004568,-0.0005228780839667199,0.00042684753487111756,-1.0919269558048836,5,0.04733241011515314,0.00019089202080000616
ml,kmeans_templates,action,extreme,0.05,25000,mean_trials,0.04737514615253457,0.04806370396723174,-0.0006885578146971716,0.00027383602373959266,-1.4314541523902815,5,0.04733241011515314,0.00012246319275399507
ml,kmeans_templates,action,extreme,0.05,25000,oracle,0.047848689663322216,0.04874860531190164,-0.0008999156485794205,0.00034813699494581847,-1.8445620900672808,5,0.04733241011515314,0.00015569159723627016
ml,kmeans_templates,action,extreme,0.05,25000,selected,0.0472733288938287,0.04829023938925932,-0.0010169104954306188,0.00047521368283353813,-2.1011511577135633,5,0.04733241011515314,0.00021252201973076323
ml,kmeans_templates,action,extreme,0.05,50000,mean_trials,0.047492535757784816,0.048436173551070716,-0.0009436377932859035,0.00012857221651547558,-1.9479768060150335,5,0.04733241011515314,5.7499243229284905e-05
ml,kmeans_templates,action,extreme,0.05,50000,oracle,0.04805052268573728,0.04907277709782218,-0.0010222544120849011,0.00012511912545186613,-2.082727377307006,5,0.04733241011515314,5.595497395913935e-05
ml,kmeans_templates,action,extreme,0.05,50000,selected,0.04731993154183524,0.04893390416239588,-0.00161397262056064,0.0005368038495737568,-3.293967656631014,5,0.04733241011515314,0.00024006597964609835
ml,kmeans_templates,action,extreme,0.05,100000,mean_trials,0.047500966870271916,0.048740003090992357,-0.0012390362207204395,9.945988982072583e-05,-2.5422037756189924,5,0.04733241011515314,4.447981493475646e-05
ml,kmeans_templates,action,extreme,0.05,100000,oracle,0.048234901023106416,0.049175199236217014,-0.0009402982131105977,0.00029161910583416187,-1.9120938668066203,5,0.04733241011515314,0.0001304160288365783
ml,kmeans_templates,action,extreme,0.05,100000,selected,0.04742226190562104,0.04905729812466818,-0.0016350362190471397,0.0006109860904635534,-3.331123944894196,5,0.04733241011515314,0.00027324128631666826
ml,kmeans_templates,action,high,0.05,5000,mean_trials,0.04834881789826327,0.04866787876507952,-0.0003190608668162495,0.00018130413804799537,-0.6546696214143111,5,0.048331868542897075,8.108167545546473e-05
ml,kmeans_templates,action,high,0.05,5000,oracle,0.04883521554054956,0.0493177443949161,-0.00048252885436654016,0.000335215874180729,-0.9753348293152232,5,0.048331868542897075,0.0001499130963610253
ml,kmeans_templates,action,high,0.05,5000,selected,0.04828063494445596,0.0488732430910429,-0.0005926081465869399,0.0004753639113374231,-1.2096670384000288,5,0.048331868542897075,0.00021258920396013218
ml,kmeans_templates,action,high,0.05,25000,mean_trials,0.04827326275100115,0.049115635299677496,-0.0008423725486763512,0.00015435212473041378,-1.7147011581608484,5,0.048331868542897075,6.902836867374632e-05
ml,kmeans_templates,action,high,0.05,25000,oracle,0.04880690227606804,0.049636199482403595,-0.0008292972063355594,0.00014373376929494781,-1.670335703811291,5,0.048331868542897075,6.427969576115507e-05
ml,kmeans_templates,action,high,0.05,25000,selected,0.0481929663501402,0.049346963249623885,-0.0011539968994836807,0.0005657439783533208,-2.3323516024592608,5,0.048331868542897075,0.00025300839869183897
ml,kmeans_templates,action,high,0.05,50000,mean_trials,0.04844528635871499,0.049447696052947784,-0.001002409694232792,0.00011299735333288155,-2.026896529143168,5,0.048331868542897075,5.053395266597711e-05
ml,kmeans_templates,action,high,0.05,50000,oracle,0.04896787240132046,0.04979974579904116,-0.0008318733977207005,0.00013134509330859183,-1.6703090290803497,5,0.048331868542897075,5.873931142981282e-05
ml,kmeans_templates,action,high,0.05,50000,selected,0.048522567164388145,0.04957597575477546,-0.001053408590387321,0.0004919028671768479,-2.1205751605727254,5,0.048331868542897075,0.0002199856498668964
ml,kmeans_templates,action,high,0.05,100000,mean_trials,0.048482807018410984,0.04965726481148849,-0.001174457793077506,4.0309778508382674e-05,-2.3651262245585962,5,0.048331868542897075,1.8027080980540746e-05
ml,kmeans_templates,action,high,0.05,100000,oracle,0.0491259145436497,0.04985199014695514,-0.00072607560330544,0.00025574237955587186,-1.456525753395912,5,0.048331868542897075,0.00011437146908289638
ml,kmeans_templates,action,high,0.05,100000,selected,0.04840091903718246,0.04975528343033744,-0.0013543643931549804,0.00015344449152881036,-2.7213154055138125,5,0.048331868542897075,6.862246276626211e-05
ml,kmeans_templates,action,low,0.05,5000,mean_trials,0.049392810583689425,0.049722072523119984,-0.0003292619394305682,0.00021661564067932548,-0.6621611538941132,5,0.04941795061153628,9.68734595097281e-05
ml,kmeans_templates,action,low,0.05,5000,oracle,0.04966557492110184,0.0499249611866794,-0.0002593862655775603,0.00011481970846386331,-0.5195617727432948,5,0.04941795061153628,5.134893465638126e-05
ml,kmeans_templates,action,low,0.05,5000,selected,0.049445025141736224,0.0498304179282443,-0.0003853927865080806,0.00011627101643774602,-0.7735957798177394,5,0.04941795061153628,5.1997979313559103e-05
ml,kmeans_templates,action,low,0.05,25000,mean_trials,0.04938455091516401,0.049829470735472385,-0.0004449198203083676,7.704999114797762e-05,-0.8928816944041449,5,0.04941795061153628,3.4457803574527e-05
ml,kmeans_templates,action,low,0.05,25000,oracle,0.04963487839018244,0.049965777922955056,-0.00033089953277261883,5.537293644237825e-05,-0.6622495555767882,5,0.04941795061153628,2.4763529999786625e-05
ml,kmeans_templates,action,low,0.05,25000,selected,0.04944329436781816,0.04988133623638288,-0.00043804186856472027,0.00012785919837513514,-0.8780565207605854,5,0.04941795061153628,5.718037182308656e-05
ml,kmeans_templates,action,low,0.05,50000,mean_trials,0.04941511666292199,0.04991199270280193,-0.0004968760398799427,4.34023840563796e-05,-0.9955146075566317,5,0.04941795061153628,1.941013622712357e-05
ml,kmeans_templates,action,low,0.05,50000,oracle,0.049691526822920065,0.04997261067985192,-0.0002810838569318588,0.00011161471020392523,-0.5624850390952201,5,0.04941795061153628,4.991561586098324e-05
ml,kmeans_templates,action,low,0.05,50000,selected,0.049466759206331826,0.04995105357653546,-0.00048429437020363757,0.00010318833450192081,-0.9695503654788601,5,0.04941795061153628,4.614722608625636e-05
ml,kmeans_templates,action,low,0.05,100000,mean_trials,0.04944048247120685,0.04995671350579623,-0.0005162310345893775,4.862330965841454e-05,-1.0333514354068323,5,0.04941795061153628,2.17450051374474e-05
ml,kmeans_templates,action,low,0.05,100000,oracle,0.04963919722405524,0.04997909601599354,-0.0003398987919383006,6.579402777070194e-05,-0.6800833776893267,5,0.04941795061153628,2.9423983721759697e-05
ml,kmeans_templates,action,low,0.05,100000,selected,0.04945483874829098,0.0499727026288688,-0.0005178638805778193,4.9472878372284816e-05,-1.0362828721137993,5,0.04941795061153628,2.2124943816601598e-05
ml,kmeans_templates,action,medium,0.05,5000,mean_trials,0.04899031951019936,0.04945917849301582,-0.0004688589828164627,7.814786132119988e-05,-0.948075941128692,5,0.04896870281320162,3.494878604208589e-05
ml,kmeans_templates,action,medium,0.05,5000,oracle,0.04932764129517098,0.04983340475283536,-0.0005057634576643794,0.0002211283253203502,-1.0147758211200322,5,0.04896870281320162,9.88915934333982e-05
ml,kmeans_templates,action,medium,0.05,5000,selected,0.04882705051692684,0.04967567123400298,-0.0008486207170761414,0.00030171223721535883,-1.7060438441473635,5,0.04896870281320162,0.00013492981441141683
ml,kmeans_templates,action,medium,0.05,25000,mean_trials,0.04892738033797721,0.04956123597513973,-0.0006338556371625239,4.3115957573375766e-05,-1.278911359480042,5,0.04896870281320162,1.9282042409813016e-05
ml,kmeans_templates,action,medium,0.05,25000,oracle,0.04933120242708018,0.049908074889035356,-0.0005768724619551815,7.339852115869922e-05,-1.155846888536925,5,0.04896870281320162,3.2824816551761614e-05
ml,kmeans_templates,action,medium,0.05,25000,selected,0.04899315643740018,0.04964521580982914,-0.0006520593724289592,0.0001730621293010553,-1.3127350905614037,5,0.04896870281320162,7.739573708960356e-05
ml,kmeans_templates,action,medium,0.05,50000,mean_trials,0.04899517724702533,0.049757083714533704,-0.000761906467508365,0.00012928889819695632,-1.5312025087210652,5,0.04896870281320162,5.781975302088886e-05
ml,kmeans_templates,action,medium,0.05,50000,oracle,0.04937035788394032,0.04993350735506106,-0.00056314947112074,0.00010707842974384682,-1.1277631264775345,5,0.04896870281320162,4.7886929566235376e-05
ml,kmeans_templates,action,medium,0.05,50000,selected,0.04808372726045226,0.049814135638688,-0.00173040837823574,0.0017905530923801398,-3.471000016267592,5,0.04896870281320162,0.0008007596863768906
ml,kmeans_templates,action,medium,0.05,100000,mean_trials,0.04904379207486858,0.04987761857921111,-0.0008338265043425275,6.593224894006953e-05,-1.67168272652327,5,0.04896870281320162,2.9485798107886786e-05
ml,kmeans_templates,action,medium,0.05,100000,oracle,0.04940643071618206,0.049949307675922525,-0.0005428769597404612,0.0001562729681332053,-1.086826736517292,5,0.04896870281320162,6.988739595830109e-05
ml,kmeans_templates,action,medium,0.05,100000,selected,0.04913549703782158,0.0499096407413536,-0.0007741437035320209,0.000146413645839911,-1.551100917800413,5,0.04896870281320162,6.547817298632406e-05
ml,kmeans_templates,combined,brutal,0.05,5000,mean_trials,0.04699468179799689,0.04713325472267296,-0.00013857292467607806,0.00019913053296928454,-0.2887107807342884,5,0.04699268106614134,8.905388162301665e-05
ml,kmeans_templates,combined,brutal,0.05,5000,oracle,0.047531755673019,0.04745647091076522,7.528476225378e-05,0.0002666529881132583,0.1632209231647876,5,0.04699268106614134,0.00011925084156493778
ml,kmeans_templates,combined,brutal,0.05,5000,selected,0.04679489483418434,0.0472878048527239,-0.0004929100185395608,0.0002963492479969595,-1.033694606714409,5,0.04699268106614134,0.00013253141272042895
ml,kmeans_templates,combined,brutal,0.05,25000,mean_trials,0.047042861199653355,0.04719608639376316,-0.00015322519410980174,0.00010750957228461025,-0.32756247704886154,5,0.04699268106614134,4.8079742372063174e-05
ml,kmeans_templates,combined,brutal,0.05,25000,oracle,0.04753159007321374,0.04747575587747306,5.583419574068243e-05,0.00016155941788170347,0.11310830896564324,5,0.04699268106614134,7.22515681577568e-05
ml,kmeans_templates,combined,brutal,0.05,25000,selected,0.04710817647490946,0.04720922910462304,-0.00010105262971357858,0.0001525822170611772,-0.21804720652495874,5,0.04699268106614134,6.823684190128408e-05
ml,kmeans_templates,combined,brutal,0.05,50000,mean_trials,0.04716339860413813,0.047192626028284404,-2.9227424146273384e-05,0.00013449665941062193,-0.06434558335430698,5,0.04699268106614134,6.014873463775748e-05
ml,kmeans_templates,combined,brutal,0.05,50000,oracle,0.0477328926019133,0.04734079287429348,0.0003920997276198185,0.00023214216987384122,0.8296669486188349,5,0.04699268106614134,0.00010381713445644255
ml,kmeans_templates,combined,brutal,0.05,50000,selected,0.04721312304396186,0.047183226804517295,2.9896239444558714e-05,0.0001233945858972034,0.060793691762882185,5,0.04699268106614134,5.5183736424316733e-05
ml,kmeans_templates,combined,brutal,0.05,100000,mean_trials,0.04717439073281925,0.04724709021912512,-7.269948630587025e-05,9.848659056749744e-05,-0.15725087092992665,5,0.04699268106614134,4.4044542276222773e-05
ml,kmeans_templates,combined,brutal,0.05,100000,oracle,0.04787871289787038,0.04732936788126018,0.0005493450166102004,0.0002979660375536622,1.1685682543655578,5,0.04699268106614134,0.00013325446299124877
ml,kmeans_templates,combined,brutal,0.05,100000,selected,0.04709008901551872,0.047244983236546176,-0.0001548942210274587,0.00023656213800729467,-0.33454467995377224,5,0.04699268106614134,0.0001057938042973995
ml,kmeans_templates,combined,extreme,0.05,5000,mean_trials,0.04673297321510593,0.04700867105828457,-0.0002756978431786322,0.0001577080633621803,-0.5894286484771912,5,0.04674219633637948,7.052919005553583e-05
ml,kmeans_templates,combined,extreme,0.05,5000,oracle,0.04748907519312884,0.04761469276952602,-0.00012561757639718146,0.00020837102716944115,-0.262056743051144,5,0.04674219633637948,9.318635625846519e-05
ml,kmeans_templates,combined,extreme,0.05,5000,selected,0.0467265807993727,0.047092774351481556,-0.000366193552108858,0.00033800669760550886,-0.7658428723049516,5,0.04674219633637948,0.00015116119053922662
ml,kmeans_templates,combined,extreme,0.05,25000,mean_trials,0.04688137827247227,0.047336269985140685,-0.00045489171266841627,0.00014703644265617958,-0.9650228211606791,5,0.04674219633637948,6.575669618979345e-05
ml,kmeans_templates,combined,extreme,0.05,25000,oracle,0.047739163691114514,0.04764055845168798,9.860523942653854e-05,0.00035954359421617527,0.2153572780091801,5,0.04674219633637948,0.00016079278350839362
ml,kmeans_templates,combined,extreme,0.05,25000,selected,0.04682627070201026,0.04745623625908662,-0.0006299655570763604,0.000310025513638988,-1.3346035564311596,5,0.04674219633637948,0.00013864762465121307
ml,kmeans_templates,combined,extreme,0.05,50000,mean_trials,0.0469519075393387,0.04731637511128718,-0.00036446757194847913,0.0002367620286047753,-0.7649744106568315,5,0.04674219633637948,0.00010588319809020544
ml,kmeans_templates,combined,extreme,0.05,50000,oracle,0.04802171381421764,0.04752976929132916,0.0004919445228884781,0.000661783221737102,1.0576763420261999,5,0.04674219633637948,0.00029595845403459527
ml,kmeans_templates,combined,extreme,0.05,50000,selected,0.0470411760208022,0.04733048918275002,-0.0002893131619478198,0.00048493756357996634,-0.6004752683669492,5,0.04674219633637948,0.00021687067140158619
ml,kmeans_templates,combined,extreme,0.05,100000,mean_trials,0.046984648094190416,0.047367338714048524,-0.0003826906198581059,0.000132402050207696,-0.8121262736550691,5,0.04674219633637948,5.9211996924949676e-05
ml,kmeans_templates,combined,extreme,0.05,100000,oracle,0.04770036400743148,0.04752820818936946,0.00017215581806201836,0.00014378002568269177,0.36013537356183345,5,0.04674219633637948,6.430038224663288e-05
ml,kmeans_templates,combined,extreme,0.05,100000,selected,0.046803336158850684,0.04731612503555312,-0.0005127888767024399,0.00013643572190880337,-1.0875399087657702,5,0.04674219633637948,6.1015909749468336e-05
ml,kmeans_templates,combined,high,0.05,5000,mean_trials,0.04704475506296474,0.04791849215794688,-0.000873737094982141,0.0003329313507247946,-1.8264123393764955,5,0.04691720985318628,0.0001488914264122929
ml,kmeans_templates,combined,high,0.05,5000,oracle,0.048050990651859984,0.048876365797135925,-0.0008253751452759403,0.00047809410366956396,-1.689653739885698,5,0.04691720985318628,0.00021381018308939533
ml,kmeans_templates,combined,high,0.05,5000,selected,0.04707387472631184,0.0482910072689184,-0.001217132542606561,0.000519256068616162,-2.520207442280717,5,0.04691720985318628,0.00023221837343100665
ml,kmeans_templates,combined,high,0.05,25000,mean_trials,0.04722023652248725,0.048630276399011484,-0.0014100398765242341,0.00036939071978732977,-2.9047294863392734,5,0.04691720985318628,0.0001651965519404092
ml,kmeans_templates,combined,high,0.05,25000,oracle,0.04816713797726742,0.04935210042121702,-0.0011849624439496012,0.0003309037887358603,-2.4022842067586394,5,0.04691720985318628,0.00014798467312512255
ml,kmeans_templates,combined,high,0.05,25000,selected,0.0473582295796656,0.04911805502860293,-0.0017598254489373396,0.0011030034333924016,-3.5811811022021716,5,0.04691720985318628,0.0004932781312962142
ml,kmeans_templates,combined,high,0.05,50000,mean_trials,0.04723702589068181,0.04896973213685167,-0.001732706246169864,0.000350428564977491,-3.5413120881179965,5,0.04691720985318628,0.00015671641850947439
ml,kmeans_templates,combined,high,0.05,50000,oracle,0.04843481605807956,0.04938400183577348,-0.00094918577769392,0.00035567102053439624,-1.9234055596427564,5,0.04691720985318628,0.0001590609159083267
ml,kmeans_templates,combined,high,0.05,50000,selected,0.04715013987943674,0.04929001355959578,-0.002139873680159042,0.0007204426170907638,-4.343621154174896,5,0.04691720985318628,0.00032219173314055986
ml,kmeans_templates,combined,high,0.05,100000,mean_trials,0.04759112310118383,0.04913786884232798,-0.0015467457411441538,0.0002098445030080723,-3.1486529107446444,5,0.04691720985318628,9.384531468614175e-05
ml,kmeans_templates,combined,high,0.05,100000,oracle,0.04892775602033606,0.0493934404933839,-0.00046568447304783794,0.00022399010977732344,-0.9420036891570586,5,0.04691720985318628,0.00010017142234994709
ml,kmeans_templates,combined,high,0.05,100000,selected,0.04783409696226104,0.049099615020768185,-0.001265518058507141,0.0003295191809550154,-2.575032346091012,5,0.04691720985318628,0.0001473654577010937
ml,kmeans_templates,combined,low,0.05,5000,mean_trials,0.049315284277165014,0.04962300441073029,-0.00030772013356527157,0.00010329826542463153,-0.6201328758212058,5,0.04925650364012006,4.619638868945846e-05
ml,kmeans_templates,combined,low,0.05,5000,oracle,0.04957867097728918,0.0498826727215051,-0.0003040017442159204,7.976410343941656e-05,-0.6095085022558001,5,0.04925650364012006,3.567159149097204e-05
ml,kmeans_templates,combined,low,0.05,5000,selected,0.04937675362072223,0.0497704766937274,-0.000393723073005163,0.00010548038456608324,-0.791184946600346,5,0.04925650364012006,4.7172262036516354e-05
ml,kmeans_templates,combined,low,0.05,25000,mean_trials,0.049265442362119015,0.04978252009816889,-0.0005170777360498785,6.491404429927873e-05,-1.0386661736327527,5,0.04925650364012006,2.903044314952399e-05
ml,kmeans_templates,combined,low,0.05,25000,oracle,0.0496099872412552,0.0499580859021522,-0.00034809866089700187,0.0001581880421031102,-0.6967515558937384,5,0.04925650364012006,7.074384307403063e-05
ml,kmeans_templates,combined,low,0.05,25000,selected,0.04932526443665736,0.04988978859513382,-0.0005645241584764607,0.00023083944636513611,-1.1316028838587182,5,0.04925650364012006,0.00010323453879217221
ml,kmeans_templates,combined,low,0.05,50000,mean_trials,0.04920455926669192,0.04989540184872634,-0.0006908425820344205,0.00015927127298000053,-1.3844859194112662,5,0.04925650364012006,7.122827864924134e-05
ml,kmeans_templates,combined,low,0.05,50000,oracle,0.04959060098877674,0.04996423174282176,-0.00037363075404501925,0.00019862770550876498,-0.7478226624171833,5,0.04925650364012006,8.882901034648159e-05
ml,kmeans_templates,combined,low,0.05,50000,selected,0.04922363629891796,0.04994207988149072,-0.0007184435825727586,0.00012192803416835157,-1.438525637722702,5,0.04925650364012006,5.452787455267023e-05
ml,kmeans_templates,combined,low,0.05,100000,mean_trials,0.04934757524906951,0.049934962686247475,-0.0005873874371779594,6.892357237449507e-05,-1.1763117984477691,5,0.04925650364012006,3.082355861629951e-05
ml,kmeans_templates,combined,low,0.05,100000,oracle,0.04959412640989306,0.04997043533055308,-0.00037630892066002066,7.646856868645887e-05,-0.7530729657134004,5,0.04925650364012006,3.419778354500677e-05
ml,kmeans_templates,combined,low,0.05,100000,selected,0.04938594631571268,0.04996277220842578,-0.0005768258927130981,0.00011635588766394684,-1.1545153945302924,5,0.04925650364012006,5.203593487978287e-05
ml,kmeans_templates,combined,medium,0.05,5000,mean_trials,0.048345468520972705,0.0488136635313711,-0.0004681950103983923,0.00023074137639582506,-0.9590183683385028,5,0.048162432962907994,0.00010319068056858604
ml,kmeans_templates,combined,medium,0.05,5000,oracle,0.04914162083309444,0.04941757249931688,-0.00027595166622244177,0.0002849181013891584,-0.5579722445837328,5,0.048162432962907994,0.00012741924854526708
ml,kmeans_templates,combined,medium,0.05,5000,selected,0.04855696443446666,0.049264890134238334,-0.0007079256997716804,0.00030808276865565133,-1.437202062948852,5,0.048162432962907994,0.00013777880268207556
ml,kmeans_templates,combined,medium,0.05,25000,mean_trials,0.04826389340425583,0.0492526400336078,-0.000988746629351965,0.00023481319036924538,-2.007646990678873,5,0.048162432962907994,0.00010501165113584632
ml,kmeans_templates,combined,medium,0.05,25000,oracle,0.04904732023447006,0.04980731318474878,-0.000759992950278722,0.00021370305821714168,-1.5257008779508578,5,0.048162432962907994,9.557091303462476e-05
ml,kmeans_templates,combined,medium,0.05,25000,selected,0.04852716431179174,0.04947215385040324,-0.0009449895386114973,0.00032439995259517864,-1.9100851376848325,5,0.048162432962907994,0.00014507606918010574
ml,kmeans_templates,combined,medium,0.05,50000,mean_trials,0.048355636208987494,0.04958417702079703,-0.0012285408118095377,0.00020176959345912266,-2.478063079601718,5,0.048162432962907994,9.023410535341904e-05
ml,kmeans_templates,combined,medium,0.05,50000,oracle,0.049133757993533624,0.04986733330489144,-0.0007335753113578188,0.000362543059257518,-1.4712753492684654,5,0.048162432962907994,0.00016213418505410892
ml,kmeans_templates,combined,medium,0.05,50000,selected,0.04838868918457686,0.0497218033720834,-0.0013331141875065427,0.00042505762597052054,-2.6816205172132386,5,0.048162432962907994,0.0001900915492049528
ml,kmeans_templates,combined,medium,0.05,100000,mean_trials,0.048517126847324496,0.04974539165232761,-0.0012282648050031138,0.00019575313044598963,-2.469206369652883,5,0.048162432962907994,8.75434612971233e-05
ml,kmeans_templates,combined,medium,0.05,100000,oracle,0.049236136115775396,0.04988557399049568,-0.0006494378747202781,0.00022771691574252493,-1.3020710685661272,5,0.048162432962907994,0.00010183810064537555
ml,kmeans_templates,combined,medium,0.05,100000,selected,0.04864703278821666,0.0497951902399675,-0.0011481574517508391,0.00043482946265338925,-2.304942585535227,5,0.048162432962907994,0.00019446164742253688
ml,kmeans_templates,context,brutal,0.05,5000,mean_trials,0.04800436836320835,0.04837363008196883,-0.00036926171876047883,0.0003953124996708331,-0.770043348301204,5,0.04789342746866382,0.0001767891243238692
ml,kmeans_templates,context,brutal,0.05,5000,oracle,0.04901650105485004,0.04874374533626406,0.0002727557185859805,0.000282333526390905,0.5641304739886679,5,0.04789342746866382,0.0001262633914674589
ml,kmeans_templates,context,brutal,0.05,5000,selected,0.04698845443400236,0.04842757189632364,-0.0014391174623212793,0.002402452056009113,-3.0117981178338384,5,0.04789342746866382,0.0010744092219841016
ml,kmeans_templates,context,brutal,0.05,25000,mean_trials,0.048079804551031696,0.04858027468212582,-0.0005004701310941231,0.0003825241642058747,-1.0371797386236028,5,0.04789342746866382,0.00017107000684012555
ml,kmeans_templates,context,brutal,0.05,25000,oracle,0.04894217843304926,0.04879342424314024,0.00014875418990902,0.0001982523551145313,0.308092506526136,5,0.04789342746866382,8.866114854710402e-05
ml,kmeans_templates,context,brutal,0.05,25000,selected,0.048264342846587135,0.04869974369659012,-0.0004354008500029802,0.0005180649164230918,-0.8948600287282875,5,0.04789342746866382,0.00023168567397595607
ml,kmeans_templates,context,brutal,0.05,50000,mean_trials,0.04806749437005372,0.048620949039521764,-0.0005534546694680439,0.0002826018540088668,-1.144082800064007,5,0.04789342746866382,0.00012638339122625952
ml,kmeans_templates,context,brutal,0.05,50000,oracle,0.04871807202338592,0.048769934379804196,-5.186235641827936e-05,0.0005185416516246859,-0.10790982508204856,5,0.04789342746866382,0.00023189887643956239
ml,kmeans_templates,context,brutal,0.05,50000,selected,0.047995022493758976,0.04861780685840672,-0.0006227843646477397,0.00034562535163347913,-1.2881432841958724,5,0.04789342746866382,0.00015456835619994546
ml,kmeans_templates,context,brutal,0.05,100000,mean_trials,0.04810025508335046,0.048590706493919125,-0.0004904514105686694,0.00020716484742050223,-1.0119356360553315,5,0.04789342746866382,9.264693627612299e-05
ml,kmeans_templates,context,brutal,0.05,100000,oracle,0.04883382083762698,0.048749919102029846,8.390173559713887e-05,0.00030491071915664855,0.17552829711319298,5,0.04789342746866382,0.0001363602190205227
ml,kmeans_templates,context,brutal,0.05,100000,selected,0.04819828254897792,0.04850831413132598,-0.00031003158234805953,0.00029884821806803335,-0.6434912302505073,5,0.04789342746866382,0.00013364898611096067
ml,kmeans_templates,context,extreme,0.05,5000,mean_trials,0.048356701104238405,0.04898774385280545,-0.0006310427485670455,0.00029489712163372666,-1.2929659196424053,5,0.04817695161604896,0.00013188200206840732
ml,kmeans_templates,context,extreme,0.05,5000,oracle,0.04918222109619524,0.04951580447780122,-0.0003335833816059799,0.00021920869537902745,-0.6740429518897215,5,0.04817695161604896,9.803310882530988e-05
ml,kmeans_templates,context,extreme,0.05,5000,selected,0.04757437362269886,0.04940974613477306,-0.0018353725120741986,0.0018439729938664801,-3.7198833464601364,5,0.04817695161604896,0.0008246497925918504
ml,kmeans_templates,context,extreme,0.05,25000,mean_trials,0.04835271920331655,0.04925550720037158,-0.0009027879970550254,0.0004080885208195305,-1.8361892656666001,5,0.04817695161604896,0.00018250273467796166
ml,kmeans_templates,context,extreme,0.05,25000,oracle,0.04906430507053642,0.049475807564905536,-0.00041150249436911894,0.0003690825020784878,-0.832746366061149,5,0.04817695161604896,0.00016505871279064123
ml,kmeans_templates,context,extreme,0.05,25000,selected,0.04834320911221136,0.0494687420302593,-0.0011255329180479418,0.0007171722649066135,-2.2802529395750515,5,0.04817695161604896,0.0003207291871817349
ml,kmeans_templates,context,extreme,0.05,50000,mean_trials,0.04834064926069951,0.04936591574115707,-0.0010252664804575554,0.0005295102480090857,-2.081249882898049,5,0.04817695161604896,0.00023680418186621763
ml,kmeans_templates,context,extreme,0.05,50000,oracle,0.04931634882510112,0.04950998026501982,-0.00019363143991869697,0.0001264443911670074,-0.39106198375227696,5,0.04817695161604896,5.65476508046005e-05
ml,kmeans_templates,context,extreme,0.05,50000,selected,0.04826451476185206,0.04939039086981708,-0.0011258761079650209,0.0007379741741438405,-2.286980672866923,5,0.04817695161604896,0.000330032083804979
ml,kmeans_templates,context,extreme,0.05,100000,mean_trials,0.04851535498778377,0.04939737503174461,-0.0008820200439608363,0.0003660517630775672,-1.7880705024794046,5,0.04817695161604896,0.00016370332510501757
ml,kmeans_templates,context,extreme,0.05,100000,oracle,0.049445344543110795,0.04950873693339694,-6.339239028614191e-05,0.0003094535487966822,-0.12642517797113628,5,0.04817695161604896,0.00013839183419758592
ml,kmeans_templates,context,extreme,0.05,100000,selected,0.048257747984805435,0.04936855955491044,-0.0011108115701050011,0.0007447093551878436,-2.2547656231160786,5,0.04817695161604896,0.0003330441483360108
ml,kmeans_templates,context,high,0.05,5000,mean_trials,0.0488632454861272,0.04938450186621528,-0.0005212563800880796,0.00019021643731179092,-1.0569584385504691,5,0.04884621628893436,8.506737685339836e-05
ml,kmeans_templates,context,high,0.05,5000,oracle,0.0495342440735553,0.049814015870026415,-0.0002797717964711191,0.00012505141288924582,-0.561923806358478,5,0.04884621628893436,5.59246919805494e-05
ml,kmeans_templates,context,high,0.05,5000,selected,0.04829469005010244,0.04965503860024132,-0.001360348550138879,0.0016078634760531999,-2.737666613417049,5,0.04884621628893436,0.000719058406198812
ml,kmeans_templates,context,high,0.05,25000,mean_trials,0.048893079835564526,0.04967514781680426,-0.0007820679812397368,0.00015518355768737567,-1.5750426624381466,5,0.04884621628893436,6.94001967958464e-05
ml,kmeans_templates,context,high,0.05,25000,oracle,0.0493439403296307,0.049869031228046104,-0.0005250908984153993,0.00020157655287730494,-1.0533703179638791,5,0.04884621628893436,9.014777498074694e-05
ml,kmeans_templates,context,high,0.05,25000,selected,0.0487971925708826,0.04970775899283754,-0.0009105664219549392,0.000500671669950312,-1.8340340760161902,5,0.04884621628893436,0.00022390717768344724
ml,kmeans_templates,context,high,0.05,50000,mean_trials,0.04889063663642812,0.049720865415414824,-0.000830228778986701,0.0002308640557550618,-1.6709990830974875,5,0.04884621628893436,0.00010324554444592395
ml,kmeans_templates,context,high,0.05,50000,oracle,0.04950732432856316,0.0498733376392612,-0.0003660133106980393,0.00011332532595059345,-0.7339567656325141,5,0.04884621628893436,5.0680626479569585e-05
ml,kmeans_templates,context,high,0.05,50000,selected,0.04906305325387604,0.04974548863491894,-0.0006824353810428979,0.00031815385439458774,-1.3733432512290926,5,0.04884621628893436,0.00014228272914597367
ml,kmeans_templates,context,high,0.05,100000,mean_trials,0.04899785262049132,0.04984169117884184,-0.000843838558350514,0.00028764089451287,-1.693670530136148,5,0.04884621628893436,0.00012863691864792472
ml,kmeans_templates,context,high,0.05,100000,oracle,0.04960371214676252,0.049907356363599095,-0.000303644216836578,0.0001544048294562038,-0.6083184445460917,5,0.04884621628893436,6.905193894366671e-05
ml,kmeans_templates,context,high,0.05,100000,selected,0.049085646035896977,0.04988653461359424,-0.0008008885776972591,0.0005387472414785995,-1.6061067824441544,5,0.04884621628893436,0.00024093509092732856
ml,kmeans_templates,context,low,0.05,5000,mean_trials,0.049480995204407865,0.049733172153161455,-0.00025217694875358937,6.832005979852514e-05,-0.5070973604136862,5,0.04943488762101246,3.0553659587270554e-05
ml,kmeans_templates,context,low,0.05,5000,oracle,0.04970979819371612,0.04992500980055202,-0.00021521160683590085,5.3213867644521165e-05,-0.4310943832073553,5,0.04943488762101246,2.3797965079765187e-05
ml,kmeans_templates,context,low,0.05,5000,selected,0.0494180478137099,0.04982324838749478,-0.0004052005737848821,0.00038895759553930385,-0.8127682817520606,5,0.04943488762101246,0.00017394712479815047
ml,kmeans_templates,context,low,0.05,25000,mean_trials,0.04938826722863526,0.04985239778093195,-0.00046413055229668906,7.889448322098788e-05,-0.9309435802155687,5,0.04943488762101246,3.528268550636909e-05
ml,kmeans_templates,context,low,0.05,25000,oracle,0.0496530868517817,0.049962626710454,-0.00030953985867230026,0.00010609314579079022,-0.6195392198556513,5,0.04943488762101246,4.744629718700052e-05
ml,kmeans_templates,context,low,0.05,25000,selected,0.0485619597391049,0.04990153826101772,-0.0013395785219128195,0.0016756844088966789,-2.684842229452611,5,0.04943488762101246,0.0007493888494259054
ml,kmeans_templates,context,low,0.05,50000,mean_trials,0.04931896635558232,0.0499160380983021,-0.0005970717427197833,0.00014297604373362358,-1.19616049805709,5,0.04943488762101246,6.394083058847303e-05
ml,kmeans_templates,context,low,0.05,50000,oracle,0.04966899179147054,0.04997241302630066,-0.0003034212348301188,5.087470540930248e-05,-0.6071726377131246,5,0.04943488762101246,2.275185992609532e-05
ml,kmeans_templates,context,low,0.05,50000,selected,0.04939619016087648,0.04994558831955548,-0.0005493981586790015,8.904052002600621e-05,-1.0999437468906534,5,0.04943488762101246,3.982013110601624e-05
ml,kmeans_templates,context,low,0.05,100000,mean_trials,0.04941589190372893,0.049953495305883125,-0.0005376034021541923,0.00011220019402729495,-1.0762044620432725,5,0.04943488762101246,5.017745218673948e-05
ml,kmeans_templates,context,low,0.05,100000,oracle,0.0496380038333855,0.0499798969496816,-0.0003418931162960978,0.00010948876768497533,-0.6840617633838608,5,0.04943488762101246,4.8964865463257423e-05
ml,kmeans_templates,context,low,0.05,100000,selected,0.04949663171945226,0.04997498280236076,-0.00047835108290850137,7.692699910138691e-05,-0.9571884189032716,5,0.04943488762101246,3.440279985915327e-05
ml,kmeans_templates,context,medium,0.05,5000,mean_trials,0.04928883625664692,0.049662218201200675,-0.0003733819445537551,5.6349306982757254e-05,-0.7519260097777698,5,0.04927593719475566,2.5200176179689757e-05
ml,kmeans_templates,context,medium,0.05,5000,oracle,0.049687895283516505,0.04986561345858298,-0.0001777181750664797,4.64869905184128e-05,-0.3563686806491871,5,0.04927593719475566,2.078961417371184e-05
ml,kmeans_templates,context,medium,0.05,5000,selected,0.04929278656116302,0.049739058917322956,-0.0004462723561599408,0.0002371367253601644,-0.8966370631340641,5,0.04927593719475566,0.00010605076757340518
ml,kmeans_templates,context,medium,0.05,25000,mean_trials,0.04928126236845256,0.04980117766636793,-0.0005199152979153701,0.0001740681257608416,-1.0439515438240725,5,0.04927593719475566,7.784563238344482e-05
ml,kmeans_templates,context,medium,0.05,25000,oracle,0.049578621078048404,0.04993946702246556,-0.0003608459444171583,0.0001281632327846542,-0.7225751700749916,5,0.04927593719475566,5.7316340144523284e-05
ml,kmeans_templates,context,medium,0.05,25000,selected,0.049260734409012304,0.049820577905133404,-0.0005598434961210971,0.00016552168773369767,-1.123498595800185,5,0.04927593719475566,7.402354910460821e-05
ml,kmeans_templates,context,medium,0.05,50000,mean_trials,0.04931784995659055,0.049873216300833495,-0.0005553663442429482,0.00010442435495260629,-1.1136154488179215,5,0.04927593719475566,4.6699991236118896e-05
ml,kmeans_templates,context,medium,0.05,50000,oracle,0.04964284530279298,0.04995631468606172,-0.0003134693832687399,0.00012921350349215583,-0.6275057106749158,5,0.04927593719475566,5.778603548387338e-05
ml,kmeans_templates,context,medium,0.05,50000,selected,0.049388968247050205,0.049927077462760115,-0.0005381092157099185,8.332414507112366e-05,-1.0778030392624793,5,0.04927593719475566,3.726369050921731e-05
ml,kmeans_templates,context,medium,0.05,100000,mean_trials,0.04938715497895106,0.04992827474762532,-0.0005411197686742572,0.00014300922037520185,-1.0838098090547843,5,0.04927593719475566,6.395566763363987e-05
ml,kmeans_templates,context,medium,0.05,100000,oracle,0.049680037766171345,0.049967973959312295,-0.00028793619314095714,0.0001155229330242536,-0.5762632932372398,5,0.04927593719475566,5.166342624047728e-05
ml,kmeans_templates,context,medium,0.05,100000,selected,0.04942545740283342,0.04995758662400242,-0.0005321292211690004,0.0001235498363154568,-1.0651133500010372,5,0.04927593719475566,5.525316652206671e-05
ml,kmeans_templates,metadata,brutal,0.05,5000,mean_trials,0.04771475774292898,0.04817976922222285,-0.00046501147929387253,0.00017695849076632188,-0.9646435746422993,5,0.0477349773139495,7.91382429098529e-05
ml,kmeans_templates,metadata,brutal,0.05,5000,oracle,0.04835902706414968,0.04899102946197968,-0.0006320023978299991,0.00014053631218392907,-1.2875550605180413,5,0.0477349773139495,6.284974947007946e-05
ml,kmeans_templates,metadata,brutal,0.05,5000,selected,0.0473985659151675,0.0484097697593973,-0.0010112038442297994,0.0012810829762442766,-2.063732132182751,5,0.0477349773139495,0.0005729177239399901
ml,kmeans_templates,metadata,brutal,0.05,25000,mean_trials,0.047982501817241216,0.048567320275135405,-0.0005848184578941887,0.00048734146539186824,-1.1997714997507665,5,0.0477349773139495,0.0002179457289741157
ml,kmeans_templates,metadata,brutal,0.05,25000,oracle,0.04906320224618488,0.04914756567549148,-8.436342930660118e-05,0.0006195450870178432,-0.16138333387841314,5,0.0477349773139495,0.000277068985939584
ml,kmeans_templates,metadata,brutal,0.05,25000,selected,0.04771640998179278,0.04899130362403174,-0.0012748936422389613,0.0006383815434666704,-2.5969774632351434,5,0.0477349773139495,0.0002854929053545423
ml,kmeans_templates,metadata,brutal,0.05,50000,mean_trials,0.047886247377777885,0.04880157293070899,-0.000915325552931108,0.0002765768980977341,-1.876107221747127,5,0.0477349773139495,0.00012368894903051314
ml,kmeans_templates,metadata,brutal,0.05,50000,oracle,0.048698977939262,0.04938145507276054,-0.0006824771334985408,0.0003921361560180217,-1.3803538171886165,5,0.0477349773139495,0.00017536862025835194
ml,kmeans_templates,metadata,brutal,0.05,50000,selected,0.04772059476892996,0.04897826435017434,-0.0012576695812443791,0.0005673983662462566,-2.55857534050021,5,0.0477349773139495,0.0002537482634497904
ml,kmeans_templates,metadata,brutal,0.05,100000,mean_trials,0.04809584217614062,0.04907037758842013,-0.0009745354122795091,0.00045865223139317007,-1.982562900785363,5,0.0477349773139495,0.00020511551348541827
ml,kmeans_templates,metadata,brutal,0.05,100000,oracle,0.04908169537781384,0.04938313826122628,-0.0003014428834124394,0.0005250226460523778,-0.6036669169419014,5,0.0477349773139495,0.00023479726525998566
ml,kmeans_templates,metadata,brutal,0.05,100000,selected,0.04806421031921988,0.04912275507010288,-0.001058544750882999,0.0005167093189388972,-2.147731399268735,5,0.0477349773139495,0.0002310794323509987
ml,kmeans_templates,metadata,extreme,0.05,5000,mean_trials,0.048551519219549456,0.04886778827398684,-0.0003162690544373889,0.00011950571245243341,-0.6473068297961075,5,0.04847196252087254,5.344457934863684e-05
ml,kmeans_templates,metadata,extreme,0.05,5000,oracle,0.0491491179296448,0.04940224275769882,-0.0002531248280540202,0.00020691470306711724,-0.5125317203046643,5,0.04847196252087254,9.253506832045167e-05
ml,kmeans_templates,metadata,extreme,0.05,5000,selected,0.04859451594711882,0.04896751335690596,-0.0003729974097871402,0.00016437615038727163,-0.7593668139806826,5,0.04847196252087254,7.351124922913354e-05
ml,kmeans_templates,metadata,extreme,0.05,25000,mean_trials,0.04851836830754856,0.04934333167343603,-0.0008249633658874683,0.00023257331662727542,-1.6726618571600524,5,0.04847196252087254,0.00010400994914623399
ml,kmeans_templates,metadata,extreme,0.05,25000,oracle,0.0490073358032607,0.04975351126785562,-0.0007461754645949198,0.00032623700887248413,-1.50051892880375,5,0.04847196252087254,0.0001458976257230153
ml,kmeans_templates,metadata,extreme,0.05,25000,selected,0.04847764814548626,0.04947456141888222,-0.0009969132733959607,0.00033614608173907764,-2.0131362151608747,5,0.04847196252087254,0.00015032909782775565
ml,kmeans_templates,metadata,extreme,0.05,50000,mean_trials,0.048616144930357916,0.04957534124027438,-0.000959196309916463,0.0002190228826400275,-1.9351515805748227,5,0.04847196252087254,9.795001084221201e-05
ml,kmeans_templates,metadata,extreme,0.05,50000,oracle,0.04930097604031488,0.0498619809946445,-0.0005610049543296206,0.0004310953017255823,-1.1244551115528347,5,0.04847196252087254,0.00019279167988783686
ml,kmeans_templates,metadata,extreme,0.05,50000,selected,0.048629075572105294,0.049738458194894,-0.0011093826227887029,0.0006335453549510201,-2.2281416220554706,5,0.04847196252087254,0.00028333009609994277
ml,kmeans_templates,metadata,extreme,0.05,100000,mean_trials,0.04871336960593652,0.04970697657558597,-0.000993606969649448,0.0003691794574963484,-1.9988934810450352,5,0.04847196252087254,0.00016510207257166586
ml,kmeans_templates,metadata,extreme,0.05,100000,oracle,0.04943415666054276,0.04988904726632306,-0.0004548906057803004,0.0001877908397830667,-0.9117633811242991,5,0.04847196252087254,8.398261666134179e-05
ml,kmeans_templates,metadata,extreme,0.05,100000,selected,0.04854147387980706,0.049857529701407576,-0.0013160558216005174,0.0003706321358355843,-2.6398522299484997,5,0.04847196252087254,0.00016575173007486044
ml,kmeans_templates,metadata,high,0.05,5000,mean_trials,0.04907640440570656,0.04956225564227746,-0.00048585123657089724,0.0001681851907986963,-0.9807708937011931,5,0.049152736859889364,7.521470388693141e-05
ml,kmeans_templates,metadata,high,0.05,5000,oracle,0.049472337526826,0.049826874864276796,-0.00035453733745079987,0.0001504616619918404,-0.711743004541725,5,0.049152736859889364,6.72885008442703e-05
ml,kmeans_templates,metadata,high,0.05,5000,selected,0.04912901401818552,0.04968774981553506,-0.0005587357973495411,0.00016962903136002005,-1.1235064067115392,5,0.049152736859889364,7.586040901568968e-05
ml,kmeans_templates,metadata,high,0.05,25000,mean_trials,0.049224811371836416,0.049729731011744244,-0.0005049196399078248,0.00011333070467916486,-1.0154050777368995,5,0.049152736859889364,5.068303192011322e-05
ml,kmeans_templates,metadata,high,0.05,25000,oracle,0.04954285926349204,0.04994036199894952,-0.0003975027354574806,0.00013786334340181697,-0.7959800770569772,5,0.049152736859889364,6.165436149037197e-05
ml,kmeans_templates,metadata,high,0.05,25000,selected,0.04923842005342988,0.04978306576660842,-0.0005446457131785418,0.0002668680463942656,-1.093004731715584,5,0.049152736859889364,0.0001193470185520291
ml,kmeans_templates,metadata,high,0.05,50000,mean_trials,0.04917953572786497,0.049846562182429215,-0.0006670264545642457,0.0002061180324836842,-1.3380002630153065,5,0.049152736859889364,9.217878640440554e-05
ml,kmeans_templates,metadata,high,0.05,50000,oracle,0.04952765093260544,0.04995583767965644,-0.00042818674705100146,0.00011862273658618018,-0.8571499858093592,5,0.049152736859889364,5.304970053675004e-05
ml,kmeans_templates,metadata,high,0.05,50000,selected,0.04921858508812108,0.04993624383396468,-0.0007176587458435982,0.00013003158413620863,-1.4371200791951222,5,0.049152736859889364,5.815189227010915e-05
ml,kmeans_templates,metadata,high,0.05,100000,mean_trials,0.049104664098083985,0.04991589273502723,-0.0008112286369432467,0.00017827619386557791,-1.6253086920131778,5,0.049152736859889364,7.972753765067264e-05
ml,kmeans_templates,metadata,high,0.05,100000,oracle,0.04943637721610764,0.0499622185343426,-0.0005258413182349612,7.020453318392879e-05,-1.0524769748813978,5,0.049152736859889364,3.1396421705580905e-05
ml,kmeans_templates,metadata,high,0.05,100000,selected,0.04920439738195392,0.0499577087841764,-0.0007533114022224799,0.00014135621774660626,-1.50789594951739,5,0.049152736859889364,6.321642238473475e-05
ml,kmeans_templates,metadata,low,0.05,5000,mean_trials,0.049541241104653064,0.04979424716239643,-0.00025300605774336153,8.706312366119068e-05,-0.5081218280617864,5,0.04956386105534148,3.8935812567978546e-05
ml,kmeans_templates,metadata,low,0.05,5000,oracle,0.0497353951777382,0.049952033114542285,-0.0002166379368040802,7.294546897635634e-05,-0.4336973517422333,5,0.04956386105534148,3.262220545634695e-05
ml,kmeans_templates,metadata,low,0.05,5000,selected,0.04953728883813442,0.04989031938222114,-0.00035303054408671877,0.00016625174225505957,-0.7078247206071466,5,0.04956386105534148,7.435003941201748e-05
ml,kmeans_templates,metadata,low,0.05,25000,mean_trials,0.04947289195419302,0.04986692932985231,-0.000394037375659291,0.0001178127982166225,-0.7901880599674572,5,0.04956386105534148,5.268748508636678e-05
ml,kmeans_templates,metadata,low,0.05,25000,oracle,0.04966911054759062,0.0499730440951966,-0.0003039335476059779,4.6547589656943166e-05,-0.6081953885871139,5,0.04956386105534148,2.0816714932338206e-05
ml,kmeans_templates,metadata,low,0.05,25000,selected,0.04935453316716236,0.0498887028300061,-0.0005341696628437378,0.0004977641176735368,-1.070517787864017,5,0.04956386105534148,0.0002226068807756465
ml,kmeans_templates,metadata,low,0.05,50000,mean_trials,0.049586623595073376,0.04992871858339325,-0.0003420949883198715,3.649260481625631e-05,-0.6851692946588452,5,0.04956386105534148,1.6319989009037065e-05
ml,kmeans_templates,metadata,low,0.05,50000,oracle,0.049724202765213436,0.04997536106420778,-0.0002511582989943403,6.884934294067292e-05,-0.5025660354569984,5,0.04956386105534148,3.0790362204307984e-05
ml,kmeans_templates,metadata,low,0.05,50000,selected,0.04958040708983878,0.04996809683926188,-0.000387689749423098,2.425635700214612e-05,-0.775872960186159,5,0.04956386105534148,1.0847772628660347e-05
ml,kmeans_templates,metadata,low,0.05,100000,mean_trials,0.049514581414189,0.049960792079360064,-0.00044621066517106927,6.960498029594707e-05,-0.8931136982986347,5,0.04956386105534148,3.112829350285421e-05
ml,kmeans_templates,metadata,low,0.05,100000,oracle,0.04970749450876598,0.04998196849942614,-0.00027447399066015955,4.776036790243689e-05,-0.5491471745897631,5,0.04956386105534148,2.1359085852049587e-05
ml,kmeans_templates,metadata,low,0.05,100000,selected,0.04946675115643118,0.04996993169577204,-0.0005031805393408611,0.0001508457534466247,-1.0069188627394035,5,0.04956386105534148,6.74602717647652e-05
ml,kmeans_templates,metadata,medium,0.05,5000,mean_trials,0.04940677590512764,0.04969936090278407,-0.0002925849976564296,5.8170329650477367e-05,-0.5887219909347416,5,0.04939576186212534,2.6014562274407795e-05
ml,kmeans_templates,metadata,medium,0.05,5000,oracle,0.04963773644042524,0.04991171909698808,-0.0002739826565628406,7.285711439386704e-05,-0.5489754246129988,5,0.04939576186212534,3.258269208583302e-05
ml,kmeans_templates,metadata,medium,0.05,5000,selected,0.0494265331620331,0.04987755126302364,-0.0004510181009905398,0.00014594538432404524,-0.904315459764814,5,0.04939576186212534,6.526876007017947e-05
ml,kmeans_templates,metadata,medium,0.05,25000,mean_trials,0.049397925453631954,0.04981911297558789,-0.0004211875219559388,0.00010818453475552269,-0.845401045529,5,0.04939576186212534,4.8381594765507464e-05
ml,kmeans_templates,metadata,medium,0.05,25000,oracle,0.0495779345624503,0.04996366794565822,-0.00038573338320791877,0.00012358073143847034,-0.7720403065518858,5,0.04939576186212534,5.526698324111301e-05
ml,kmeans_templates,metadata,medium,0.05,25000,selected,0.0494114159999065,0.04986901687830208,-0.00045760087839557954,8.337335711871736e-05,-0.917565881226111,5,0.04939576186212534,3.72856988059636e-05
ml,kmeans_templates,metadata,medium,0.05,50000,mean_trials,0.04941749837536448,0.04990238025358102,-0.00048488187821654066,6.445134823509306e-05,-0.9716449986008102,5,0.04939576186212534,2.8823519179035834e-05
ml,kmeans_templates,metadata,medium,0.05,50000,oracle,0.049662349062498425,0.04997119843968212,-0.00030884937718370087,0.00012468113528479223,-0.6180480283381994,5,0.04939576186212534,5.5759098801728605e-05
ml,kmeans_templates,metadata,medium,0.05,50000,selected,0.04946255498658152,0.049946009889280704,-0.0004834549026991791,9.458989837194937e-05,-0.9678765527899216,5,0.04939576186212534,4.230188854889509e-05
ml,kmeans_templates,metadata,medium,0.05,100000,mean_trials,0.04938575083026103,0.0499454283276735,-0.000559677497412464,8.312948326470706e-05,-1.1205659830731993,5,0.04939576186212534,3.717663510286322e-05
ml,kmeans_templates,metadata,medium,0.05,100000,oracle,0.04962496221624964,0.04997674670142844,-0.0003517844851787993,0.00011861531889450754,-0.7038853080601122,5,0.04939576186212534,5.3046383244186806e-05
ml,kmeans_templates,metadata,medium,0.05,100000,selected,0.04943742247677334,0.0499659562134356,-0.0005285337366622608,0.00011852155618461155,-1.0577722576009259,5,0.04939576186212534,5.3004451285570405e-05
