share,bias,bias type,n,oracle gain greedy %,logger value %,logger greedy %,OPC fraction,OPC fraction ci_low,OPC fraction ci_high,DM fraction,DM fraction ci_low,DM fraction ci_high,OPC-DM %,OPC-DM % ci_low,OPC-DM % ci_high,OPC ESS,OPC w>10 %,DM ESS
0.6,w-high.g-none.v-none,warp,4,6.411201882638706,14.240664491623106,23.584577062594313,0.3914583273525713,0.24254068845217466,0.5403759662529679,0.250208018416048,-0.021332106415158203,0.5217481432472542,0.832706626037033,0.3253242132697376,1.3400890388043285,289.8841972351074,2.86125,216.91741561889648
0.8,w-high.g-none.v-none,warp,4,6.41699499338782,18.95242409358627,23.584577062594313,0.45679080637845193,0.2746890718109548,0.638892540945949,0.27872257014521007,0.09869150903099125,0.4587536312594289,1.0403561017365859,0.24292829787825554,1.8377839055949163,535.7935333251953,2.35625,475.4681444168091
0.95,w-high.g-none.v-none,warp,4,6.421422368785626,22.43525674564446,23.584577062594313,0.4560866441337478,0.3143226731665322,0.5978506151009634,0.26431167770507547,-0.034502154208305325,0.5631255096184562,1.0885933897581723,0.38084359347763597,1.7963431860387087,743.3494491577148,1.5612500000000002,274.0034999847412
0.6,w-none.g-high.v-none,group,4,4.053010720790057,14.837266524568998,24.62798941340661,0.17089636532586408,-0.0726550995197639,0.41444783017149206,0.0469393688651178,-0.14655976799053685,0.24043850572077244,0.5095882201850865,0.057394042352998775,0.9617823980171742,426.5606803894043,3.1149999999999998,398.11388397216797
0.8,w-none.g-high.v-none,group,4,4.047362669879347,19.71568594401242,24.62798941340661,0.26866799472900355,0.20294899996773388,0.33438698949027323,0.116501660433888,-0.07668342428355383,0.3096867451513298,0.5215340524605525,0.03368311131217683,1.0093849936089283,939.3778991699219,2.7737499999999997,726.9844970703125
0.95,w-none.g-high.v-none,group,4,4.0927313977900495,23.383386305573584,24.62798941340661,0.2645098374041983,0.2173523984045377,0.3116672764038589,0.1461262605963814,0.05863485138935967,0.23361766980340312,0.44946094402881703,0.3194282720839037,0.5794936159737304,737.8517379760742,1.5175,1320.3231048583984
0.6,w-none.g-none.v-high,vector,4,4.033576117488195,13.909495935011934,23.206444198349246,0.29309275114297084,0.20045651115306123,0.38572899113288045,0.1812909198909667,0.1403141991290674,0.22226764065286603,0.39524014627696713,0.01881063832363905,0.7716696542302952,533.9981231689453,3.93,552.237720489502
0.8,w-none.g-none.v-high,vector,4,4.093641648618532,18.58375252350935,23.206444198349246,0.31528861437671063,0.2594582034074029,0.37111902534601837,0.223491325413463,0.12425561349554215,0.32272703733138386,0.3216246459547323,0.041086436281510375,0.6021628556279541,983.0404968261719,2.7375,1072.4212341308594
0.95,w-none.g-none.v-high,vector,4,4.204825365293526,22.044009007800884,23.206444198349246,0.3240395636350951,0.24240502670217973,0.4056741005680105,0.2313279762559841,0.10197355522358359,0.36068239728838464,0.3444998819153805,-0.07585182919623407,0.764851593026995,1824.6073455810547,1.5612500000000002,1299.2371215820312
