,q0.025,q0.500,q0.975,time,model,seed,flips,P
0,0.023705674388881406,0.02424868261073479,0.024799712886115266,1185.814138,LVM,0,0,100
0,0.02326933080646179,0.023807381931701614,0.024353460277991346,952.665831,LVM Bandit MVN-Q,0,0,100
0,0.023675476646588915,0.024218063507237965,0.024768670429082373,1558.479681,LVM Bandit NQ,0,0,100
0,0.013351883834074128,0.013758519555932902,0.014173212566056637,74.421251,log reg,0,0,100
0,0.010528947985287897,0.010889463189015798,0.011258023894968328,33.515767,random,0,0,100
0,0.007275414178437823,0.007574329288640361,0.007881258603241958,1402.363719,LVM,0,50,100
0,0.015251158554962271,0.015685444658870097,0.0161277654167018,1106.02157,LVM Bandit MVN-Q,0,50,100
0,0.015282511245935004,0.015717134754839553,0.016159788724435686,1097.425536,LVM Bandit NQ,0,50,100
0,0.013379939595106107,0.013787033386436734,0.014202185532258382,68.424019,log reg,0,50,100
0,0.01072168368633002,0.011085754014788812,0.011457880901754036,25.406146,random,0,50,100
