run,dataset,bias,seed,method,train_size,V_method,V_method_greedy,logit_scale,V_tempered,ess_raw,w_share_gt10,w_max,sel_error_point,sel_error_lower,regret,n_trials,V_logger,V_logger_greedy,oracle_repair_value,oracle_repair_greedy,learned_gain,learned_gain_greedy,fraction_of_oracle_repair,fraction_of_oracle_repair_greedy
run_stage3_lgs_0_95,kuairand,w-high.g-none.v-none,100,opc,25000,0.2643320586337743,0.2644647005718755,7.499533653259277,0.2404091155820239,1418.4512939453125,0.01275,116.57942962646484,-0.006837579215973388,-0.017148793497906878,0.0008582927548513308,20,0.2280213167200234,0.2406818707128757,0.2920768682701001,0.2920963604832035,0.03631074191375089,0.023782829858999793,0.5668633090351934,0.46257057038277344
run_stage3_lgs_0_95,kuairand,w-high.g-none.v-none,100,no_propensity,25000,0.2455127482687983,0.2456662578342561,9.82247543334961,0.2404091155820239,20000.0,,,-0.08939653089399668,-0.09438433919166389,0.0014725215971936045,20,0.2280213167200234,0.2406818707128757,0.2920768682701001,0.2920963604832035,0.01749143154877489,0.0049843871213804125,0.27306659806216194,0.09694518303392735
run_stage3_lgs_0_95,kuairand,w-high.g-none.v-none,100,dm,25000,0.2557520491728914,0.2559070739264689,5.752134799957275,0.2404091155820239,336.1258239746094,0.00965,746.08935546875,0.010567881380544875,0.008267713546403488,0.005927672404407669,20,0.2280213167200234,0.2406818707128757,0.2920768682701001,0.2920963604832035,0.027730732452868,0.015225203213593191,0.432916925727959,0.29612670050029216
run_stage3_lgs_0_95,kuairand,w-high.g-none.v-none,100,tempered_logger,25000,0.2404091155820239,0.2406818707128757,5.260578785828057,0.2404091155820239,8465.0380859375,0.00065,19.388126373291016,-0.003994876771484718,-0.011799989551947498,0.0002712339968294897,20,0.2280213167200234,0.2406818707128757,0.2920768682701001,0.2920963604832035,0.012387798862000504,0.0,0.19339149476085765,0.0
run_stage3_lgs_0_95,kuairand,w-high.g-none.v-none,101,opc,25000,0.2772674659208455,0.2772937656341661,15.623567581176758,0.2590225640679766,543.1303100585938,0.01385,344.3636169433594,0.002011378674109887,-0.008456080847079328,0.00012727339978169105,20,0.2465836934967714,0.2590404578562554,0.304960503339316,0.3050492503609094,0.030683772424074107,0.018253307777910677,0.525615779739166,0.3967352061253133
run_stage3_lgs_0_95,kuairand,w-high.g-none.v-none,101,no_propensity,25000,0.2613732347433996,0.2613789947363987,9.640487670898438,0.2590225640679766,20000.0,,,-0.08187749778680328,-0.08715826807662178,0.0013890207649264186,20,0.2465836934967714,0.2590404578562554,0.304960503339316,0.3050492503609094,0.01478954124662818,0.0023385368801432938,0.25334617096273154,0.05082804292042091
run_stage3_lgs_0_95,kuairand,w-high.g-none.v-none,101,dm,25000,0.2597124419616403,0.2597304674244822,10.684636116027832,0.2590225640679766,558.5543212890625,0.01,261.0346984863281,0.018913880784636516,0.01645424566382092,0.008236627809253994,20,0.2465836934967714,0.2590404578562554,0.304960503339316,0.3050492503609094,0.013128748464868889,0.0006900095682267904,0.22489664132521245,0.014997341392017464
run_stage3_lgs_0_95,kuairand,w-high.g-none.v-none,101,tempered_logger,25000,0.2590225640679766,0.2590404578562553,13.128289854715517,0.2590225640679766,6011.8466796875,0.00355,43.28467178344727,-0.003105998411314592,-0.011391887507230691,2.6253091467531853e-05,20,0.2465836934967714,0.2590404578562554,0.304960503339316,0.3050492503609094,0.012438870571205185,-1.1102230246251565e-16,0.21307897099474288,-2.4130670773697272e-15
run_stage3_lgs_0_95,kuairand,w-none.g-high.v-none,100,opc,25000,0.2618279919176725,0.2618396104455998,11.6973295211792,0.2546204999566456,1868.665283203125,0.01285,210.7390289306641,-0.00015904159838237009,-0.010545475951746763,0.0004123327717661107,20,0.2417562997955535,0.2553418646341927,0.2811621333070021,0.2812408638748114,0.020071692122118984,0.006497745811407107,0.5093583952814379,0.25088791080453643
run_stage3_lgs_0_95,kuairand,w-none.g-high.v-none,100,no_propensity,25000,0.2586484948091404,0.2587335775758078,7.956892013549805,0.2546204999566456,20000.0,,,-0.08717119190024297,-0.09234578229295778,0.00017549630055180288,20,0.2417562997955535,0.2553418646341927,0.2811621333070021,0.2812408638748114,0.01689219501358688,0.0033917129416151104,0.42867244537992494,0.1309592278104597
run_stage3_lgs_0_95,kuairand,w-none.g-high.v-none,100,dm,25000,0.2582439663835666,0.2583673547431937,4.777360439300537,0.2546204999566456,2606.2763671875,0.0095,60.79524612426758,0.011582684235940166,0.0092942505115437,0.0012760734905926108,20,0.2417562997955535,0.2553418646341927,0.2811621333070021,0.2812408638748114,0.016487666588013122,0.00302549010900105,0.41840674638243436,0.11681880372643971
run_stage3_lgs_0_95,kuairand,w-none.g-high.v-none,100,tempered_logger,25000,0.2546204999566456,0.2553418646341927,3.5334831773965987,0.2546204999566456,10199.7060546875,0.0005,13.375755310058594,-0.005508102524318409,-0.013103275195693598,0.0007305418364896288,20,0.2417562997955535,0.2553418646341927,0.2811621333070021,0.2812408638748114,0.012864200161092104,0.0,0.3264542077851151,0.0
run_stage3_lgs_0_95,kuairand,w-none.g-high.v-none,101,opc,25000,0.2718942907211908,0.2719267716531241,14.324124336242676,0.2645503454948399,317.91668701171875,0.011,1147.2947998046875,0.00979836317323357,-0.0008001401825450949,0.000545063464844564,20,0.2495957948474398,0.2646069774081498,0.293183752038281,0.2934355592346253,0.022298495873751017,0.007319794244974309,0.5115746942698297,0.25390753832545415
run_stage3_lgs_0_95,kuairand,w-none.g-high.v-none,101,no_propensity,25000,0.267027386493351,0.2670647660761883,11.120980262756348,0.2645503454948399,20000.0,,,-0.09043904489960872,-0.09569248323920809,0.00027009384138632075,20,0.2495957948474398,0.2646069774081498,0.293183752038281,0.2934355592346253,0.01743159164591121,0.002457788668038474,0.3999176095725351,0.08525527488075398
run_stage3_lgs_0_95,kuairand,w-none.g-high.v-none,101,dm,25000,0.267061879926766,0.2671401102658061,9.1495361328125,0.2645503454948399,1500.2645263671875,0.01395,254.9693603515625,0.011792013353263298,0.009298644112628707,0.0030645461554553166,20,0.2495957948474398,0.2646069774081498,0.293183752038281,0.2934355592346253,0.017466085079326205,0.002533132857656273,0.4007089619468611,0.08786879885051806
run_stage3_lgs_0_95,kuairand,w-none.g-high.v-none,101,tempered_logger,25000,0.2645503454948399,0.2646069774081497,8.9673637417932,0.2645503454948399,7301.7021484375,0.00155,17.674224853515625,-0.0004977458263371037,-0.009056062222350836,9.521619257707448e-05,20,0.2495957948474398,0.2646069774081498,0.293183752038281,0.2934355592346253,0.014954550647400117,-1.1102230246251565e-16,0.3430890459473608,-3.85111911264936e-15
run_stage3_lgs_0_95,kuairand,w-none.g-none.v-high,100,opc,25000,0.2474629285329689,0.2475072823592806,7.131280422210693,0.2345298335774606,1864.6397705078125,0.01135,115.06778717041016,0.0007221249347816039,-0.00987017513811378,0.00021694417797540888,20,0.2239725410850222,0.2349706805111892,0.2699326194885852,0.2701804728360197,0.02349038744794668,0.012536601848091411,0.5111041639590767,0.3560544104445171
run_stage3_lgs_0_95,kuairand,w-none.g-none.v-high,100,no_propensity,25000,0.2386403870275801,0.2386438065442896,8.163583755493164,0.2345298335774606,20000.0,,,-0.08704890724929029,-0.0919708367488257,7.269540103882477e-05,20,0.2239725410850222,0.2349706805111892,0.2699326194885852,0.2701804728360197,0.014667845942557878,0.00367312603310041,0.31914318800249847,0.1043211501849746
run_stage3_lgs_0_95,kuairand,w-none.g-none.v-high,100,dm,25000,0.2463792363327098,0.2465562969637133,4.860421180725098,0.2345298335774606,1298.900634765625,0.01015,118.33993530273438,0.0058728357631611106,0.003679454606157817,0.0020276742734580966,20,0.2239725410850222,0.2349706805111892,0.2699326194885852,0.2701804728360197,0.022406695247687597,0.011585616452524122,0.48752517458609346,0.3290452935831081
run_stage3_lgs_0_95,kuairand,w-none.g-none.v-high,100,tempered_logger,25000,0.2345298335774606,0.2349706805111892,3.5334831773965987,0.2345298335774606,10263.8212890625,0.0,8.69717025756836,-0.006201665185279204,-0.013527536568333498,0.0004553154237217083,20,0.2239725410850222,0.2349706805111892,0.2699326194885852,0.2701804728360197,0.010557292492438392,0.0,0.22970571111166663,0.0
run_stage3_lgs_0_95,kuairand,w-none.g-none.v-high,101,opc,25000,0.2655754443581384,0.2656384408940637,12.283119201660156,0.254119969700793,2829.90966796875,0.00955,89.37559509277344,-5.093778922971026e-05,-0.010496627579357376,0.0,20,0.24082149150085,0.2552476347341048,0.2824378580470442,0.2827125273324058,0.024753952857288403,0.01039080615995891,0.5948129284619671,0.37833048582908635
run_stage3_lgs_0_95,kuairand,w-none.g-none.v-high,101,no_propensity,25000,0.2575080032920778,0.2574984206086818,9.649954795837402,0.254119969700793,20000.0,,,-0.0896621729707659,-0.0948056866428115,0.0004832457165031001,20,0.24082149150085,0.2552476347341048,0.2824378580470442,0.2827125273324058,0.016686511791227793,0.0022507858745769993,0.40096032345124977,0.0819513808954866
run_stage3_lgs_0_95,kuairand,w-none.g-none.v-high,101,dm,25000,0.2596183038299947,0.259637620168483,9.120097160339355,0.254119969700793,2120.859619140625,0.00835,99.90799713134766,0.004282900040778637,0.0019801406900031293,0.0037381599086624973,20,0.24082149150085,0.2552476347341048,0.2824378580470442,0.2827125273324058,0.01879681232914468,0.004389985434378241,0.4516687517224794,0.15983989082301392
run_stage3_lgs_0_95,kuairand,w-none.g-none.v-high,101,tempered_logger,25000,0.254119969700793,0.2552476347341048,3.167039867235032,0.254119969700793,10102.505859375,0.0001,11.346531867980955,-0.004172198270777472,-0.011834895770534287,0.0010861113649291432,20,0.24082149150085,0.2552476347341048,0.2824378580470442,0.2827125273324058,0.013298478199942981,0.0,0.3195492375621419,0.0
run_stage3_lgs_0_95,ml,w-high.g-none.v-none,100,opc,25000,0.2678862637496232,0.2680358885784843,6.174407958984375,0.218812739386803,406.4661560058594,0.01835,384.3443298339844,0.0054845088505506845,-0.006173067303204327,0.0,20,0.2097756069063718,0.2203119595611588,0.3025100851795436,0.3026511241267688,0.058110656843251424,0.04772392901732553,0.6266348603598378,0.5796018124436743
run_stage3_lgs_0_95,ml,w-high.g-none.v-none,100,no_propensity,25000,0.2260703365286547,0.2260529647381642,8.967456817626953,0.218812739386803,20000.0,,,-0.0841638813694674,-0.08896115206216729,0.00126872110490181,20,0.2097756069063718,0.2203119595611588,0.3025100851795436,0.3026511241267688,0.0162947296222829,0.005741005177005404,0.17571382214803472,0.06972386964687768
run_stage3_lgs_0_95,ml,w-high.g-none.v-none,100,dm,25000,0.25904580512858,0.2590488311905397,5.704178333282471,0.218812739386803,99.2426528930664,0.01345,1087.8280029296875,0.01766512235783968,0.016468401261241106,0.0,20,0.2097756069063718,0.2203119595611588,0.3025100851795436,0.3026511241267688,0.04927019822220821,0.03873687162938089,0.5313039889766883,0.4704549995587376
run_stage3_lgs_0_95,ml,w-high.g-none.v-none,100,tempered_logger,25000,0.218812739386803,0.22031195898447,2.2600523920467666,0.218812739386803,13688.5498046875,0.0,4.169665336608887,-0.0034330244209827,-0.010185589044328508,0.0014023233903867893,20,0.2097756069063718,0.2203119595611588,0.3025100851795436,0.3026511241267688,0.009037132480431226,-5.76688780062895e-10,0.09745169918150798,-7.003821123341301e-09
run_stage3_lgs_0_95,ml,w-high.g-none.v-none,101,opc,25000,0.2530627053718887,0.2530640003245222,24.347143173217773,0.2233954930858062,605.3500366210938,0.0175,307.9742431640625,0.0028703111667313097,-0.008520231379021692,0.0,20,0.2130296527026119,0.2233487943734826,0.3002772888151341,0.3004432422843158,0.040033052669276786,0.029715205951039603,0.45884398080019784,0.3854389875832299
run_stage3_lgs_0_95,ml,w-high.g-none.v-none,101,no_propensity,25000,0.2265692784189162,0.2265855231940059,23.88072395324707,0.2233954930858062,20000.0,,,-0.08472299414862969,-0.0895431791520202,0.0016056978443262093,20,0.2130296527026119,0.2233487943734826,0.3002772888151341,0.3004432422843158,0.013539625716304293,0.0032367288205233102,0.15518616113383754,0.04198394188212988
run_stage3_lgs_0_95,ml,w-high.g-none.v-none,101,dm,25000,0.2444944618226931,0.2446012411503714,12.157940864562988,0.2233954930858062,102.09120178222656,0.01555,1947.3546142578125,0.010802394342239091,0.009628053887301785,0.0022606557272530914,20,0.2130296527026119,0.2233487943734826,0.3002772888151341,0.3004432422843158,0.031464809120081205,0.02125244677688881,0.3606379556175187,0.2756676693692549
run_stage3_lgs_0_95,ml,w-high.g-none.v-none,101,tempered_logger,25000,0.2233954930858062,0.2233487942469673,8.9673637417932,0.2233954930858062,9049.8046875,0.0002,10.84404754638672,-0.0003524238423751047,-0.008519374138205499,0.0,20,0.2130296527026119,0.2233487943734826,0.3002772888151341,0.3004432422843158,0.010365840383194297,-1.2651529823770602e-10,0.11880941243870034,-1.641042924180903e-09
run_stage3_lgs_0_95,ml,w-none.g-high.v-none,100,opc,25000,0.2515389530532654,0.2515256084512714,9.374001502990724,0.2344600917707912,526.5557861328125,0.0207,290.5726623535156,0.008019158375949076,-0.0049143502077665935,0.0,20,0.2233848340615055,0.2345581386409051,0.2893582369101581,0.2895425752494537,0.028154118991759902,0.016967469810366315,0.4267495350565338,0.3085867721290488
run_stage3_lgs_0_95,ml,w-none.g-high.v-none,100,no_propensity,25000,0.2341043350174902,0.2341521116755832,11.273887634277344,0.2344600917707912,20000.0,,,-0.08687230915575009,-0.0917567446884534,0.0013303619506951914,20,0.2233848340615055,0.2345581386409051,0.2893582369101581,0.2895425752494537,0.010719500955984701,-0.0004060269653219095,0.1624821593722542,-0.007384398029073981
run_stage3_lgs_0_95,ml,w-none.g-high.v-none,100,dm,25000,0.2460885979576036,0.2462191382538795,5.768931865692139,0.2344600917707912,544.3179321289062,0.01275,395.9461364746094,0.006004985387809608,0.004924148125242306,0.0015567378635223117,20,0.2233848340615055,0.2345581386409051,0.2893582369101581,0.2895425752494537,0.0227037638960981,0.011660999612974399,0.34413510469032577,0.21207818670568004
run_stage3_lgs_0_95,ml,w-none.g-high.v-none,100,tempered_logger,25000,0.2344600917707912,0.2345581386615843,58.95519088447909,0.2344600917707912,8556.3916015625,0.0,8.730629920959473,-0.003813556016587394,-0.012266305904436087,0.0,20,0.2233848340615055,0.2345581386409051,0.2893582369101581,0.2895425752494537,0.01107525770928569,2.067918059012186e-11,0.1678745862888575,3.7609152454072436e-10
run_stage3_lgs_0_95,ml,w-none.g-high.v-none,101,opc,25000,0.2438523613673873,0.2438234050990761,19.12771224975586,0.2306620495312272,238.26919555664065,0.01615,1128.5999755859375,0.013365790917234888,0.0011936049881134947,0.0003977765706043024,20,0.2205985235184445,0.2306125958530168,0.284466341944919,0.284609834088976,0.023253837848942804,0.013210809246059302,0.36409319156114506,0.2446571283577542
run_stage3_lgs_0_95,ml,w-none.g-high.v-none,101,no_propensity,25000,0.2303387598322586,0.2302511908974467,21.713775634765625,0.2306620495312272,20000.0,,,-0.06968555610644381,-0.0747628452520466,0.0005921650306213999,20,0.2205985235184445,0.2306125958530168,0.284466341944919,0.284609834088976,0.009740236313814099,-0.0003614049555701049,0.1525061690501797,-0.006693026669083031
run_stage3_lgs_0_95,ml,w-none.g-high.v-none,101,dm,25000,0.2397407150304271,0.2396700522643353,11.878150939941406,0.2306620495312272,630.43359375,0.00685,316.09246826171875,0.010482772585158229,0.0093182111401717,0.001142658215510406,20,0.2205985235184445,0.2306125958530168,0.284466341944919,0.284609834088976,0.019142191511982598,0.009057456411318499,0.29971575644186677,0.16773925310288795
run_stage3_lgs_0_95,ml,w-none.g-high.v-none,101,tempered_logger,25000,0.2306620495312272,0.2306125961328396,8.9673637417932,0.2306620495312272,10588.6171875,0.0,8.21955680847168,0.001133172035926694,-0.006901305249739809,5.590816369008267e-05,20,0.2205985235184445,0.2306125958530168,0.284466341944919,0.284609834088976,0.010063526012782709,2.798228038169981e-10,0.15756802503545628,5.182168810082799e-09
run_stage3_lgs_0_95,ml,w-none.g-none.v-high,100,opc,25000,0.2317385320102088,0.2322204843633119,4.303715705871582,0.2156081231415558,1701.432861328125,0.02165,92.85781860351562,0.0035853888357766095,-0.008853568823510405,0.0005463187729322916,20,0.2060254931443317,0.2172759156366293,0.2718846650313176,0.2724409124932567,0.025713038865877114,0.014944568726682622,0.39042457002041564,0.2709067266970616
run_stage3_lgs_0_95,ml,w-none.g-none.v-high,100,no_propensity,25000,0.2193302050399221,0.2195216110493262,10.12196922302246,0.2156081231415558,20000.0,,,-0.08859670014852658,-0.0932444336399269,0.0007110975309060075,20,0.2060254931443317,0.2172759156366293,0.2718846650313176,0.2724409124932567,0.013304711895590404,0.0022456954126968964,0.20201760080465697,0.040708701906272356
run_stage3_lgs_0_95,ml,w-none.g-none.v-high,100,dm,25000,0.2262432078191731,0.2266048968428798,5.123161315917969,0.2156081231415558,276.4647216796875,0.01235,527.2158203125,0.0188672145536449,0.017930629021091105,0.0016745547596684063,20,0.2060254931443317,0.2172759156366293,0.2718846650313176,0.2724409124932567,0.020217714674841403,0.009328981206250503,0.30698404027209647,0.16911051822401654
run_stage3_lgs_0_95,ml,w-none.g-none.v-high,100,tempered_logger,25000,0.2156081231415558,0.2172759151672886,2.2600523920467666,0.2156081231415558,13162.8759765625,0.0,4.531455993652344,-0.010221409994392416,-0.016836879092009815,0.0014886749869869875,20,0.2060254931443317,0.2172759156366293,0.2718846650313176,0.2724409124932567,0.009582629997224118,-4.693406774336495e-10,0.14550182947438023,-8.507943518123556e-09
run_stage3_lgs_0_95,ml,w-none.g-none.v-high,101,opc,25000,0.235387666439151,0.2354096413611941,16.782978057861328,0.2179090226514853,902.4470825195312,0.0199,137.17868041992188,0.022163347984219317,0.0095063691780016,0.00022055184066721578,20,0.2109408345818315,0.2207635370520467,0.2709739871677989,0.2711168698840288,0.024446831857319495,0.014646104309147395,0.4072221898110657,0.29086663156971565
run_stage3_lgs_0_95,ml,w-none.g-none.v-high,101,no_propensity,25000,0.2211980758883361,0.2212241334944089,11.33561897277832,0.2179090226514853,20000.0,,,-0.07577019321697989,-0.0806359680950807,0.0010517469642251087,20,0.2109408345818315,0.2207635370520467,0.2709739871677989,0.2711168698840288,0.0102572413065046,0.0004605964423621822,0.1708596144741231,0.009147288103035615
run_stage3_lgs_0_95,ml,w-none.g-none.v-high,101,dm,25000,0.2341438280819743,0.2342237987625631,9.80048656463623,0.2179090226514853,1500.7235107421875,0.01325,104.51164245605467,0.004174898338428212,0.003145784530166007,0.0005938415025009136,20,0.2109408345818315,0.2207635370520467,0.2709739871677989,0.2711168698840288,0.023202993500142793,0.013460261710516397,0.38650299877082295,0.2673162023937981
run_stage3_lgs_0_95,ml,w-none.g-none.v-high,101,tempered_logger,25000,0.2179090226514853,0.2207635374235773,1.6679785772933866,0.2179090226514853,16111.0107421875,0.0,2.4953932762146,-0.0009551341159858007,-0.007189338823780395,0.0028170506531827177,20,0.2109408345818315,0.2207635370520467,0.2709739871677989,0.2711168698840288,0.006968188069653797,3.715305840756855e-10,0.11607233286100306,7.378470563515644e-09
