state,estimator,noise,bias_or_floor,bias_significant
source,G1,0.0953088,0.00550265,False
source,G1,0.063972,0.00369343,False
source,G1,0.0598427,0.00345502,False
source,G1,0.0591788,0.00633195,True
source,G1,0.0814263,0.00470115,False
source,G1,0.0552942,0.00319241,False
source,G1,0.051402,0.0029677,False
source,G1,0.0551549,0.00392485,False
source,G1,0.0917102,0.00529489,False
source,G1,0.0558677,0.00322552,False
source,G1,0.0588987,0.00340052,False
source,G1,0.0553176,0.00319376,False
source,G2,0.088992,0.00513796,False
source,G2,0.0605681,0.0034969,False
source,G2,0.0538687,0.00311012,False
source,G2,0.0530933,0.00585832,True
source,G2,0.0735895,0.00424869,False
source,G2,0.0477409,0.00275632,False
source,G2,0.0456464,0.00263539,False
source,G2,0.0480514,0.00350004,False
source,G2,0.0856578,0.00494546,False
source,G2,0.048735,0.00281371,False
source,G2,0.0534796,0.00308765,False
source,G2,0.0493692,0.00285034,False
source,G3,0.0889563,0.00513589,False
source,G3,0.0607261,0.00350602,False
source,G3,0.0549077,0.0031701,False
source,G3,0.053691,0.00595789,True
source,G3,0.0749638,0.00432804,False
source,G3,0.0483946,0.00279407,False
source,G3,0.0460987,0.00266151,False
source,G3,0.0484555,0.00406708,True
source,G3,0.0880408,0.00508304,False
source,G3,0.0495845,0.00286276,False
source,G3,0.0546203,0.00315351,False
source,G3,0.0496628,0.00286728,False
source,G4,0.0801019,0.00462469,False
source,G4,0.0545803,0.0031512,False
source,G4,0.048502,0.00280026,False
source,G4,0.0478015,0.00525835,True
source,G4,0.066437,0.00383574,False
source,G4,0.0430193,0.00248372,False
source,G4,0.0411528,0.00237596,False
source,G4,0.0433165,0.00315645,False
source,G4,0.0771822,0.00445611,False
source,G4,0.0438976,0.00253443,False
source,G4,0.0481797,0.00278166,False
source,G4,0.0444547,0.00256659,False
source,G5,0.0852666,0.00492287,False
source,G5,0.0574397,0.00354894,False
source,G5,0.0519112,0.00299709,False
source,G5,0.0507607,0.0087106,True
source,G5,0.0698673,0.00770821,True
source,G5,0.0453666,0.00306456,False
source,G5,0.0431413,0.00249076,False
source,G5,0.045317,0.00261638,False
source,G5,0.0828689,0.00854103,True
source,G5,0.0464839,0.00268375,False
source,G5,0.0510921,0.0029498,False
source,G5,0.047196,0.00476519,True
mid,G1,1.84568,0.106561,False
mid,G1,0.814958,0.0470516,False
mid,G1,0.186307,0.0107564,False
mid,G1,0.179702,0.0103751,False
mid,G1,0.924445,0.0533728,False
mid,G1,0.435427,0.0251394,False
mid,G1,0.130145,0.00851293,False
mid,G1,0.137384,0.00869972,False
mid,G1,3.35827,0.19389,False
mid,G1,0.241565,0.0139467,False
mid,G1,0.281979,0.01628,False
mid,G1,0.24221,0.013984,False
mid,G2,1.62913,0.0940578,False
mid,G2,0.708805,0.0409229,False
mid,G2,0.161545,0.00932683,False
mid,G2,0.149255,0.00861723,False
mid,G2,0.916631,0.0529217,False
mid,G2,0.346826,0.020024,False
mid,G2,0.110599,0.0105632,True
mid,G2,0.12228,0.0109109,True
mid,G2,2.93125,0.169236,False
mid,G2,0.205069,0.0118397,False
mid,G2,0.238315,0.0137591,False
mid,G2,0.208332,0.0120281,False
mid,G3,1.69355,0.0977769,False
mid,G3,0.703456,0.0406141,False
mid,G3,0.162591,0.00938722,False
mid,G3,0.152414,0.00879961,False
mid,G3,0.826572,0.0477222,False
mid,G3,0.363728,0.0209998,False
mid,G3,0.112593,0.0105748,True
mid,G3,0.12333,0.0100767,True
mid,G3,3.09596,0.178745,False
mid,G3,0.211317,0.0122004,False
mid,G3,0.243784,0.0140749,False
mid,G3,0.213345,0.0123175,False
mid,G4,0.188278,0.0108702,False
mid,G4,0.113795,0.00656997,False
mid,G4,0.0823154,0.00475248,False
mid,G4,0.0840298,0.00485146,False
mid,G4,0.115588,0.0066735,False
mid,G4,0.0842811,0.00486597,False
mid,G4,0.0632195,0.00364998,False
mid,G4,0.0698277,0.00403151,False
mid,G4,0.276885,0.015986,False
mid,G4,0.0700847,0.00404634,False
mid,G4,0.0984987,0.00568683,False
mid,G4,0.109051,0.00629609,False
mid,G5,0.21667,0.191908,True
mid,G5,0.129421,0.0867914,True
mid,G5,0.0914164,0.0556346,True
mid,G5,0.0951582,0.0105176,True
mid,G5,0.128863,0.193407,True
mid,G5,0.089027,0.0885771,True
mid,G5,0.068842,0.0115699,True
mid,G5,0.0756547,0.0129239,True
mid,G5,0.304557,0.422001,True
mid,G5,0.0838926,0.0389215,True
mid,G5,0.10593,0.117026,True
mid,G5,0.120261,0.0166716,True
mid_greedy,G1,2.82396,0.163041,False
mid_greedy,G1,11.0703,0.639146,False
mid_greedy,G1,2.2362,0.129107,False
mid_greedy,G1,3.86678,0.223248,False
mid_greedy,G1,2.27306,0.131235,False
mid_greedy,G1,1.67628,0.0967803,False
mid_greedy,G1,4.11253,0.237437,False
mid_greedy,G1,4.34578,0.250904,False
mid_greedy,G1,5.05097,0.291618,False
mid_greedy,G1,1.61882,0.0934628,False
mid_greedy,G1,4.21744,0.243494,False
mid_greedy,G1,2.25998,0.156114,False
mid_greedy,G2,2.61328,0.150878,False
mid_greedy,G2,9.30767,0.537379,False
mid_greedy,G2,2.02786,0.117078,False
mid_greedy,G2,3.39383,0.195943,False
mid_greedy,G2,4.11694,0.237692,False
mid_greedy,G2,3.0439,0.17574,False
mid_greedy,G2,3.78346,0.218438,False
mid_greedy,G2,3.84219,0.221829,False
mid_greedy,G2,4.31632,0.249202,False
mid_greedy,G2,1.63832,0.0945882,False
mid_greedy,G2,3.68183,0.21257,False
mid_greedy,G2,1.93314,0.11161,False
mid_greedy,G3,2.69818,0.155779,False
mid_greedy,G3,9.25541,0.534361,False
mid_greedy,G3,2.0345,0.117462,False
mid_greedy,G3,3.45397,0.199415,False
mid_greedy,G3,2.85629,0.164908,False
mid_greedy,G3,2.21225,0.127724,False
mid_greedy,G3,3.79137,0.218895,False
mid_greedy,G3,3.89401,0.224821,False
mid_greedy,G3,4.57807,0.264315,False
mid_greedy,G3,1.63081,0.0941548,False
mid_greedy,G3,3.84047,0.22173,False
mid_greedy,G3,1.97357,0.113944,False
mid_greedy,G4,0.224755,0.0129762,False
mid_greedy,G4,0.36934,0.0213239,False
mid_greedy,G4,0.383676,0.0221515,False
mid_greedy,G4,0.480705,0.0277535,False
mid_greedy,G4,0.145645,0.00840885,False
mid_greedy,G4,0.246421,0.0142271,False
mid_greedy,G4,0.709951,0.040989,False
mid_greedy,G4,0.428337,0.0247301,False
mid_greedy,G4,0.319384,0.0184397,False
mid_greedy,G4,0.185536,0.0107119,False
mid_greedy,G4,0.32411,0.0280205,True
mid_greedy,G4,0.371008,0.0214202,False
mid_greedy,G5,0.261467,0.26231,True
mid_greedy,G5,0.397028,0.283665,True
mid_greedy,G5,0.400237,0.311018,True
mid_greedy,G5,0.521581,0.312048,True
mid_greedy,G5,0.163094,0.266291,True
mid_greedy,G5,0.261172,0.29061,True
mid_greedy,G5,0.74058,0.3314,True
mid_greedy,G5,0.442074,0.164262,True
mid_greedy,G5,0.351672,0.506452,True
mid_greedy,G5,0.208528,0.105102,True
mid_greedy,G5,0.347003,0.38712,True
mid_greedy,G5,0.401833,0.48336,True
