dataset,bias,seed,train_size,share,state,estimator,R,pop_ess_share,bias_ratio,noise_rank_eff,p_bias_ratio,p_bias_hotelling,p_bias_ratio_holm,p_bias_hotelling_holm,t_along_gstar,p_along_gstar,top5_var_share,p_bias_hotelling_drop3,hidden_mass,gvis_rel_gstar,bias_ratio_vis,p_bias_ratio_vis,p_bias_hotelling_vis,p_bias_ratio_vis_holm,p_bias_hotelling_vis_holm,verdict,stop,hidden_mass@0.1,hidden_mass@10,p_bias_hotelling_vis@0.1,p_bias_hotelling_vis@10,p_bias_ratio_vis@0.1,p_bias_ratio_vis@10
anime,high,100,25000,0.8,source,G1,300,1,0.389975,1.21683,0.573007,0.836147,1,1,0.567223,0.570988,0.117278,0.234888,,,,,,,,consistent,False,,,,,,
anime,high,100,25000,0.8,likelihood,G1,300,5.48169e-05,1.01889,2.07547,0.363193,0.31918,1,1,-1.34749,0.178844,0.883997,0.294193,0.688237,1.28827,0.958869,0.386006,0.326692,1,0.653385,consistent,False,0.31261,0.937514,0.315881,0.295542,0.382906,0.381713
anime,high,100,25000,0.8,mid,G1,300,0.0105111,0.81344,2.57241,0.470022,0.0105082,1,0.735577,-0.503948,0.614669,0.258168,0.0927512,,,,,,,,consistent,False,,,,,,
anime,high,100,25000,0.8,mid_greedy,G1,300,0.00499647,0.801769,3.10003,0.496195,0.311521,1,1,-0.56999,0.569112,0.262162,0.131273,,,,,,,,consistent,False,,,,,,
anime,high,100,25000,0.8,value,G1,300,1.48942e-05,1.91786,10.4836,0.0351906,0.134548,1,1,-1.33312,0.183508,0.510218,0.0037294,0.821657,3.08454,1.64382,0.0837518,0.193975,0.502511,0.581924,consistent,False,0.50095,0.968585,0.209389,0.159734,0.143445,0.0419269
anime,none,100,25000,0.8,source,G1,300,1,2.55378,1.28192,0.100619,0.132734,1,1,1.65899,0.0981668,0.110442,0.552862,,,,,,,,consistent,False,,,,,,
anime,none,100,25000,0.8,likelihood,G1,300,0.103392,0.706911,23.1549,0.844935,0.614202,1,1,0.954766,0.340467,0.0969446,0.124427,,,,,,,,consistent,False,,,,,,
anime,none,100,25000,0.8,mid,G1,300,0.300776,0.239258,1.54826,0.729222,0.851148,1,1,-0.0286786,0.97714,0.156431,0.257432,,,,,,,,consistent,False,,,,,,
anime,none,100,25000,0.8,mid_greedy,G1,300,0.106791,1.01595,80.2123,0.439173,0.0913857,1,1,1.19551,0.232836,0.0356973,0.287597,,,,,,,,consistent,False,,,,,,
anime,none,100,25000,0.8,value,G1,300,0.106158,0.962846,78.8008,0.572548,0.0112393,1,0.775511,1.10891,0.268361,0.0385183,0.447164,,,,,,,,consistent,False,,,,,,
anime,w-high.g-none.v-none,100,25000,0.8,source,G1,300,1,0.279246,1.49615,0.690875,0.796912,1,1,0.391509,0.6957,0.0998805,0.58749,,,,,,,,consistent,False,,,,,,
anime,w-high.g-none.v-none,100,25000,0.8,likelihood,G1,300,0.000148018,0.873638,5.89719,0.511723,0.866046,1,1,0.823018,0.411153,0.699673,0.678739,,,,,,,,consistent,False,,,,,,
anime,w-high.g-none.v-none,100,25000,0.8,mid,G1,300,0.026363,1.06398,3.57411,0.369064,0.468202,1,1,1.13818,0.255957,0.412052,0.749882,,,,,,,,consistent,False,,,,,,
anime,w-high.g-none.v-none,100,25000,0.8,mid_greedy,G1,300,0.00471437,0.710183,1.46293,0.449986,0.67885,1,1,0.5557,0.578831,0.859129,0.29538,,,,,,,,consistent,False,,,,,,
anime,w-high.g-none.v-none,100,25000,0.8,value,G1,300,0.000150526,0.896043,7.39824,0.512579,0.827085,1,1,0.73551,0.462605,0.591541,0.369554,,,,,,,,consistent,False,,,,,,
anime,w-none.g-high.v-none,100,25000,0.8,source,G1,300,1,0.371239,1.36741,0.608806,0.598719,1,1,-0.502324,0.615809,0.0952995,0.760666,,,,,,,,consistent,False,,,,,,
anime,w-none.g-high.v-none,100,25000,0.8,likelihood,G1,300,0.00820547,1.07662,18.7103,0.367983,0.329763,1,1,1.78056,0.0759996,0.376292,0.641192,,,,,,,,consistent,False,,,,,,
anime,w-none.g-high.v-none,100,25000,0.8,mid,G1,300,0.274342,0.306239,1.78506,0.711124,0.963554,1,1,0.0732755,0.941636,0.0873545,0.42716,,,,,,,,consistent,False,,,,,,
anime,w-none.g-high.v-none,100,25000,0.8,mid_greedy,G1,300,0.0298029,0.86226,7.09613,0.536802,0.0591251,1,1,-0.0523547,0.958281,0.118208,0.00103344,,,,,,,,consistent,False,,,,,,
anime,w-none.g-high.v-none,100,25000,0.8,value,G1,300,0.00688393,0.941421,7.36775,0.475767,0.812013,1,1,-0.883042,0.377923,0.62637,0.315899,,,,,,,,consistent,False,,,,,,
anime,w-none.g-none.v-high,100,25000,0.8,source,G1,300,1,4.43451,1.29611,0.0255767,0.0190466,1,1,2.21191,0.0277286,0.102135,0.351273,,,,,,,,consistent,False,,,,,,
anime,w-none.g-none.v-high,100,25000,0.8,likelihood,G1,300,0.049507,0.98095,62.5688,0.518942,0.752702,1,1,1.60291,0.110011,0.121443,0.41615,,,,,,,,consistent,False,,,,,,
anime,w-none.g-none.v-high,100,25000,0.8,mid,G1,300,0.336805,0.83685,1.69629,0.416271,0.193972,1,1,0.875136,0.382202,0.0924089,0.536495,,,,,,,,consistent,False,,,,,,
anime,w-none.g-none.v-high,100,25000,0.8,mid_greedy,G1,300,0.0169402,0.713343,8.70348,0.692335,0.255003,1,1,0.508354,0.61158,0.178909,0.855854,,,,,,,,consistent,False,,,,,,
anime,w-none.g-none.v-high,100,25000,0.8,value,G1,300,0.0148376,1.00331,20.5221,0.454278,0.492922,1,1,0.654992,0.512976,0.324384,0.254119,,,,,,,,consistent,False,,,,,,
kuairand,high,100,25000,0.8,source,G1,300,1,0.438712,1.35505,0.567346,0.419878,1,1,-0.607971,0.543668,0.0979757,0.598647,,,,,,,,consistent,False,,,,,,
kuairand,high,100,25000,0.8,likelihood,G1,300,1.95657e-06,0.821173,10.0783,0.609033,0.774973,1,1,-1.71114,0.0880919,0.483071,0.693507,0.509765,1.65815,0.845838,0.584943,0.701694,1,0.701694,consistent,False,0.26226,0.758151,0.835763,0.800481,0.618574,0.548163
kuairand,high,100,25000,0.8,mid,G1,300,0.0396065,0.560834,3.44991,0.665215,0.249341,1,1,0.542917,0.587591,0.350126,0.0204,,,,,,,,consistent,False,,,,,,
kuairand,high,100,25000,0.8,mid_greedy,G1,300,0.00927581,0.625758,3.3496,0.615737,0.0344552,1,1,-0.729051,0.466541,0.671481,2.6399e-06,,,,,,,,consistent,False,,,,,,
kuairand,high,100,25000,0.8,value,G1,300,2.42203e-06,1.07719,1.32505,0.317919,6.05872e-06,1,0.000448345,-1.17169,0.242255,0.956736,1.36018e-05,0.523111,2.57963,1.08372,0.316178,0.0843732,1,0.421866,practical support failure,False,0.27377,0.768885,0.290457,0.530895,0.367989,0.321574
kuairand,none,100,25000,0.8,source,G1,300,1,0.0765976,1.15406,0.817428,0.873185,1,1,0.15638,0.875839,0.0996249,0.399872,,,,,,,,consistent,False,,,,,,
kuairand,none,100,25000,0.8,likelihood,G1,300,0.0632446,2.05914,2.99779,0.103339,0.050988,1,1,-1.86492,0.0631714,0.628513,0.607097,,,,,,,,consistent,False,,,,,,
kuairand,none,100,25000,0.8,mid,G1,300,0.436098,0.636313,1.41895,0.477338,0.771292,1,1,0.800075,0.424303,0.120795,0.670787,,,,,,,,consistent,False,,,,,,
kuairand,none,100,25000,0.8,mid_greedy,G1,300,0.0652729,0.779893,55.1715,0.882779,0.488404,1,1,-0.14063,0.888257,0.0850343,0.66543,,,,,,,,consistent,False,,,,,,
kuairand,none,100,25000,0.8,value,G1,300,0.0651066,0.749178,53.1601,0.912181,0.582907,1,1,0.307463,0.758705,0.0756929,0.898803,,,,,,,,consistent,False,,,,,,
kuairand,w-high.g-none.v-none,100,25000,0.8,source,G1,300,1,0.162334,1.32847,0.758083,0.733287,1,1,-0.268934,0.788166,0.121298,0.4129,,,,,,,,consistent,False,,,,,,
kuairand,w-high.g-none.v-none,100,25000,0.8,likelihood,G1,300,0.000911088,1.06523,10.4406,0.385272,0.513208,1,1,-0.650274,0.516014,0.525236,5.75158e-06,,,,,,,,consistent,False,,,,,,
kuairand,w-high.g-none.v-none,100,25000,0.8,mid,G1,300,0.0585588,0.670647,2.60495,0.54942,0.804586,1,1,0.812071,0.417397,0.416526,4.57966e-05,,,,,,,,consistent,False,,,,,,
kuairand,w-high.g-none.v-none,100,25000,0.8,mid_greedy,G1,300,0.00836059,1.12888,4.63037,0.342014,0.566127,1,1,0.432543,0.665659,0.287865,0.00105824,,,,,,,,consistent,False,,,,,,
kuairand,w-high.g-none.v-none,100,25000,0.8,value,G1,300,0.000684386,1.06954,3.71581,0.367585,0.373448,1,1,0.113931,0.909369,0.649659,0.16873,,,,,,,,consistent,False,,,,,,
kuairand,w-none.g-high.v-none,100,25000,0.8,source,G1,300,1,0.37103,1.23839,0.587782,0.959277,1,1,-0.550348,0.582492,0.113597,0.288379,,,,,,,,consistent,False,,,,,,
kuairand,w-none.g-high.v-none,100,25000,0.8,likelihood,G1,300,0.00505697,1.09163,8.10734,0.365287,0.00116848,1,0.0852991,1.40333,0.161556,0.565833,0.311003,,,,,,,,consistent,False,,,,,,
kuairand,w-none.g-high.v-none,100,25000,0.8,mid,G1,300,0.436544,2.28359,1.60668,0.113395,0.508063,1,1,1.61136,0.108157,0.0861315,0.716915,,,,,,,,consistent,False,,,,,,
kuairand,w-none.g-high.v-none,100,25000,0.8,mid_greedy,G1,300,0.0285065,0.708056,10.5949,0.726471,0.6664,1,1,-0.193119,0.846997,0.323427,0.0163936,,,,,,,,consistent,False,,,,,,
kuairand,w-none.g-high.v-none,100,25000,0.8,value,G1,300,0.00611017,0.674708,11.1762,0.766451,0.455663,1,1,-0.799164,0.42483,0.562261,0.759444,,,,,,,,consistent,False,,,,,,
kuairand,w-none.g-none.v-high,100,25000,0.8,source,G1,300,1,2.51915,1.22996,0.10497,0.792953,1,1,-1.64097,0.101856,0.0964201,0.939624,,,,,,,,consistent,False,,,,,,
kuairand,w-none.g-none.v-high,100,25000,0.8,likelihood,G1,300,0.0127828,1.35567,4.98639,0.23778,0.71449,1,1,-0.985608,0.325122,0.427518,0.097965,,,,,,,,consistent,False,,,,,,
kuairand,w-none.g-none.v-high,100,25000,0.8,mid,G1,300,0.433064,2.20299,1.60636,0.121603,0.905584,1,1,-1.60906,0.108658,0.109084,0.638881,,,,,,,,consistent,False,,,,,,
kuairand,w-none.g-none.v-high,100,25000,0.8,mid_greedy,G1,300,0.0141892,0.78321,5.06314,0.563024,0.245723,1,1,0.010474,0.99165,0.549367,0.0169913,,,,,,,,consistent,False,,,,,,
kuairand,w-none.g-none.v-high,100,25000,0.8,value,G1,300,0.00716498,0.966495,8.64857,0.463723,0.749472,1,1,-0.966159,0.334745,0.52412,0.216697,,,,,,,,consistent,False,,,,,,
ml,high,100,25000,0.8,source,G1,300,1,0.615831,1.2994,0.47289,0.0375338,1,1,0.746395,0.456015,0.103051,0.409294,,,,,,,,consistent,False,,,,,,
ml,high,100,25000,0.8,likelihood,G1,300,3.98531e-06,0.985623,4.66946,0.421485,0.335476,1,1,1.73094,0.084494,0.689727,0.13251,0.384828,1.69949,0.949237,0.443584,0.116234,1,0.464936,consistent,False,0.158336,0.698253,0.346768,0.495714,0.468214,0.345779
ml,high,100,25000,0.8,mid,G1,300,0.00946997,0.51717,7.30178,0.829438,0.687848,1,1,-0.403389,0.68695,0.185134,0.0681169,,,,,,,,consistent,False,,,,,,
ml,high,100,25000,0.8,mid_greedy,G1,300,0.00577459,0.790343,6.66343,0.589496,0.189236,1,1,-0.948137,0.343825,0.344196,0.445973,,,,,,,,consistent,False,,,,,,
ml,high,100,25000,0.8,value,G1,300,3.36741e-06,2.64045,3.95142,0.0325786,3.95122e-08,1,2.96342e-06,-24.9769,3.75017e-75,0.925663,7.71365e-204,0.437932,1.05404,0.661403,0.616918,0.00385188,1,0.0231113,"low overlap, unresolved",False,0.184832,0.723155,1.18922e-19,0.363318,0.00029588,0.479391
ml,none,100,25000,0.8,source,G1,300,1,0.385293,1.31036,0.591251,0.338,1,1,0.52678,0.598737,0.105201,0.421982,,,,,,,,consistent,False,,,,,,
ml,none,100,25000,0.8,likelihood,G1,300,0.159274,0.957936,6.91907,0.459564,0.34666,1,1,0.422103,0.673253,0.0664313,0.950558,,,,,,,,consistent,False,,,,,,
ml,none,100,25000,0.8,mid,G1,300,0.339593,1.06163,1.74187,0.338512,0.091452,1,1,1.01462,0.311107,0.115911,0.15897,,,,,,,,consistent,False,,,,,,
ml,none,100,25000,0.8,mid_greedy,G1,300,0.159997,0.802822,24.6781,0.74135,0.900707,1,1,-0.0133625,0.989348,0.0786585,0.558554,,,,,,,,consistent,False,,,,,,
ml,none,100,25000,0.8,value,G1,300,0.159881,0.780004,23.9058,0.766191,0.754057,1,1,-0.150386,0.880561,0.0817062,0.26883,,,,,,,,consistent,False,,,,,,
ml,w-high.g-none.v-none,100,25000,0.8,source,G1,300,1,0.612952,1.37243,0.482646,0.217449,1,1,0.751424,0.452988,0.0947293,0.636161,,,,,,,,consistent,False,,,,,,
ml,w-high.g-none.v-none,100,25000,0.8,likelihood,G1,300,0.00131534,1.3584,5.64426,0.230591,0.333038,1,1,-0.201494,0.840449,0.496441,0.380205,,,,,,,,consistent,False,,,,,,
ml,w-high.g-none.v-none,100,25000,0.8,mid,G1,300,0.135133,0.198599,2.30386,0.849075,0.656406,1,1,0.0971984,0.922634,0.108913,0.915919,,,,,,,,consistent,False,,,,,,
ml,w-high.g-none.v-none,100,25000,0.8,mid_greedy,G1,300,0.0129978,0.684838,3.4071,0.579287,0.00307078,1,0.221096,-0.60461,0.545897,0.225203,0.0771344,,,,,,,,consistent,False,,,,,,
ml,w-high.g-none.v-none,100,25000,0.8,value,G1,300,0.00148873,0.971652,7.10617,0.450528,0.256654,1,1,-1.13202,0.258534,0.595293,0.714869,,,,,,,,consistent,False,,,,,,
ml,w-none.g-high.v-none,100,25000,0.8,source,G1,300,1,0.149495,1.3124,0.767256,0.70943,1,1,-0.152731,0.878714,0.118594,0.396119,,,,,,,,consistent,False,,,,,,
ml,w-none.g-high.v-none,100,25000,0.8,likelihood,G1,300,0.00731268,1.24661,2.11309,0.288404,0.767712,1,1,3.10548,0.00208189,0.75812,0.0971257,,,,,,,,consistent,False,,,,,,
ml,w-none.g-high.v-none,100,25000,0.8,mid,G1,300,0.176211,0.390872,2.43466,0.717213,0.303759,1,1,0.362314,0.717373,0.0752838,0.0458939,,,,,,,,consistent,False,,,,,,
ml,w-none.g-high.v-none,100,25000,0.8,mid_greedy,G1,300,0.0062821,1.12691,4.85501,0.343292,0.868125,1,1,1.10623,0.269518,0.414935,0.857575,,,,,,,,consistent,False,,,,,,
ml,w-none.g-high.v-none,100,25000,0.8,value,G1,300,0.00373116,0.827436,2.66723,0.46662,0.202171,1,1,1.27561,0.203085,0.883705,0.0484946,,,,,,,,consistent,False,,,,,,
ml,w-none.g-none.v-high,100,25000,0.8,source,G1,300,1,0.277958,1.28941,0.65737,0.652848,1,1,-0.426173,0.670288,0.0962939,0.405963,,,,,,,,consistent,False,,,,,,
ml,w-none.g-none.v-high,100,25000,0.8,likelihood,G1,300,0.0291807,0.739977,38.1544,0.879854,0.675827,1,1,-0.839612,0.401797,0.161301,0.916014,,,,,,,,consistent,False,,,,,,
ml,w-none.g-none.v-high,100,25000,0.8,mid,G1,300,0.254933,1.12655,2.20469,0.327743,0.927601,1,1,-1.12582,0.261146,0.0820351,0.84174,,,,,,,,consistent,False,,,,,,
ml,w-none.g-none.v-high,100,25000,0.8,mid_greedy,G1,300,0.0365837,2.43152,6.84228,0.0181443,0.00729983,1,0.518288,-2.44365,0.0151175,0.268528,0.717147,,,,,,,,consistent,False,,,,,,
ml,w-none.g-none.v-high,100,25000,0.8,value,G1,300,0.00620323,0.617793,2.26902,0.558997,0.025653,1,1,0.0637502,0.949212,0.94478,0.00502794,,,,,,,,consistent,False,,,,,,
anime,high,100,25000,0.8,source,G2,300,1,0.298735,1.21585,0.629418,0.818296,1,1,0.470384,0.638424,0.125638,0.483712,,,,,,,,consistent,False,,,,,,
anime,high,100,25000,0.8,likelihood,G2,300,5.48169e-05,0.904979,2.97705,0.43709,0.844881,1,1,-0.5961,0.551559,0.796258,0.717138,0.688237,1.28827,0.869376,0.455384,0.792166,1,0.792166,consistent,False,0.31261,0.937514,0.886494,0.786725,0.459069,0.446104
anime,high,100,25000,0.8,mid,G2,300,0.0105111,0.569415,2.74288,0.619701,0.139635,1,1,-0.365521,0.714981,0.207375,0.201252,,,,,,,,consistent,False,,,,,,
anime,high,100,25000,0.8,mid_greedy,G2,300,0.00499647,0.638202,3.13145,0.596961,0.771411,1,1,-0.477232,0.633545,0.211139,0.203226,,,,,,,,consistent,False,,,,,,
anime,high,100,25000,0.8,value,G2,300,1.48942e-05,1.26363,13.1459,0.225999,0.113144,1,1,0.10213,0.918722,0.463329,0.130935,0.821657,3.08454,1.20426,0.267577,0.0853972,1,0.170794,consistent,False,0.50095,0.968585,0.0653034,0.0953629,0.282067,0.225075
anime,none,100,25000,0.8,source,G2,300,1,4.08351,1.26658,0.0337772,0.272826,1,1,2.11672,0.0351096,0.118568,0.282563,,,,,,,,consistent,False,,,,,,
anime,none,100,25000,0.8,likelihood,G2,300,0.103392,0.713161,24.5506,0.846954,0.955353,1,1,0.863619,0.388489,0.0922931,0.539724,,,,,,,,consistent,False,,,,,,
anime,none,100,25000,0.8,mid,G2,300,0.300776,0.522345,1.50534,0.542032,0.702357,1,1,0.611785,0.541145,0.15317,0.798769,,,,,,,,consistent,False,,,,,,
anime,none,100,25000,0.8,mid_greedy,G2,300,0.106791,1.17237,81.5524,0.136836,0.0722092,1,1,1.29257,0.197159,0.0333366,0.122764,,,,,,,,consistent,False,,,,,,
anime,none,100,25000,0.8,value,G2,300,0.106158,1.00271,79.0179,0.472065,0.652682,1,1,0.958349,0.338661,0.0359108,0.282848,,,,,,,,consistent,False,,,,,,
anime,w-high.g-none.v-none,100,25000,0.8,source,G2,300,1,0.269708,1.42721,0.686987,0.500884,1,1,-0.373383,0.709128,0.114182,0.481328,,,,,,,,consistent,False,,,,,,
anime,w-high.g-none.v-none,100,25000,0.8,likelihood,G2,300,0.000148018,1.02014,2.55696,0.374335,0.359364,1,1,1.89033,0.0596809,0.889653,0.0267189,,,,,,,,consistent,False,,,,,,
anime,w-high.g-none.v-none,100,25000,0.8,mid,G2,300,0.026363,0.828489,3.60724,0.49639,0.017936,1,1,0.671083,0.502686,0.373249,0.402313,,,,,,,,consistent,False,,,,,,
anime,w-high.g-none.v-none,100,25000,0.8,mid_greedy,G2,300,0.00471437,0.909371,1.65801,0.386723,0.293209,1,1,0.808523,0.419433,0.838988,0.360267,,,,,,,,consistent,False,,,,,,
anime,w-high.g-none.v-none,100,25000,0.8,value,G2,300,0.000150526,1.06536,7.60856,0.383705,0.759917,1,1,-0.651844,0.515002,0.637544,0.452322,,,,,,,,consistent,False,,,,,,
anime,w-none.g-high.v-none,100,25000,0.8,source,G2,300,1,0.40666,1.36002,0.586383,0.223452,1,1,0.517009,0.605532,0.0924738,0.0949273,,,,,,,,consistent,False,,,,,,
anime,w-none.g-high.v-none,100,25000,0.8,likelihood,G2,300,0.00820547,1.07587,26.1968,0.359555,0.300549,1,1,1.42503,0.155192,0.312928,0.602961,,,,,,,,consistent,False,,,,,,
anime,w-none.g-high.v-none,100,25000,0.8,mid,G2,300,0.274342,0.833774,1.79485,0.42332,0.400968,1,1,-0.771336,0.441117,0.105884,0.332425,,,,,,,,consistent,False,,,,,,
anime,w-none.g-high.v-none,100,25000,0.8,mid_greedy,G2,300,0.0298029,0.928628,6.58732,0.478811,0.523542,1,1,-0.0341823,0.972755,0.135131,0.0461139,,,,,,,,consistent,False,,,,,,
anime,w-none.g-high.v-none,100,25000,0.8,value,G2,300,0.00688393,0.916498,9.98231,0.5164,0.474931,1,1,-0.895366,0.371312,0.567357,0.807204,,,,,,,,consistent,False,,,,,,
anime,w-none.g-none.v-high,100,25000,0.8,source,G2,300,1,4.65248,1.29024,0.0220633,0.0216733,1,1,2.26881,0.0239923,0.107965,0.926681,,,,,,,,consistent,False,,,,,,
anime,w-none.g-none.v-high,100,25000,0.8,likelihood,G2,300,0.049507,1.01177,64.0019,0.450168,0.709583,1,1,1.54595,0.123175,0.117137,0.644967,,,,,,,,consistent,False,,,,,,
anime,w-none.g-none.v-high,100,25000,0.8,mid,G2,300,0.336805,1.20908,1.78819,0.295485,0.245753,1,1,1.13257,0.258304,0.0878418,0.521269,,,,,,,,consistent,False,,,,,,
anime,w-none.g-none.v-high,100,25000,0.8,mid_greedy,G2,300,0.0169402,1.22662,9.07805,0.272583,0.16409,1,1,1.21851,0.223991,0.157691,0.267438,,,,,,,,consistent,False,,,,,,
anime,w-none.g-none.v-high,100,25000,0.8,value,G2,300,0.0148376,0.914398,27.5626,0.59357,0.109437,1,1,0.379167,0.704833,0.229473,0.30451,,,,,,,,consistent,False,,,,,,
kuairand,high,100,25000,0.8,source,G2,300,1,0.130793,1.33569,0.789997,0.190422,1,1,-0.15742,0.87502,0.101639,0.644374,,,,,,,,consistent,False,,,,,,
kuairand,high,100,25000,0.8,likelihood,G2,300,1.95657e-06,0.641175,12.2288,0.811527,0.277568,1,1,-1.29186,0.197404,0.384805,0.324317,0.509765,1.65815,0.677769,0.77757,0.0272576,1,0.120591,consistent,False,0.26226,0.758151,0.0867332,0.0468687,0.796131,0.787406
kuairand,high,100,25000,0.8,mid,G2,300,0.0396065,0.950792,3.9424,0.432407,0.887144,1,1,0.940627,0.347655,0.530036,0.26915,,,,,,,,consistent,False,,,,,,
kuairand,high,100,25000,0.8,mid_greedy,G2,300,0.00927581,0.800331,1.49921,0.417138,0.894452,1,1,-0.370409,0.71134,0.907864,0.64559,,,,,,,,consistent,False,,,,,,
kuairand,high,100,25000,0.8,value,G2,300,2.42203e-06,1.0014,1.00109,0.31706,0.806062,1,1,0.983218,0.326295,0.996653,0.494741,0.523111,2.57963,0.994825,0.318655,0.0241182,1,0.120591,consistent,False,0.27377,0.768885,0.0471433,0.0577141,0.31835,0.318359
kuairand,none,100,25000,0.8,source,G2,300,1,0.0565366,1.1398,0.84329,0.631903,1,1,-0.00135125,0.998923,0.0940174,0.741937,,,,,,,,consistent,False,,,,,,
kuairand,none,100,25000,0.8,likelihood,G2,300,0.0632446,2.1075,2.84305,0.100487,0.585193,1,1,-1.68897,0.0922667,0.62151,0.57036,,,,,,,,consistent,False,,,,,,
kuairand,none,100,25000,0.8,mid,G2,300,0.436098,0.848482,1.43492,0.394758,0.578658,1,1,0.933729,0.351197,0.100433,0.797068,,,,,,,,consistent,False,,,,,,
kuairand,none,100,25000,0.8,mid_greedy,G2,300,0.0652729,0.994277,54.7259,0.486513,0.278497,1,1,-0.679615,0.497274,0.0866929,0.836199,,,,,,,,consistent,False,,,,,,
kuairand,none,100,25000,0.8,value,G2,300,0.0651066,0.968249,53.1127,0.540016,0.279886,1,1,-0.0999717,0.920434,0.0776273,0.965253,,,,,,,,consistent,False,,,,,,
kuairand,w-high.g-none.v-none,100,25000,0.8,source,G2,300,1,0.201429,1.29273,0.716988,0.38635,1,1,-0.32367,0.746414,0.116314,0.821904,,,,,,,,consistent,False,,,,,,
kuairand,w-high.g-none.v-none,100,25000,0.8,likelihood,G2,300,0.000911088,1.14914,2.73192,0.325754,0.637249,1,1,-0.557905,0.577327,0.784575,0.415471,,,,,,,,consistent,False,,,,,,
kuairand,w-high.g-none.v-none,100,25000,0.8,mid,G2,300,0.0585588,0.69267,2.39784,0.525255,0.589527,1,1,0.473407,0.636268,0.321964,0.569974,,,,,,,,consistent,False,,,,,,
kuairand,w-high.g-none.v-none,100,25000,0.8,mid_greedy,G2,300,0.00836059,0.727971,1.55261,0.45034,0.774708,1,1,-0.47647,0.634087,0.800935,0.946716,,,,,,,,consistent,False,,,,,,
kuairand,w-high.g-none.v-none,100,25000,0.8,value,G2,300,0.000684386,0.696074,5.70229,0.645385,0.56818,1,1,-0.467746,0.640307,0.64449,0.395264,,,,,,,,consistent,False,,,,,,
kuairand,w-none.g-high.v-none,100,25000,0.8,source,G2,300,1,0.209415,1.2076,0.693768,0.894779,1,1,0.385992,0.699777,0.108676,0.889331,,,,,,,,consistent,False,,,,,,
kuairand,w-none.g-high.v-none,100,25000,0.8,likelihood,G2,300,0.00505697,1.13405,8.68101,0.334762,0.130762,1,1,1.09247,0.275506,0.584252,0.486967,,,,,,,,consistent,False,,,,,,
kuairand,w-none.g-high.v-none,100,25000,0.8,mid,G2,300,0.436544,3.73656,1.56335,0.0339706,0.176183,1,1,2.13251,0.0337798,0.117171,0.990297,,,,,,,,consistent,False,,,,,,
kuairand,w-none.g-high.v-none,100,25000,0.8,mid_greedy,G2,300,0.0285065,0.636751,9.95063,0.782705,0.654318,1,1,-0.354823,0.722973,0.314542,0.343931,,,,,,,,consistent,False,,,,,,
kuairand,w-none.g-high.v-none,100,25000,0.8,value,G2,300,0.00611017,0.771649,13.9428,0.700872,0.405932,1,1,-0.908655,0.364264,0.501149,0.803858,,,,,,,,consistent,False,,,,,,
kuairand,w-none.g-none.v-high,100,25000,0.8,source,G2,300,1,2.59167,1.21483,0.100142,0.268465,1,1,-1.65803,0.09836,0.0879615,0.22443,,,,,,,,consistent,False,,,,,,
kuairand,w-none.g-none.v-high,100,25000,0.8,likelihood,G2,300,0.0127828,0.644306,5.22017,0.672692,0.823375,1,1,-0.253576,0.799997,0.520964,0.351313,,,,,,,,consistent,False,,,,,,
kuairand,w-none.g-none.v-high,100,25000,0.8,mid,G2,300,0.433064,3.38856,1.49117,0.0475936,0.872343,1,1,-2.00154,0.0462377,0.117183,0.745133,,,,,,,,consistent,False,,,,,,
kuairand,w-none.g-none.v-high,100,25000,0.8,mid_greedy,G2,300,0.0141892,0.836649,4.70461,0.517397,0.872694,1,1,-0.190248,0.849244,0.544058,0.799134,,,,,,,,consistent,False,,,,,,
kuairand,w-none.g-none.v-high,100,25000,0.8,value,G2,300,0.00716498,0.76142,8.82987,0.649925,0.711046,1,1,-1.02577,0.30583,0.507856,0.597693,,,,,,,,consistent,False,,,,,,
ml,high,100,25000,0.8,source,G2,300,1,0.150907,1.29177,0.762044,0.129465,1,1,0.170832,0.864471,0.119394,0.119841,,,,,,,,consistent,False,,,,,,
ml,high,100,25000,0.8,likelihood,G2,300,3.98531e-06,1.10696,1.96141,0.329729,0.230573,1,1,1.67073,0.0958209,0.971516,0.600847,0.384828,1.69949,1.07795,0.339353,0.040683,1,0.122049,consistent,False,0.158336,0.698253,0.11477,0.103041,0.336166,0.330521
ml,high,100,25000,0.8,mid,G2,300,0.00946997,0.637983,7.69501,0.740132,0.50883,1,1,-0.100835,0.919749,0.166292,0.322124,,,,,,,,consistent,False,,,,,,
ml,high,100,25000,0.8,mid_greedy,G2,300,0.00577459,1.15515,9.21856,0.318679,0.266501,1,1,-1.22473,0.22164,0.222045,0.281583,,,,,,,,consistent,False,,,,,,
ml,high,100,25000,0.8,value,G2,300,3.36741e-06,1.02147,1.18529,0.325129,0.889355,1,1,-1.02679,0.305347,0.974529,0.018201,0.437932,1.05404,0.524978,0.49839,3.5982e-17,1,2.15892e-16,consistent,False,0.184832,0.723155,4.93143e-13,1.41938e-15,0.199785,0.53751
ml,none,100,25000,0.8,source,G2,300,1,0.576412,1.30779,0.491445,0.653555,1,1,0.696847,0.48644,0.101625,0.738036,,,,,,,,consistent,False,,,,,,
ml,none,100,25000,0.8,likelihood,G2,300,0.159274,0.361903,6.9397,0.923445,0.478016,1,1,-0.0379827,0.969727,0.066989,0.801833,,,,,,,,consistent,False,,,,,,
ml,none,100,25000,0.8,mid,G2,300,0.339593,1.05646,1.73308,0.33988,0.199888,1,1,1.0247,0.306332,0.110078,0.506922,,,,,,,,consistent,False,,,,,,
ml,none,100,25000,0.8,mid_greedy,G2,300,0.159997,0.890901,23.1476,0.612751,0.658522,1,1,0.850839,0.39554,0.0757174,0.853903,,,,,,,,consistent,False,,,,,,
ml,none,100,25000,0.8,value,G2,300,0.159881,0.87854,22.2485,0.626118,0.791005,1,1,0.735929,0.462351,0.0792217,0.715349,,,,,,,,consistent,False,,,,,,
ml,w-high.g-none.v-none,100,25000,0.8,source,G2,300,1,1.86285,1.38512,0.167639,0.378443,1,1,1.42671,0.154707,0.0998093,0.391425,,,,,,,,consistent,False,,,,,,
ml,w-high.g-none.v-none,100,25000,0.8,likelihood,G2,300,0.00131534,0.801982,5.95778,0.567369,0.428303,1,1,0.515935,0.606281,0.412483,0.160693,,,,,,,,consistent,False,,,,,,
ml,w-high.g-none.v-none,100,25000,0.8,mid,G2,300,0.135133,0.267151,2.33977,0.79933,0.36385,1,1,-0.105537,0.916021,0.10947,0.931393,,,,,,,,consistent,False,,,,,,
ml,w-high.g-none.v-none,100,25000,0.8,mid_greedy,G2,300,0.0129978,0.749944,3.51045,0.541616,0.0533569,1,1,-0.494667,0.621199,0.220238,0.00130537,,,,,,,,consistent,False,,,,,,
ml,w-high.g-none.v-none,100,25000,0.8,value,G2,300,0.00148873,0.34175,1.56417,0.656999,0.467689,1,1,-0.447942,0.65452,0.887916,0.438661,,,,,,,,consistent,False,,,,,,
ml,w-none.g-high.v-none,100,25000,0.8,source,G2,300,1,0.266663,1.29132,0.665846,0.782133,1,1,-0.402744,0.687425,0.115353,0.326694,,,,,,,,consistent,False,,,,,,
ml,w-none.g-high.v-none,100,25000,0.8,likelihood,G2,300,0.00731268,0.418595,1.89112,0.646569,0.802923,1,1,0.0235844,0.9812,0.639934,0.809774,,,,,,,,consistent,False,,,,,,
ml,w-none.g-high.v-none,100,25000,0.8,mid,G2,300,0.176211,0.247468,2.40758,0.820231,0.118781,1,1,0.0929959,0.925969,0.0813645,0.844098,,,,,,,,consistent,False,,,,,,
ml,w-none.g-high.v-none,100,25000,0.8,mid_greedy,G2,300,0.0062821,1.21566,4.66451,0.299857,0.887595,1,1,1.11815,0.2644,0.391903,0.995866,,,,,,,,consistent,False,,,,,,
ml,w-none.g-high.v-none,100,25000,0.8,value,G2,300,0.00373116,1.11312,3.78197,0.347283,0.310313,1,1,1.44308,0.150046,0.732861,0.0334627,,,,,,,,consistent,False,,,,,,
ml,w-none.g-none.v-high,100,25000,0.8,source,G2,300,1,0.123508,1.28062,0.787412,0.37366,1,1,0.0512947,0.959125,0.101916,0.44604,,,,,,,,consistent,False,,,,,,
ml,w-none.g-none.v-high,100,25000,0.8,likelihood,G2,300,0.0291807,0.682291,41.1182,0.939897,0.510142,1,1,-0.375378,0.707645,0.136176,0.751434,,,,,,,,consistent,False,,,,,,
ml,w-none.g-none.v-high,100,25000,0.8,mid,G2,300,0.254933,0.336231,2.23043,0.73786,0.812862,1,1,-0.159773,0.873168,0.0878398,0.871563,,,,,,,,consistent,False,,,,,,
ml,w-none.g-none.v-high,100,25000,0.8,mid_greedy,G2,300,0.0365837,1.2577,6.24105,0.271786,0.0177397,1,1,-1.37796,0.169246,0.242419,0.817058,,,,,,,,consistent,False,,,,,,
ml,w-none.g-none.v-high,100,25000,0.8,value,G2,300,0.00620323,0.820488,2.6995,0.47143,0.153619,1,1,0.249055,0.803489,0.855878,0.479269,,,,,,,,consistent,False,,,,,,
anime,high,100,25000,0.8,source,G3,300,1,0.373786,1.22586,0.583982,0.712765,1,1,0.548123,0.584017,0.124343,0.319562,,,,,,,,consistent,False,,,,,,
anime,high,100,25000,0.8,likelihood,G3,300,5.48169e-05,0.947873,2.27755,0.397159,0.773108,1,1,-0.830058,0.407168,0.836643,0.799886,0.688237,1.28827,0.899067,0.418033,0.712829,1,1,consistent,False,0.31261,0.937514,0.794291,0.71321,0.41879,0.410283
anime,high,100,25000,0.8,mid,G3,300,0.0105111,0.7124,2.6996,0.530317,0.095062,1,1,-0.47949,0.631941,0.234916,0.0515661,,,,,,,,consistent,False,,,,,,
anime,high,100,25000,0.8,mid_greedy,G3,300,0.00499647,1.0781,3.13777,0.358394,0.647438,1,1,-0.908765,0.364206,0.222577,0.0873856,,,,,,,,consistent,False,,,,,,
anime,high,100,25000,0.8,value,G3,300,1.48942e-05,1.39495,17.358,0.125418,0.065381,1,1,-0.0933323,0.925702,0.358195,0.460987,0.821657,3.08454,1.2714,0.198223,0.0732513,1,0.366256,consistent,False,0.50095,0.968585,0.0493876,0.0624548,0.263417,0.131096
anime,none,100,25000,0.8,source,G3,300,1,4.1182,1.26938,0.0328753,0.271962,1,1,2.12717,0.0342244,0.116513,0.326734,,,,,,,,consistent,False,,,,,,
anime,none,100,25000,0.8,likelihood,G3,300,0.103392,0.709172,24.5926,0.851311,0.947288,1,1,1.00339,0.316486,0.0939644,0.513208,,,,,,,,consistent,False,,,,,,
anime,none,100,25000,0.8,mid,G3,300,0.300776,0.470641,1.51326,0.571003,0.720442,1,1,0.556491,0.578291,0.155005,0.819162,,,,,,,,consistent,False,,,,,,
anime,none,100,25000,0.8,mid_greedy,G3,300,0.106791,1.1684,81.8126,0.141549,0.07806,1,1,1.33761,0.182041,0.0333501,0.132986,,,,,,,,consistent,False,,,,,,
anime,none,100,25000,0.8,value,G3,300,0.106158,0.992131,78.8911,0.498567,0.41631,1,1,0.998206,0.318987,0.0363155,0.282457,,,,,,,,consistent,False,,,,,,
anime,w-high.g-none.v-none,100,25000,0.8,source,G3,300,1,0.221963,1.43599,0.725326,0.427305,1,1,-0.258701,0.796044,0.112705,0.490658,,,,,,,,consistent,False,,,,,,
anime,w-high.g-none.v-none,100,25000,0.8,likelihood,G3,300,0.000148018,1.04543,4.5248,0.385908,0.269156,1,1,1.70539,0.0891603,0.800327,0.200297,,,,,,,,consistent,False,,,,,,
anime,w-high.g-none.v-none,100,25000,0.8,mid,G3,300,0.026363,0.849495,3.67058,0.485535,0.0195585,1,1,0.676212,0.499429,0.32034,0.351738,,,,,,,,consistent,False,,,,,,
anime,w-high.g-none.v-none,100,25000,0.8,mid_greedy,G3,300,0.00471437,0.880068,1.66111,0.397645,0.374378,1,1,0.749303,0.454264,0.82713,0.334217,,,,,,,,consistent,False,,,,,,
anime,w-high.g-none.v-none,100,25000,0.8,value,G3,300,0.000150526,1.04341,8.5106,0.401248,0.598126,1,1,-0.39637,0.692115,0.617573,0.375547,,,,,,,,consistent,False,,,,,,
anime,w-none.g-high.v-none,100,25000,0.8,source,G3,300,1,0.351516,1.35423,0.61907,0.207528,1,1,0.455935,0.648768,0.100362,0.371538,,,,,,,,consistent,False,,,,,,
anime,w-none.g-high.v-none,100,25000,0.8,likelihood,G3,300,0.00820547,1.01735,22.31,0.437435,0.127693,1,1,1.50866,0.13244,0.342197,0.704561,,,,,,,,consistent,False,,,,,,
anime,w-none.g-high.v-none,100,25000,0.8,mid,G3,300,0.274342,0.6662,1.80441,0.498816,0.668941,1,1,-0.631606,0.528127,0.102389,0.306639,,,,,,,,consistent,False,,,,,,
anime,w-none.g-high.v-none,100,25000,0.8,mid_greedy,G3,300,0.0298029,0.933767,6.64985,0.47553,0.346457,1,1,-0.198214,0.843013,0.114606,0.034588,,,,,,,,consistent,False,,,,,,
anime,w-none.g-high.v-none,100,25000,0.8,value,G3,300,0.00688393,0.940585,8.4743,0.484553,0.57304,1,1,-0.886129,0.37626,0.569248,0.901968,,,,,,,,consistent,False,,,,,,
anime,w-none.g-none.v-high,100,25000,0.8,source,G3,300,1,4.69406,1.29194,0.0213818,0.0535166,1,1,2.27923,0.0233581,0.110746,0.815907,,,,,,,,consistent,False,,,,,,
anime,w-none.g-none.v-high,100,25000,0.8,likelihood,G3,300,0.049507,1.01605,67.0295,0.440399,0.703795,1,1,1.7026,0.0896822,0.11336,0.265199,,,,,,,,consistent,False,,,,,,
anime,w-none.g-none.v-high,100,25000,0.8,mid,G3,300,0.336805,1.30038,1.77775,0.27092,0.252328,1,1,1.1855,0.23676,0.0855299,0.720851,,,,,,,,consistent,False,,,,,,
anime,w-none.g-none.v-high,100,25000,0.8,mid_greedy,G3,300,0.0169402,1.10189,8.96836,0.35728,0.286215,1,1,1.09432,0.274696,0.162076,0.451859,,,,,,,,consistent,False,,,,,,
anime,w-none.g-none.v-high,100,25000,0.8,value,G3,300,0.0148376,0.941986,24.6992,0.544772,0.336119,1,1,0.33664,0.736624,0.274969,0.407322,,,,,,,,consistent,False,,,,,,
kuairand,high,100,25000,0.8,source,G3,300,1,0.283856,1.34586,0.663116,0.183983,1,1,-0.443373,0.657817,0.104231,0.707175,,,,,,,,consistent,False,,,,,,
kuairand,high,100,25000,0.8,likelihood,G3,300,1.95657e-06,0.733886,11.2575,0.710108,0.490352,1,1,-1.60552,0.109436,0.431085,0.895449,0.509765,1.65815,0.744427,0.699575,0.111573,1,0.368892,consistent,False,0.26226,0.758151,0.2542,0.172886,0.717367,0.693149
kuairand,high,100,25000,0.8,mid,G3,300,0.0396065,1.03196,3.93161,0.388331,0.806496,1,1,0.522082,0.602,0.373856,0.353128,,,,,,,,consistent,False,,,,,,
kuairand,high,100,25000,0.8,mid_greedy,G3,300,0.00927581,1.06897,2.75164,0.357545,0.255524,1,1,-1.17107,0.242504,0.795825,0.0054937,,,,,,,,consistent,False,,,,,,
kuairand,high,100,25000,0.8,value,G3,300,2.42203e-06,1.00124,1.00212,0.317184,0.0694428,1,1,0.970914,0.332376,0.996542,0.000153032,0.523111,2.57963,0.989283,0.320094,8.69196e-05,1,0.000521517,consistent,False,0.27377,0.768885,0.000107802,5.17433e-05,0.319549,0.319536
kuairand,none,100,25000,0.8,source,G3,300,1,0.0545354,1.13939,0.846331,0.707524,1,1,-0.000870632,0.999306,0.0923422,0.791621,,,,,,,,consistent,False,,,,,,
kuairand,none,100,25000,0.8,likelihood,G3,300,0.0632446,2.19138,2.83493,0.0905237,0.622817,1,1,-1.71295,0.0877583,0.621656,0.799215,,,,,,,,consistent,False,,,,,,
kuairand,none,100,25000,0.8,mid,G3,300,0.436098,0.903775,1.43974,0.376084,0.625299,1,1,0.971006,0.33233,0.0993571,0.825725,,,,,,,,consistent,False,,,,,,
kuairand,none,100,25000,0.8,mid_greedy,G3,300,0.0652729,1.00716,54.1481,0.459679,0.21287,1,1,-0.745582,0.456506,0.0864659,0.822801,,,,,,,,consistent,False,,,,,,
kuairand,none,100,25000,0.8,value,G3,300,0.0651066,0.981779,52.3853,0.511384,0.216244,1,1,-0.0852742,0.9321,0.0771417,0.958126,,,,,,,,consistent,False,,,,,,
kuairand,w-high.g-none.v-none,100,25000,0.8,source,G3,300,1,0.316044,1.29256,0.631759,0.34811,1,1,-0.490786,0.623938,0.107319,0.63356,,,,,,,,consistent,False,,,,,,
kuairand,w-high.g-none.v-none,100,25000,0.8,likelihood,G3,300,0.000911088,1.15486,10.6627,0.314255,0.506657,1,1,-0.587569,0.557265,0.579971,0.284466,,,,,,,,consistent,False,,,,,,
kuairand,w-high.g-none.v-none,100,25000,0.8,mid,G3,300,0.0585588,0.642637,2.48748,0.558891,0.561992,1,1,0.498176,0.618726,0.360907,0.604632,,,,,,,,consistent,False,,,,,,
kuairand,w-high.g-none.v-none,100,25000,0.8,mid_greedy,G3,300,0.00836059,0.714569,2.40198,0.513595,0.93675,1,1,-0.407622,0.683843,0.626687,0.984322,,,,,,,,consistent,False,,,,,,
kuairand,w-high.g-none.v-none,100,25000,0.8,value,G3,300,0.000684386,0.647796,4.54694,0.648317,0.547406,1,1,-0.520689,0.602969,0.647661,0.641654,,,,,,,,consistent,False,,,,,,
kuairand,w-none.g-high.v-none,100,25000,0.8,source,G3,300,1,0.186432,1.21108,0.713784,0.869318,1,1,0.343631,0.731365,0.102111,0.720603,,,,,,,,consistent,False,,,,,,
kuairand,w-none.g-high.v-none,100,25000,0.8,likelihood,G3,300,0.00505697,1.13642,10.3946,0.328827,0.0575863,1,1,1.22841,0.220259,0.48787,0.167661,,,,,,,,consistent,False,,,,,,
kuairand,w-none.g-high.v-none,100,25000,0.8,mid,G3,300,0.436544,3.64633,1.56951,0.0364325,0.284267,1,1,2.10324,0.0362806,0.106742,0.988073,,,,,,,,consistent,False,,,,,,
kuairand,w-none.g-high.v-none,100,25000,0.8,mid_greedy,G3,300,0.0285065,0.627985,9.8025,0.788014,0.602198,1,1,-0.18299,0.85493,0.308675,0.0885505,,,,,,,,consistent,False,,,,,,
kuairand,w-none.g-high.v-none,100,25000,0.8,value,G3,300,0.00611017,0.784511,11.6526,0.663421,0.730524,1,1,-0.864713,0.38789,0.562467,0.885459,,,,,,,,consistent,False,,,,,,
kuairand,w-none.g-none.v-high,100,25000,0.8,source,G3,300,1,3.11348,1.22006,0.0690617,0.420192,1,1,-1.82381,0.0691788,0.0904588,0.449108,,,,,,,,consistent,False,,,,,,
kuairand,w-none.g-none.v-high,100,25000,0.8,likelihood,G3,300,0.0127828,0.588683,4.92635,0.706186,0.692097,1,1,-0.396165,0.692266,0.445416,0.936628,,,,,,,,consistent,False,,,,,,
kuairand,w-none.g-none.v-high,100,25000,0.8,mid,G3,300,0.433064,3.00272,1.52102,0.0639572,0.933936,1,1,-1.88898,0.0598621,0.123962,0.9214,,,,,,,,consistent,False,,,,,,
kuairand,w-none.g-none.v-high,100,25000,0.8,mid_greedy,G3,300,0.0141892,0.854618,5.00552,0.510905,0.560392,1,1,0.0970916,0.922719,0.553558,0.695128,,,,,,,,consistent,False,,,,,,
kuairand,w-none.g-none.v-high,100,25000,0.8,value,G3,300,0.00716498,0.788419,8.04587,0.613535,0.652436,1,1,-1.13176,0.258642,0.530564,0.421986,,,,,,,,consistent,False,,,,,,
ml,high,100,25000,0.8,source,G3,300,1,0.223489,1.29051,0.698548,0.0752544,1,1,0.337426,0.736032,0.120917,0.582011,,,,,,,,consistent,False,,,,,,
ml,high,100,25000,0.8,likelihood,G3,300,3.98531e-06,1.14473,1.63375,0.310352,0.445954,1,1,1.91828,0.0560271,0.920288,0.035494,0.384828,1.69949,1.11879,0.317794,0.0922229,1,0.368892,consistent,False,0.158336,0.698253,0.32629,0.294604,0.314322,0.303593
ml,high,100,25000,0.8,mid,G3,300,0.00946997,0.606765,7.5017,0.762394,0.462374,1,1,-0.170484,0.864744,0.161925,0.100082,,,,,,,,consistent,False,,,,,,
ml,high,100,25000,0.8,mid_greedy,G3,300,0.00577459,1.12089,7.86819,0.345272,0.25612,1,1,-1.23401,0.218166,0.274314,0.582248,,,,,,,,consistent,False,,,,,,
ml,high,100,25000,0.8,value,G3,300,3.36741e-06,2.79982,2.62508,0.0456446,3.82507e-47,1,2.8688e-45,-2.11309,0.0354211,0.925382,4.56453e-45,0.437932,1.05404,1.03946,0.36766,0.751516,1,1,practical support failure,False,0.184832,0.723155,3.80979e-74,0.28139,0.00251581,0.436993
ml,none,100,25000,0.8,source,G3,300,1,0.556412,1.30805,0.500724,0.643142,1,1,0.681091,0.496341,0.101296,0.634839,,,,,,,,consistent,False,,,,,,
ml,none,100,25000,0.8,likelihood,G3,300,0.159274,0.363944,6.89893,0.921564,0.512244,1,1,-0.102024,0.918806,0.0674105,0.821083,,,,,,,,consistent,False,,,,,,
ml,none,100,25000,0.8,mid,G3,300,0.339593,0.80154,1.7345,0.432923,0.19029,1,1,0.849078,0.396517,0.110525,0.51985,,,,,,,,consistent,False,,,,,,
ml,none,100,25000,0.8,mid_greedy,G3,300,0.159997,0.896456,22.7561,0.603422,0.65113,1,1,0.917235,0.359759,0.0764287,0.806739,,,,,,,,consistent,False,,,,,,
ml,none,100,25000,0.8,value,G3,300,0.159881,0.885986,21.8404,0.614113,0.733821,1,1,0.804109,0.421973,0.0800006,0.67863,,,,,,,,consistent,False,,,,,,
ml,w-high.g-none.v-none,100,25000,0.8,source,G3,300,1,1.71022,1.38116,0.189626,0.308207,1,1,1.36066,0.174647,0.10292,0.754196,,,,,,,,consistent,False,,,,,,
ml,w-high.g-none.v-none,100,25000,0.8,likelihood,G3,300,0.00131534,1.00879,5.90357,0.416735,0.681937,1,1,0.19839,0.842875,0.425918,0.0488392,,,,,,,,consistent,False,,,,,,
ml,w-high.g-none.v-none,100,25000,0.8,mid,G3,300,0.135133,0.262196,2.26923,0.796639,0.41856,1,1,-0.19796,0.843211,0.112083,0.776116,,,,,,,,consistent,False,,,,,,
ml,w-high.g-none.v-none,100,25000,0.8,mid_greedy,G3,300,0.0129978,0.842688,3.48196,0.484546,0.121863,1,1,-0.745203,0.456734,0.202798,0.00176489,,,,,,,,consistent,False,,,,,,
ml,w-high.g-none.v-none,100,25000,0.8,value,G3,300,0.00148873,0.551619,1.96691,0.573119,0.55225,1,1,-0.751928,0.452686,0.84131,0.564715,,,,,,,,consistent,False,,,,,,
ml,w-none.g-high.v-none,100,25000,0.8,source,G3,300,1,0.433608,1.2879,0.560091,0.867775,1,1,-0.591773,0.55445,0.115801,0.794982,,,,,,,,consistent,False,,,,,,
ml,w-none.g-high.v-none,100,25000,0.8,likelihood,G3,300,0.00731268,0.375019,1.96956,0.684037,0.705596,1,1,-0.197337,0.843698,0.680712,0.5973,,,,,,,,consistent,False,,,,,,
ml,w-none.g-high.v-none,100,25000,0.8,mid,G3,300,0.176211,0.280944,2.41889,0.795903,0.105817,1,1,0.108994,0.913281,0.0841577,0.158586,,,,,,,,consistent,False,,,,,,
ml,w-none.g-high.v-none,100,25000,0.8,mid_greedy,G3,300,0.0062821,1.31955,4.47631,0.256405,0.796022,1,1,1.19396,0.233442,0.413894,0.992017,,,,,,,,consistent,False,,,,,,
ml,w-none.g-high.v-none,100,25000,0.8,value,G3,300,0.00373116,0.985699,2.95292,0.397381,0.412075,1,1,1.35198,0.177403,0.831759,0.0212329,,,,,,,,consistent,False,,,,,,
ml,w-none.g-none.v-high,100,25000,0.8,source,G3,300,1,0.161096,1.28988,0.752055,0.398439,1,1,-0.218827,0.826934,0.0949709,0.282378,,,,,,,,consistent,False,,,,,,
ml,w-none.g-none.v-high,100,25000,0.8,likelihood,G3,300,0.0291807,0.686492,40.5946,0.935566,0.666571,1,1,-0.365346,0.715111,0.132718,0.968769,,,,,,,,consistent,False,,,,,,
ml,w-none.g-none.v-high,100,25000,0.8,mid,G3,300,0.254933,0.397703,2.22345,0.693766,0.848158,1,1,-0.358713,0.720063,0.0809553,0.878253,,,,,,,,consistent,False,,,,,,
ml,w-none.g-none.v-high,100,25000,0.8,mid_greedy,G3,300,0.0365837,1.56712,7.03483,0.139534,0.0175568,1,1,-1.75519,0.0802501,0.239424,0.860767,,,,,,,,consistent,False,,,,,,
ml,w-none.g-none.v-high,100,25000,0.8,value,G3,300,0.00620323,0.720355,2.42159,0.511554,0.0624426,1,1,0.194457,0.84595,0.907162,0.665651,,,,,,,,consistent,False,,,,,,
anime,high,100,25000,0.8,source,G4,300,1,0.292111,1.21604,0.633939,0.820225,1,1,0.462415,0.64412,0.126011,0.493107,,,,,,,,consistent,False,,,,,,
anime,high,100,25000,0.8,likelihood,G4,300,5.48169e-05,1.36758,63.0217,0.0279562,0.0543517,1,1,-1.15204,0.250225,0.0409582,0.308218,0.688237,1.28827,266.512,0,1.02968e-91,0,6.17805e-91,consistent,False,0.31261,0.937514,2.60605e-74,6.2284e-83,0,0
anime,high,100,25000,0.8,mid,G4,300,0.0105111,0.44708,2.35342,0.671674,0.0467219,1,1,-0.347337,0.728582,0.0834002,0.293715,,,,,,,,consistent,False,,,,,,
anime,high,100,25000,0.8,mid_greedy,G4,300,0.00499647,0.393097,2.60182,0.72923,0.529692,1,1,-0.135674,0.89217,0.0755032,0.422355,,,,,,,,consistent,False,,,,,,
anime,high,100,25000,0.8,value,G4,300,1.48942e-05,1.05668,31.3812,0.380447,0.738365,1,1,1.60095,0.110443,0.131724,0.741344,0.821657,3.08454,47.6143,1.02448e-294,1.51239e-41,3.07343e-294,4.53716e-41,consistent,False,0.50095,0.968585,2.53416e-59,4.60934e-11,0,1.11519e-83
anime,none,100,25000,0.8,source,G4,300,1,4.09181,1.26631,0.0335889,0.275503,1,1,2.11885,0.0349278,0.118594,0.287936,,,,,,,,consistent,False,,,,,,
anime,none,100,25000,0.8,likelihood,G4,300,0.103392,0.79073,29.9426,0.784189,0.687874,1,1,0.312465,0.754905,0.0512573,0.860794,,,,,,,,consistent,False,,,,,,
anime,none,100,25000,0.8,mid,G4,300,0.300776,1.0401,1.60724,0.340557,0.889103,1,1,1.02683,0.305332,0.14772,0.681042,,,,,,,,consistent,False,,,,,,
anime,none,100,25000,0.8,mid_greedy,G4,300,0.106791,1.10684,77.5623,0.243168,0.0575588,1,1,0.594494,0.552631,0.0279382,0.209445,,,,,,,,consistent,False,,,,,,
anime,none,100,25000,0.8,value,G4,300,0.106158,1.1289,75.383,0.207979,0.0179774,1,1,1.64416,0.101194,0.026288,0.169973,,,,,,,,consistent,False,,,,,,
anime,w-high.g-none.v-none,100,25000,0.8,source,G4,300,1,0.263997,1.42652,0.691115,0.509578,1,1,-0.364292,0.715898,0.114352,0.47719,,,,,,,,consistent,False,,,,,,
anime,w-high.g-none.v-none,100,25000,0.8,likelihood,G4,300,0.000148018,0.731559,22.6789,0.815647,0.82523,1,1,-0.0272615,0.978269,0.113041,0.589387,,,,,,,,consistent,False,,,,,,
anime,w-high.g-none.v-none,100,25000,0.8,mid,G4,300,0.026363,0.372062,2.36615,0.724614,0.272603,1,1,0.246032,0.805826,0.0822294,0.2449,,,,,,,,consistent,False,,,,,,
anime,w-high.g-none.v-none,100,25000,0.8,mid_greedy,G4,300,0.00471437,0.517608,4.59838,0.748113,0.572099,1,1,0.0079885,0.993631,0.0897902,0.146222,,,,,,,,consistent,False,,,,,,
anime,w-high.g-none.v-none,100,25000,0.8,value,G4,300,0.000150526,0.920192,56.1648,0.644812,0.595207,1,1,-1.0887,0.277163,0.0438963,0.584393,,,,,,,,consistent,False,,,,,,
anime,w-none.g-high.v-none,100,25000,0.8,source,G4,300,1,0.409257,1.36017,0.584889,0.222375,1,1,0.51959,0.603734,0.0924516,0.0960031,,,,,,,,consistent,False,,,,,,
anime,w-none.g-high.v-none,100,25000,0.8,likelihood,G4,300,0.00820547,1.02661,68.8469,0.416244,0.928947,1,1,0.353331,0.72409,0.0402133,0.0124613,,,,,,,,consistent,False,,,,,,
anime,w-none.g-high.v-none,100,25000,0.8,mid,G4,300,0.274342,0.347912,1.74184,0.676296,0.0612433,1,1,0.230262,0.818046,0.106846,0.426432,,,,,,,,consistent,False,,,,,,
anime,w-none.g-high.v-none,100,25000,0.8,mid_greedy,G4,300,0.0298029,1.34046,5.24566,0.241598,0.597127,1,1,1.37415,0.170425,0.0534989,0.181921,,,,,,,,consistent,False,,,,,,
anime,w-none.g-high.v-none,100,25000,0.8,value,G4,300,0.00688393,0.899455,64.8433,0.703265,0.372639,1,1,0.0656301,0.947716,0.0471443,0.303308,,,,,,,,consistent,False,,,,,,
anime,w-none.g-none.v-high,100,25000,0.8,source,G4,300,1,4.63025,1.29031,0.0224107,0.0214408,1,1,2.26326,0.0243366,0.108406,0.927811,,,,,,,,consistent,False,,,,,,
anime,w-none.g-none.v-high,100,25000,0.8,likelihood,G4,300,0.049507,0.846548,94.0247,0.855899,0.746753,1,1,0.130768,0.896046,0.0262753,0.731655,,,,,,,,consistent,False,,,,,,
anime,w-none.g-none.v-high,100,25000,0.8,mid,G4,300,0.336805,1.87878,1.86345,0.1558,0.0843288,1,1,1.47833,0.140373,0.0892149,0.751062,,,,,,,,consistent,False,,,,,,
anime,w-none.g-none.v-high,100,25000,0.8,mid_greedy,G4,300,0.0169402,0.615084,5.41518,0.70152,0.367487,1,1,0.572184,0.567627,0.0540938,0.349062,,,,,,,,consistent,False,,,,,,
anime,w-none.g-none.v-high,100,25000,0.8,value,G4,300,0.0148376,0.98541,68.8268,0.511598,0.63406,1,1,0.247332,0.804821,0.0470968,0.796577,,,,,,,,consistent,False,,,,,,
kuairand,high,100,25000,0.8,source,G4,300,1,0.131683,1.33476,0.788926,0.184951,1,1,-0.162284,0.871192,0.101339,0.650147,,,,,,,,consistent,False,,,,,,
kuairand,high,100,25000,0.8,likelihood,G4,300,1.95657e-06,0.921263,33.837,0.599125,0.143129,1,1,-0.166299,0.868034,0.0366376,0.248415,0.509765,1.65815,380.844,0,1.89822e-85,0,7.5929e-85,consistent,False,0.26226,0.758151,3.95886e-75,7.33091e-87,0,0
kuairand,high,100,25000,0.8,mid,G4,300,0.0396065,0.654998,2.50646,0.552849,0.985892,1,1,-0.667974,0.504665,0.0973267,0.980099,,,,,,,,consistent,False,,,,,,
kuairand,high,100,25000,0.8,mid_greedy,G4,300,0.00927581,0.638303,2.94421,0.587352,0.930885,1,1,-0.526102,0.599208,0.0794901,0.886541,,,,,,,,consistent,False,,,,,,
kuairand,high,100,25000,0.8,value,G4,300,2.42203e-06,0.8848,8.61532,0.534265,0.659832,1,1,-0.299774,0.764558,0.114993,0.102264,0.523111,2.57963,74.9423,1.41319e-133,5.3597e-34,2.82638e-133,1.03922e-33,consistent,False,0.27377,0.768885,1.54471e-28,2.6793e-24,9.50639e-89,3.93661e-66
kuairand,none,100,25000,0.8,source,G4,300,1,0.0560477,1.13973,0.844033,0.641652,1,1,-0.00272538,0.997827,0.0939554,0.744388,,,,,,,,consistent,False,,,,,,
kuairand,none,100,25000,0.8,likelihood,G4,300,0.0632446,0.945129,9.88135,0.489217,0.203293,1,1,-0.508951,0.611162,0.14728,0.0485786,,,,,,,,consistent,False,,,,,,
kuairand,none,100,25000,0.8,mid,G4,300,0.436098,0.67065,1.29472,0.449392,0.858346,1,1,0.801991,0.423195,0.102181,0.902975,,,,,,,,consistent,False,,,,,,
kuairand,none,100,25000,0.8,mid_greedy,G4,300,0.0652729,0.921249,42.3949,0.617756,0.875621,1,1,-0.376624,0.70672,0.0325756,0.608718,,,,,,,,consistent,False,,,,,,
kuairand,none,100,25000,0.8,value,G4,300,0.0651066,0.907339,40.9675,0.640112,0.891617,1,1,-0.353651,0.72385,0.0341396,0.615954,,,,,,,,consistent,False,,,,,,
kuairand,w-high.g-none.v-none,100,25000,0.8,source,G4,300,1,0.202733,1.29306,0.715958,0.374697,1,1,-0.325838,0.744775,0.116475,0.82806,,,,,,,,consistent,False,,,,,,
kuairand,w-high.g-none.v-none,100,25000,0.8,likelihood,G4,300,0.000911088,1.83758,16.4417,0.020132,0.709327,1,1,-0.765941,0.444315,0.0756131,0.0451352,,,,,,,,consistent,False,,,,,,
kuairand,w-high.g-none.v-none,100,25000,0.8,mid,G4,300,0.0585588,1.41185,1.59971,0.243515,0.511288,1,1,1.25314,0.211134,0.114076,0.716505,,,,,,,,consistent,False,,,,,,
kuairand,w-high.g-none.v-none,100,25000,0.8,mid_greedy,G4,300,0.00836059,1.22099,4.1159,0.299122,0.907926,1,1,1.38592,0.166805,0.0603546,0.716372,,,,,,,,consistent,False,,,,,,
kuairand,w-high.g-none.v-none,100,25000,0.8,value,G4,300,0.000684386,0.933953,24.4523,0.555743,0.0261094,1,1,-0.766791,0.443811,0.0491659,0.789988,,,,,,,,consistent,False,,,,,,
kuairand,w-none.g-high.v-none,100,25000,0.8,source,G4,300,1,0.219858,1.20743,0.685326,0.894697,1,1,0.400725,0.688909,0.10924,0.889521,,,,,,,,consistent,False,,,,,,
kuairand,w-none.g-high.v-none,100,25000,0.8,likelihood,G4,300,0.00505697,1.4273,17.5639,0.109345,0.315136,1,1,1.18803,0.235766,0.0814416,0.457829,,,,,,,,consistent,False,,,,,,
kuairand,w-none.g-high.v-none,100,25000,0.8,mid,G4,300,0.436544,1.5626,1.42474,0.213731,0.479972,1,1,1.31408,0.189827,0.108559,0.929059,,,,,,,,consistent,False,,,,,,
kuairand,w-none.g-high.v-none,100,25000,0.8,mid_greedy,G4,300,0.0285065,0.715655,9.33271,0.700425,0.282267,1,1,-0.56732,0.570923,0.0499092,0.899543,,,,,,,,consistent,False,,,,,,
kuairand,w-none.g-high.v-none,100,25000,0.8,value,G4,300,0.00611017,0.736959,26.9639,0.834821,0.528787,1,1,-0.442858,0.658188,0.0603216,0.688875,,,,,,,,consistent,False,,,,,,
kuairand,w-none.g-none.v-high,100,25000,0.8,source,G4,300,1,2.59298,1.21474,0.100051,0.286266,1,1,-1.65845,0.0982758,0.0878725,0.219944,,,,,,,,consistent,False,,,,,,
kuairand,w-none.g-none.v-high,100,25000,0.8,likelihood,G4,300,0.0127828,0.619963,5.4024,0.69729,0.59216,1,1,-0.0750549,0.940221,0.15661,0.248068,,,,,,,,consistent,False,,,,,,
kuairand,w-none.g-none.v-high,100,25000,0.8,mid,G4,300,0.433064,0.964331,1.37762,0.352944,0.726306,1,1,-0.993237,0.321397,0.122951,0.757199,,,,,,,,consistent,False,,,,,,
kuairand,w-none.g-none.v-high,100,25000,0.8,mid_greedy,G4,300,0.0141892,0.57952,4.66156,0.703737,0.129862,1,1,-0.347446,0.728501,0.0667555,0.728075,,,,,,,,consistent,False,,,,,,
kuairand,w-none.g-none.v-high,100,25000,0.8,value,G4,300,0.00716498,1.27692,24.3789,0.162722,0.314473,1,1,1.38096,0.168323,0.0697331,0.0068256,,,,,,,,consistent,False,,,,,,
ml,high,100,25000,0.8,source,G4,300,1,0.158597,1.29146,0.754691,0.131223,1,1,0.195183,0.845382,0.119224,0.116432,,,,,,,,consistent,False,,,,,,
ml,high,100,25000,0.8,likelihood,G4,300,3.98531e-06,1.1272,56.6297,0.238183,0.607756,1,1,0.40543,0.685451,0.041377,0.763687,0.384828,1.69949,480.87,0,7.35485e-90,0,3.67742e-89,consistent,False,0.158336,0.698253,1.39723e-71,2.06005e-82,0,0
ml,high,100,25000,0.8,mid,G4,300,0.00946997,0.566716,3.47141,0.662178,0.673598,1,1,0.305236,0.760399,0.0704531,0.106684,,,,,,,,consistent,False,,,,,,
ml,high,100,25000,0.8,mid_greedy,G4,300,0.00577459,0.546884,3.74176,0.689451,0.698599,1,1,-0.189514,0.849818,0.0690233,0.138711,,,,,,,,consistent,False,,,,,,
ml,high,100,25000,0.8,value,G4,300,3.36741e-06,0.341853,5.23495,0.894924,0.730953,1,1,-0.0631781,0.949667,0.560265,0.290474,0.437932,1.05404,50.792,3.4776e-55,5.19608e-34,3.4776e-55,1.03922e-33,consistent,False,0.184832,0.723155,2.81796e-21,6.11806e-24,1.17464e-27,5.57332e-51
ml,none,100,25000,0.8,source,G4,300,1,0.583511,1.3077,0.488208,0.65002,1,1,0.702449,0.482945,0.1016,0.731192,,,,,,,,consistent,False,,,,,,
ml,none,100,25000,0.8,likelihood,G4,300,0.159274,0.497118,6.15396,0.815416,0.624503,1,1,-0.148209,0.882278,0.0599603,0.937501,,,,,,,,consistent,False,,,,,,
ml,none,100,25000,0.8,mid,G4,300,0.339593,0.948124,1.69396,0.374689,0.264871,1,1,0.96894,0.333358,0.116755,0.606084,,,,,,,,consistent,False,,,,,,
ml,none,100,25000,0.8,mid_greedy,G4,300,0.159997,0.985692,32.0761,0.489677,0.828732,1,1,0.812495,0.417154,0.0361612,0.827722,,,,,,,,consistent,False,,,,,,
ml,none,100,25000,0.8,value,G4,300,0.159881,1.00261,31.586,0.462411,0.768275,1,1,0.717542,0.4736,0.0369153,0.595031,,,,,,,,consistent,False,,,,,,
ml,w-high.g-none.v-none,100,25000,0.8,source,G4,300,1,1.87003,1.38512,0.166676,0.371102,1,1,1.42947,0.153914,0.100072,0.39904,,,,,,,,consistent,False,,,,,,
ml,w-high.g-none.v-none,100,25000,0.8,likelihood,G4,300,0.00131534,0.815266,7.47973,0.581577,0.314287,1,1,1.55657,0.12063,0.125254,0.609523,,,,,,,,consistent,False,,,,,,
ml,w-high.g-none.v-none,100,25000,0.8,mid,G4,300,0.135133,1.03135,1.80407,0.350461,0.766615,1,1,1.06553,0.287495,0.0707461,0.768627,,,,,,,,consistent,False,,,,,,
ml,w-high.g-none.v-none,100,25000,0.8,mid_greedy,G4,300,0.0129978,0.557032,2.49749,0.611383,0.565461,1,1,0.498353,0.618602,0.0792583,0.310109,,,,,,,,consistent,False,,,,,,
ml,w-high.g-none.v-none,100,25000,0.8,value,G4,300,0.00148873,0.872063,21.9393,0.633571,0.442051,1,1,-0.660886,0.509195,0.0579572,0.522136,,,,,,,,consistent,False,,,,,,
ml,w-none.g-high.v-none,100,25000,0.8,source,G4,300,1,0.274001,1.29112,0.660507,0.788965,1,1,-0.413039,0.679874,0.115209,0.337357,,,,,,,,consistent,False,,,,,,
ml,w-none.g-high.v-none,100,25000,0.8,likelihood,G4,300,0.00731268,0.441016,4.59745,0.804914,0.658064,1,1,0.0534703,0.957393,0.128375,0.221331,,,,,,,,consistent,False,,,,,,
ml,w-none.g-high.v-none,100,25000,0.8,mid,G4,300,0.176211,0.488474,1.83167,0.596977,0.234823,1,1,0.566171,0.571702,0.0870288,0.150198,,,,,,,,consistent,False,,,,,,
ml,w-none.g-high.v-none,100,25000,0.8,mid_greedy,G4,300,0.0062821,3.24228,4.76787,0.00719827,0.421186,0.53987,1,2.54527,0.0114215,0.0629787,0.14656,,,,,,,,consistent,False,,,,,,
ml,w-none.g-high.v-none,100,25000,0.8,value,G4,300,0.00373116,0.748614,9.00261,0.664465,0.0182195,1,1,2.0117,0.0451486,0.262257,0.0103591,,,,,,,,consistent,False,,,,,,
ml,w-none.g-none.v-high,100,25000,0.8,source,G4,300,1,0.124036,1.2807,0.786873,0.367084,1,1,0.0556969,0.95562,0.101931,0.312685,,,,,,,,consistent,False,,,,,,
ml,w-none.g-none.v-high,100,25000,0.8,likelihood,G4,300,0.0291807,0.841781,64.3037,0.813194,0.980784,1,1,-0.189567,0.849777,0.0253603,0.63705,,,,,,,,consistent,False,,,,,,
ml,w-none.g-none.v-high,100,25000,0.8,mid,G4,300,0.254933,0.363459,2.04703,0.700208,0.844127,1,1,0.365071,0.715317,0.0957798,0.327087,,,,,,,,consistent,False,,,,,,
ml,w-none.g-none.v-high,100,25000,0.8,mid_greedy,G4,300,0.0365837,0.777957,5.06724,0.566967,0.247814,1,1,-0.706708,0.480298,0.0506636,0.844627,,,,,,,,consistent,False,,,,,,
ml,w-none.g-none.v-high,100,25000,0.8,value,G4,300,0.00620323,0.583713,10.6589,0.83891,0.146581,1,1,-0.400629,0.688979,0.210336,0.51545,,,,,,,,consistent,False,,,,,,
