panel,run_tag,arm,worlds,diverged_trials,native_gain,native_gain_lo,native_gain_hi,common_gain,common_gain_lo,common_gain_hi,best_gain,best_gain_lo,best_gain_hi,trial_mean_gain,trial_mean_gain_lo,trial_mean_gain_hi,regret_native,regret_native_lo,regret_native_hi,regret_common,regret_common_lo,regret_common_hi,native_anchor_R,native_anchor_R_lo,native_anchor_R_hi,native_changed_share,native_changed_share_lo,native_changed_share_hi,native_lambda=0,native_lambda=0.001,native_lambda=0.01,native_lambda=0.1,native_lambda=1
all,run_shared_tune_s200,shared_iw_likelihood,18,0,-0.508552,-1.50476,0.487661,0.379551,0.0745027,0.684599,0.529094,0.196692,0.861496,-0.429499,-0.819634,-0.0393643,1.03765,0.201482,1.87381,0.149543,0.0515721,0.247515,0.0445189,0.0197075,0.0693303,0.410737,0.305184,0.516291,3,4,5,6,
all,run_shared_tune_s200,shared_iw_likelihood_clip10,18,0,0.529634,0.138805,0.920462,0.617047,0.235692,0.998402,0.770433,0.377838,1.16303,-0.470765,-0.863958,-0.0775714,0.2408,0.123143,0.358456,0.153386,0.0536091,0.253163,0.0137167,0.00632146,0.021112,0.278183,0.202031,0.354334,7,3,6,2,
all,run_shared_tune_s200,shared_likelihood,18,0,3.81646,2.46458,5.16833,3.61473,2.36433,4.86512,3.86219,2.5333,5.19107,2.58173,1.73411,3.42934,0.045732,0.00735932,0.0841046,0.24746,0.0919624,0.402958,0.10443,0.061081,0.147778,0.577622,0.445838,0.709406,5,5,3,5,
all,run_shared_tune_s200,shared_opc,18,0,3.27054,2.0118,4.52927,3.2181,1.94963,4.48657,3.44785,2.20207,4.69364,2.74459,1.81652,3.67267,0.177318,0.0861533,0.268484,0.229757,0.0942843,0.365229,0.0709558,0.0454036,0.0965081,0.564133,0.478247,0.650019,1,7,5,4,1
all,run_shared_tune_s200_supp,shared_iw_likelihood,18,0,-0.834826,-2.01565,0.346,0.427117,0.128687,0.725546,0.527328,0.208785,0.845871,-0.0887669,-0.367445,0.189911,1.36215,0.315202,2.4091,0.100211,0.0187855,0.181636,0.0678069,0.0190962,0.116518,0.399054,0.261056,0.537051,8,,6,3,1
all,run_shared_tune_s200_supp,shared_iw_likelihood_clip10,18,0,0.5166,0.137229,0.89597,0.65803,0.266522,1.04954,0.763959,0.362821,1.1651,-0.0739691,-0.341557,0.193619,0.247359,0.0889099,0.405809,0.105929,0.03967,0.172188,0.012422,0.00629409,0.01855,0.26777,0.195631,0.339909,4,10,3,1,
w-high.g-none.v-none,run_shared_tune_s200,shared_iw_likelihood,6,0,0.276975,-1.46612,2.02007,0.625073,-0.0807792,1.33092,0.8634,0.067495,1.6593,-0.150945,-0.892509,0.590618,0.586425,-0.533334,1.70618,0.238327,-0.100227,0.576881,0.0438733,-0.0120066,0.0997531,0.449823,0.244078,0.655567,1,1,3,1,
w-high.g-none.v-none,run_shared_tune_s200,shared_iw_likelihood_clip10,6,0,0.730596,-0.261079,1.72227,0.8589,0.158162,1.55964,1.02937,0.230139,1.82861,-0.264523,-0.710407,0.181361,0.298778,-0.0371134,0.634669,0.170474,-0.0434945,0.384443,0.0239151,0.00264418,0.045186,0.391358,0.226659,0.556056,3,,2,1,
w-high.g-none.v-none,run_shared_tune_s200,shared_likelihood,6,0,3.99661,3.47537,4.51786,3.71532,3.02612,4.40451,4.01342,3.49655,4.53029,3.01487,2.59751,3.43223,0.0168059,-0.00491843,0.0385303,0.2981,0.0251667,0.571033,0.107587,0.0727397,0.142435,0.701819,0.6386,0.765038,1,1,3,1,
w-high.g-none.v-none,run_shared_tune_s200,shared_opc,6,0,2.69894,2.15541,3.24247,2.53489,1.93653,3.13325,2.91865,2.39577,3.44152,2.55846,2.10246,3.01447,0.219707,-0.0608472,0.50026,0.383753,-0.027762,0.795269,0.0515451,0.0164005,0.0866896,0.532902,0.449326,0.616479,1,2,2,,1
w-high.g-none.v-none,run_shared_tune_s200_supp,shared_iw_likelihood,6,0,0.0510406,-2.11351,2.21559,0.648,-0.0573711,1.35337,0.857047,0.0811123,1.63298,0.182367,-0.431847,0.796581,0.806006,-0.872371,2.48438,0.209046,-0.0240602,0.442152,0.0545255,-0.0382557,0.147307,0.418541,0.157124,0.679959,4,,,1,1
w-high.g-none.v-none,run_shared_tune_s200_supp,shared_iw_likelihood_clip10,6,0,0.706608,0.129399,1.28382,0.91494,0.0645717,1.76531,1.02052,0.158913,1.88213,0.161906,-0.222327,0.54614,0.313916,-0.0999065,0.727738,0.105584,-0.0501306,0.261298,0.0125678,0.00133885,0.0237967,0.310214,0.18094,0.439488,2,3,1,,
w-none.g-none.v-high,run_shared_tune_s200,shared_iw_likelihood,6,0,-1.81916,-4.64099,1.00267,-0.0563297,-0.163372,0.0507131,0.0417724,-0.0675556,0.1511,-1.20831,-1.69058,-0.726028,1.86093,-0.928893,4.65076,0.0981021,0.0340226,0.162182,0.053062,-0.0147552,0.120879,0.388538,0.138357,0.638719,1,1,1,3,
w-none.g-none.v-high,run_shared_tune_s200,shared_iw_likelihood_clip10,6,0,-0.0854821,-0.354177,0.183213,-0.0304684,-0.181152,0.120216,0.0669603,-0.0340659,0.167987,-1.35345,-1.89451,-0.812389,0.152442,-0.0363703,0.341255,0.0974287,-0.0294481,0.224305,0.00523,0.00128879,0.00917121,0.161947,0.0968514,0.227042,1,2,2,1,
w-none.g-none.v-high,run_shared_tune_s200,shared_likelihood,6,0,0.745015,0.32397,1.16606,0.763288,0.36516,1.16142,0.865405,0.410613,1.3202,0.560205,0.116924,1.00349,0.12039,0.017494,0.223286,0.102117,-0.003302,0.207536,0.00872174,0.00178076,0.0156627,0.229809,0.141773,0.317845,1,1,,4,
w-none.g-none.v-high,run_shared_tune_s200,shared_opc,6,0,0.860085,0.302419,1.41775,0.866817,0.241478,1.49216,1.04039,0.500836,1.57995,0.830028,0.294107,1.36595,0.180308,0.0494022,0.311214,0.173575,-0.0148372,0.361988,0.0315531,0.00333568,0.0597705,0.392067,0.303516,0.480618,,1,1,4,
w-none.g-none.v-high,run_shared_tune_s200_supp,shared_iw_likelihood,6,0,-2.32974,-5.63497,0.975481,0.0237364,-0.0472841,0.094757,0.0434007,-0.0359736,0.122775,-0.626722,-0.797224,-0.45622,2.37314,-0.964771,5.71106,0.0196643,-0.00985554,0.0491841,0.0941449,-0.0430664,0.231356,0.392643,0.0481413,0.737145,2,,3,1,
w-none.g-none.v-high,run_shared_tune_s200_supp,shared_iw_likelihood_clip10,6,0,-0.185932,-0.658033,0.28617,-0.0373422,-0.128503,0.0538188,0.0709575,-0.0287952,0.17071,-0.678363,-0.888078,-0.468647,0.256889,-0.15254,0.666319,0.1083,0.0296884,0.186911,0.00858454,-0.00386448,0.0210336,0.188214,0.0697879,0.306641,1,2,2,1,
high,run_shared_tune_s200,shared_iw_likelihood,6,0,0.0165301,-0.742514,0.775574,0.569909,-0.151665,1.29148,0.68211,-0.0494036,1.41362,0.0707523,-0.465232,0.606736,0.66558,0.216319,1.11484,0.112201,0.00802324,0.216379,0.0366214,-0.00106292,0.0743057,0.393851,0.147409,0.640292,1,2,1,2,
high,run_shared_tune_s200,shared_iw_likelihood_clip10,6,0,0.943787,0.25304,1.63453,1.02271,0.106495,1.93892,1.21497,0.389719,2.04021,0.205676,-0.192761,0.604112,0.271178,0.0586853,0.483671,0.192256,-0.0946961,0.479207,0.0120051,0.000887516,0.0231226,0.281243,0.134106,0.428381,3,1,2,,
high,run_shared_tune_s200,shared_likelihood,6,0,6.70774,4.79324,8.62224,6.36558,4.8553,7.87586,6.70774,4.79324,8.62224,4.17011,2.93522,5.405,0,0,0,0.342164,-0.145026,0.829354,0.196979,0.135731,0.258227,0.801239,0.731435,0.871043,3,3,,,
high,run_shared_tune_s200,shared_opc,6,0,6.25258,4.37601,8.12916,6.25258,4.37601,8.12916,6.38453,4.51156,8.25749,4.84529,3.49451,6.19607,0.131941,-0.0258233,0.289705,0.131941,-0.0258233,0.289705,0.129769,0.102682,0.156857,0.76743,0.724686,0.810174,,4,2,,
high,run_shared_tune_s200_supp,shared_iw_likelihood,6,0,-0.225776,-1.23684,0.78529,0.609613,-0.113155,1.33238,0.681536,0.0156143,1.34746,0.178054,-0.264545,0.620654,0.907312,0.129287,1.68534,0.0719224,-0.0691272,0.212972,0.0547503,-0.0296097,0.13911,0.385977,0.0688883,0.703065,2,,3,1,
high,run_shared_tune_s200_supp,shared_iw_likelihood_clip10,6,0,1.02912,0.270152,1.78809,1.09649,0.31603,1.87695,1.2004,0.357342,2.04345,0.294549,-0.101442,0.690541,0.171273,0.00500683,0.33754,0.103904,-0.0859285,0.293736,0.0161137,0.000301557,0.0319259,0.304881,0.116476,0.493286,1,5,,,
