panel,arm,metric,value
biased (pooled),logger,moved_off_top1,0.0
biased (pooled),blob_prior_mean,moved_off_top1,0.1604659983333333
biased (pooled),opc,moved_off_top1,0.5782661570833334
biased (pooled),causecap_c_r000,moved_off_top1,0.6182087795833333
biased (pooled),blob_nq,moved_off_top1,0.35988692833333324
biased (pooled),blob_mnq,moved_off_top1,0.3372800152083334
biased (pooled),blob_l10_nq,moved_off_top1,0.52360273625
biased (pooled),oracle_affine_bilinear_value,moved_off_top1,0.7858134694583333
biased (pooled),oracle_blob_value,moved_off_top1,0.7867112061666667
biased (pooled),oracle_affine_bilinear_likelihood,moved_off_top1,0.7497035577083333
biased (pooled),oracle_blob_likelihood,moved_off_top1,0.78874370825
biased (pooled),logger,q_at_picks_top1,20.517981250000002
biased (pooled),blob_prior_mean,q_at_picks_not_top1,17.863172425
biased (pooled),blob_prior_mean,q_at_picks_top1,21.03182333333333
biased (pooled),opc,q_at_picks_not_top1,21.856319374999998
biased (pooled),opc,q_at_picks_top1,24.447705208333335
biased (pooled),causecap_c_r000,q_at_picks_not_top1,21.898536291666662
biased (pooled),causecap_c_r000,q_at_picks_top1,25.943513125
biased (pooled),blob_nq,q_at_picks_not_top1,21.63689275
biased (pooled),blob_nq,q_at_picks_top1,21.955932374999996
biased (pooled),blob_mnq,q_at_picks_not_top1,20.584801708333334
biased (pooled),blob_mnq,q_at_picks_top1,23.251424208333336
biased (pooled),blob_l10_nq,q_at_picks_not_top1,22.389949500000004
biased (pooled),blob_l10_nq,q_at_picks_top1,24.182464833333338
biased (pooled),oracle_affine_bilinear_value,q_at_picks_not_top1,25.490872333333332
biased (pooled),oracle_affine_bilinear_value,q_at_picks_top1,31.50370125
biased (pooled),oracle_blob_value,q_at_picks_not_top1,25.565762291666665
biased (pooled),oracle_blob_value,q_at_picks_top1,31.574593
biased (pooled),oracle_affine_bilinear_likelihood,q_at_picks_not_top1,23.764620999999998
biased (pooled),oracle_affine_bilinear_likelihood,q_at_picks_top1,30.898457041666667
biased (pooled),oracle_blob_likelihood,q_at_picks_not_top1,23.897337333333336
biased (pooled),oracle_blob_likelihood,q_at_picks_top1,33.095043833333335
biased (pooled),causecap_c_r000,optimism_at_pick,0.35547663775000005
biased (pooled),blob_nq,optimism_at_pick,-1.2987894682916667
biased (pooled),blob_mnq,optimism_at_pick,-0.04051386708333338
biased (pooled),blob_l10_nq,optimism_at_pick,-1.864485403666667
biased (pooled),oracle_affine_bilinear_likelihood,optimism_at_pick,0.80713783025
biased (pooled),oracle_blob_likelihood,optimism_at_pick,1.6714589300416667
