dataset,bias,seed,arm,train_click_sum,val_size,opc_collection_reward_sum,val_size_cap,train_rows_differ,val_rows_differ
anime,high,100,blob_nq,2254.0,20000,2254.0,20000,False,False
anime,high,101,blob_nq,2261.0,20000,2261.0,20000,False,False
anime,none,100,blob_nq,5899.0,20000,5899.0,20000,False,False
anime,none,101,blob_nq,5796.0,20000,5796.0,20000,False,False
anime,w-high.g-none.v-none,100,blob_nq,4335.0,20000,4335.0,20000,False,False
anime,w-high.g-none.v-none,101,blob_nq,3855.0,20000,3855.0,20000,False,False
anime,w-none.g-high.v-none,100,blob_nq,4670.0,20000,4670.0,20000,False,False
anime,w-none.g-high.v-none,101,blob_nq,4375.0,20000,4375.0,20000,False,False
anime,w-none.g-none.v-high,100,blob_nq,4611.0,20000,4611.0,20000,False,False
anime,w-none.g-none.v-high,101,blob_nq,4348.0,20000,4348.0,20000,False,False
kuairand,high,100,blob_nq,2755.0,20000,2755.0,20000,False,False
kuairand,high,101,blob_nq,2962.0,20000,2962.0,20000,False,False
kuairand,none,100,blob_nq,5834.0,20000,5834.0,20000,False,False
kuairand,none,101,blob_nq,6066.0,20000,6066.0,20000,False,False
kuairand,w-high.g-none.v-none,100,blob_nq,4778.0,20000,4778.0,20000,False,False
kuairand,w-high.g-none.v-none,101,blob_nq,5153.0,20000,5153.0,20000,False,False
kuairand,w-none.g-high.v-none,100,blob_nq,5078.0,20000,5078.0,20000,False,False
kuairand,w-none.g-high.v-none,101,blob_nq,5175.0,20000,5175.0,20000,False,False
kuairand,w-none.g-none.v-high,100,blob_nq,4744.0,20000,4744.0,20000,False,False
kuairand,w-none.g-none.v-high,101,blob_nq,4931.0,20000,4931.0,20000,False,False
ml,high,100,blob_nq,2243.0,20000,2243.0,20000,False,False
ml,high,101,blob_nq,2119.0,20000,2119.0,20000,False,False
ml,none,100,blob_nq,6020.0,20000,6020.0,20000,False,False
ml,none,101,blob_nq,5973.0,20000,5973.0,20000,False,False
ml,w-high.g-none.v-none,100,blob_nq,4340.0,20000,4340.0,20000,False,False
ml,w-high.g-none.v-none,101,blob_nq,4363.0,20000,4363.0,20000,False,False
ml,w-none.g-high.v-none,100,blob_nq,4695.0,20000,4695.0,20000,False,False
ml,w-none.g-high.v-none,101,blob_nq,4588.0,20000,4588.0,20000,False,False
ml,w-none.g-none.v-high,100,blob_nq,4338.0,20000,4338.0,20000,False,False
ml,w-none.g-none.v-high,101,blob_nq,4399.0,20000,4399.0,20000,False,False
anime,high,100,blob_mnq,2254.0,20000,2254.0,20000,False,False
anime,high,101,blob_mnq,2261.0,20000,2261.0,20000,False,False
anime,none,100,blob_mnq,5899.0,20000,5899.0,20000,False,False
anime,none,101,blob_mnq,5796.0,20000,5796.0,20000,False,False
anime,w-high.g-none.v-none,100,blob_mnq,4335.0,20000,4335.0,20000,False,False
anime,w-high.g-none.v-none,101,blob_mnq,3855.0,20000,3855.0,20000,False,False
anime,w-none.g-high.v-none,100,blob_mnq,4670.0,20000,4670.0,20000,False,False
anime,w-none.g-high.v-none,101,blob_mnq,4375.0,20000,4375.0,20000,False,False
anime,w-none.g-none.v-high,100,blob_mnq,4611.0,20000,4611.0,20000,False,False
anime,w-none.g-none.v-high,101,blob_mnq,4348.0,20000,4348.0,20000,False,False
kuairand,high,100,blob_mnq,2755.0,20000,2755.0,20000,False,False
kuairand,high,101,blob_mnq,2962.0,20000,2962.0,20000,False,False
kuairand,none,100,blob_mnq,5834.0,20000,5834.0,20000,False,False
kuairand,none,101,blob_mnq,6066.0,20000,6066.0,20000,False,False
kuairand,w-high.g-none.v-none,100,blob_mnq,4778.0,20000,4778.0,20000,False,False
kuairand,w-high.g-none.v-none,101,blob_mnq,5153.0,20000,5153.0,20000,False,False
kuairand,w-none.g-high.v-none,100,blob_mnq,5078.0,20000,5078.0,20000,False,False
kuairand,w-none.g-high.v-none,101,blob_mnq,5175.0,20000,5175.0,20000,False,False
kuairand,w-none.g-none.v-high,100,blob_mnq,4744.0,20000,4744.0,20000,False,False
kuairand,w-none.g-none.v-high,101,blob_mnq,4931.0,20000,4931.0,20000,False,False
ml,high,100,blob_mnq,2243.0,20000,2243.0,20000,False,False
ml,high,101,blob_mnq,2119.0,20000,2119.0,20000,False,False
ml,none,100,blob_mnq,6020.0,20000,6020.0,20000,False,False
ml,none,101,blob_mnq,5973.0,20000,5973.0,20000,False,False
ml,w-high.g-none.v-none,100,blob_mnq,4340.0,20000,4340.0,20000,False,False
ml,w-high.g-none.v-none,101,blob_mnq,4363.0,20000,4363.0,20000,False,False
ml,w-none.g-high.v-none,100,blob_mnq,4695.0,20000,4695.0,20000,False,False
ml,w-none.g-high.v-none,101,blob_mnq,4588.0,20000,4588.0,20000,False,False
ml,w-none.g-none.v-high,100,blob_mnq,4338.0,20000,4338.0,20000,False,False
ml,w-none.g-none.v-high,101,blob_mnq,4399.0,20000,4399.0,20000,False,False
anime,high,100,blob_l10_nq,2254.0,20000,2254.0,20000,False,False
anime,high,101,blob_l10_nq,2261.0,20000,2261.0,20000,False,False
anime,none,100,blob_l10_nq,5899.0,20000,5899.0,20000,False,False
anime,none,101,blob_l10_nq,5796.0,20000,5796.0,20000,False,False
anime,w-high.g-none.v-none,100,blob_l10_nq,4335.0,20000,4335.0,20000,False,False
anime,w-high.g-none.v-none,101,blob_l10_nq,3855.0,20000,3855.0,20000,False,False
anime,w-none.g-high.v-none,100,blob_l10_nq,4670.0,20000,4670.0,20000,False,False
anime,w-none.g-high.v-none,101,blob_l10_nq,4375.0,20000,4375.0,20000,False,False
anime,w-none.g-none.v-high,100,blob_l10_nq,4611.0,20000,4611.0,20000,False,False
anime,w-none.g-none.v-high,101,blob_l10_nq,4348.0,20000,4348.0,20000,False,False
kuairand,high,100,blob_l10_nq,2755.0,20000,2755.0,20000,False,False
kuairand,high,101,blob_l10_nq,2962.0,20000,2962.0,20000,False,False
kuairand,none,100,blob_l10_nq,5834.0,20000,5834.0,20000,False,False
kuairand,none,101,blob_l10_nq,6066.0,20000,6066.0,20000,False,False
kuairand,w-high.g-none.v-none,100,blob_l10_nq,4778.0,20000,4778.0,20000,False,False
kuairand,w-high.g-none.v-none,101,blob_l10_nq,5153.0,20000,5153.0,20000,False,False
kuairand,w-none.g-high.v-none,100,blob_l10_nq,5078.0,20000,5078.0,20000,False,False
kuairand,w-none.g-high.v-none,101,blob_l10_nq,5175.0,20000,5175.0,20000,False,False
kuairand,w-none.g-none.v-high,100,blob_l10_nq,4744.0,20000,4744.0,20000,False,False
kuairand,w-none.g-none.v-high,101,blob_l10_nq,4931.0,20000,4931.0,20000,False,False
ml,high,100,blob_l10_nq,2243.0,20000,2243.0,20000,False,False
ml,high,101,blob_l10_nq,2119.0,20000,2119.0,20000,False,False
ml,none,100,blob_l10_nq,6020.0,20000,6020.0,20000,False,False
ml,none,101,blob_l10_nq,5973.0,20000,5973.0,20000,False,False
ml,w-high.g-none.v-none,100,blob_l10_nq,4340.0,20000,4340.0,20000,False,False
ml,w-high.g-none.v-none,101,blob_l10_nq,4363.0,20000,4363.0,20000,False,False
ml,w-none.g-high.v-none,100,blob_l10_nq,4695.0,20000,4695.0,20000,False,False
ml,w-none.g-high.v-none,101,blob_l10_nq,4588.0,20000,4588.0,20000,False,False
ml,w-none.g-none.v-high,100,blob_l10_nq,4338.0,20000,4338.0,20000,False,False
ml,w-none.g-none.v-high,101,blob_l10_nq,4399.0,20000,4399.0,20000,False,False
