a,b,bias,worlds,gain,gain_lo,gain_hi,ceiling,ceiling_lo,ceiling_hi,training,training_lo,training_hi,selection,selection_lo,selection_hi
blob_nq,opc,none,6,0.433247,0.148797,0.717697,-0.00429901,-0.0072757,-0.00132232,-0.14131,-0.206507,-0.0761127,-0.296237,-0.568208,-0.0242655
blob_nq,opc,w-high.g-none.v-none,6,-1.45491,-2.12399,-0.785842,0.00500777,-0.00650049,0.016516,1.61699,0.871647,2.36232,-0.157064,-0.266193,-0.0479343
blob_nq,opc,w-none.g-high.v-none,6,-0.624025,-1.02177,-0.22628,0.1131,0.0660074,0.160193,0.630971,0.46027,0.801671,0.106155,-0.212268,0.424577
blob_nq,opc,w-none.g-none.v-high,6,-0.12658,-0.339151,0.0859902,0.118021,0.078088,0.157954,0.155516,-0.0294223,0.340454,0.0890854,-0.0862562,0.264427
blob_nq,opc,high,6,-2.86169,-3.79658,-1.92679,0.0544981,-0.0141964,0.123193,1.3383,0.506754,2.16984,1.57789,0.00465525,3.15112
blob_nq,opc,biased (pooled),24,-1.2668,-1.77012,-0.76348,0.0726567,0.0461059,0.0992074,0.935442,0.606991,1.26389,0.404016,-0.0198498,0.827882
blob_nq,cap_c,none,6,0.378865,0.198978,0.558753,-0.00429901,-0.0072757,-0.00132232,0.0620755,-0.0322014,0.156352,-0.44524,-0.704728,-0.185752
blob_nq,cap_c,w-high.g-none.v-none,6,-2.64861,-3.43919,-1.85804,0.00500777,-0.00650049,0.016516,2.65279,1.86987,3.4357,0.000832178,-0.0480867,0.049751
blob_nq,cap_c,w-none.g-high.v-none,6,-0.520909,-0.853905,-0.187913,0.1131,0.0660074,0.160193,0.639925,0.433082,0.846768,-0.00591588,-0.346287,0.334455
blob_nq,cap_c,w-none.g-none.v-high,6,-0.195611,-0.510788,0.119566,0.118021,0.078088,0.157954,0.131017,-0.255513,0.517547,0.182615,-0.0557193,0.42095
blob_nq,cap_c,high,6,-3.3308,-3.84743,-2.81417,0.0544981,-0.0141964,0.123193,1.82224,0.604498,3.03998,1.56305,-0.0111494,3.13726
blob_nq,cap_c,biased (pooled),24,-1.67398,-2.28567,-1.06229,0.0726567,0.0461059,0.0992074,1.31149,0.799491,1.82349,0.435147,0.0187988,0.851494
blob_mnq,opc,none,6,0.4933,0.270085,0.716514,-0.00429901,-0.0072757,-0.00132232,-0.17449,-0.293614,-0.0553673,-0.323108,-0.517621,-0.128596
blob_mnq,opc,w-high.g-none.v-none,6,-2.32309,-2.74935,-1.89682,0.00500777,-0.00650049,0.016516,2.48114,2.0422,2.92008,-0.153044,-0.271947,-0.0341402
blob_mnq,opc,w-none.g-high.v-none,6,-0.781087,-1.23971,-0.32246,0.1131,0.0660074,0.160193,0.890462,0.583498,1.19743,0.00372488,-0.228186,0.235635
blob_mnq,opc,w-none.g-none.v-high,6,-0.214918,-0.517741,0.0879058,0.118021,0.078088,0.157954,0.292714,0.087497,0.49793,0.0402251,-0.181666,0.262116
blob_mnq,opc,high,6,-3.67214,-4.59505,-2.74923,0.0544981,-0.0141964,0.123193,1.81583,0.716768,2.9149,1.91081,0.491843,3.32977
blob_mnq,opc,biased (pooled),24,-1.74781,-2.37023,-1.12538,0.0726567,0.0461059,0.0992074,1.37004,0.939401,1.80067,0.450428,-0.00590473,0.906761
blob_mnq,cap_c,none,6,0.438918,0.159557,0.718278,-0.00429901,-0.0072757,-0.00132232,0.0288949,-0.0487856,0.106575,-0.472111,-0.766824,-0.177399
blob_mnq,cap_c,w-high.g-none.v-none,6,-3.51679,-4.07738,-2.95619,0.00500777,-0.00650049,0.016516,3.51694,2.94247,4.09141,0.00485203,-0.0134444,0.0231485
blob_mnq,cap_c,w-none.g-high.v-none,6,-0.677971,-1.07381,-0.282128,0.1131,0.0660074,0.160193,0.899417,0.526747,1.27209,-0.108346,-0.450119,0.233428
blob_mnq,cap_c,w-none.g-none.v-high,6,-0.283949,-0.648355,0.0804575,0.118021,0.078088,0.157954,0.268215,-0.135535,0.671965,0.133755,-0.131265,0.398775
blob_mnq,cap_c,high,6,-4.14125,-4.99947,-3.28303,0.0544981,-0.0141964,0.123193,2.29978,0.904397,3.69516,1.89597,0.460224,3.33172
blob_mnq,cap_c,biased (pooled),24,-2.15499,-2.91739,-1.39259,0.0726567,0.0461059,0.0992074,1.74609,1.12493,2.36724,0.481559,0.0292456,0.933872
blob_l10_nq,opc,none,6,0.398948,0.198488,0.599407,-0.00429901,-0.0072757,-0.00132232,-0.151895,-0.210351,-0.0934385,-0.251352,-0.442212,-0.0604916
blob_l10_nq,opc,w-high.g-none.v-none,6,-0.0431027,-0.416235,0.330029,0.00500777,-0.00650049,0.016516,-0.0100685,-0.274281,0.254144,0.0581789,-0.11765,0.234008
blob_l10_nq,opc,w-none.g-high.v-none,6,-0.139624,-0.49723,0.217982,0.1131,0.0660074,0.160193,0.191379,-0.0112538,0.394012,0.0613448,-0.277478,0.400167
blob_l10_nq,opc,w-none.g-none.v-high,6,0.0907019,-0.0740868,0.255491,0.118021,0.078088,0.157954,-0.225311,-0.436759,-0.0138638,0.25263,-0.0260733,0.531334
blob_l10_nq,opc,high,6,0.611907,-0.0715606,1.29537,0.0544981,-0.0141964,0.123193,-0.850857,-1.32835,-0.37336,0.293448,-0.0329199,0.619816
blob_l10_nq,opc,biased (pooled),24,0.129971,-0.0760574,0.335999,0.0726567,0.0461059,0.0992074,-0.223714,-0.42849,-0.0189389,0.1664,0.0490705,0.28373
blob_l10_nq,cap_c,none,6,0.344566,0.0457807,0.643351,-0.00429901,-0.0072757,-0.00132232,0.0514906,-0.0634602,0.166441,-0.400355,-0.732646,-0.0680648
blob_l10_nq,cap_c,w-high.g-none.v-none,6,-1.2368,-1.83561,-0.637996,0.00500777,-0.00650049,0.016516,1.02573,0.569091,1.48238,0.216075,0.00877732,0.423372
blob_l10_nq,cap_c,w-none.g-high.v-none,6,-0.0365078,-0.359563,0.286547,0.1131,0.0660074,0.160193,0.200333,-0.0694174,0.470084,-0.0507256,-0.416043,0.314592
blob_l10_nq,cap_c,w-none.g-none.v-high,6,0.0216708,-0.213836,0.257178,0.118021,0.078088,0.157954,-0.24981,-0.456127,-0.0434925,0.34616,0.0654555,0.626865
blob_l10_nq,cap_c,high,6,0.142797,-0.315562,0.601156,0.0544981,-0.0141964,0.123193,-0.366914,-0.728763,-0.00506584,0.278615,-0.00498803,0.562219
blob_l10_nq,cap_c,biased (pooled),24,-0.27721,-0.566221,0.0118,0.0726567,0.0461059,0.0992074,0.152336,-0.115358,0.42003,0.197531,0.0709219,0.32414
blob_l10_nq,blob_nq,none,6,-0.0342997,-0.34418,0.27558,0,0,0,-0.0105849,-0.0322465,0.0110767,0.0448846,-0.255652,0.345421
blob_l10_nq,blob_nq,w-high.g-none.v-none,6,1.41181,0.775728,2.04789,0,0,0,-1.62705,-2.28889,-0.965214,0.215243,-0.0279182,0.458403
blob_l10_nq,blob_nq,w-none.g-high.v-none,6,0.484401,0.197457,0.771345,0,0,0,-0.439592,-0.593786,-0.285398,-0.0448097,-0.287261,0.197641
blob_l10_nq,blob_nq,w-none.g-none.v-high,6,0.217282,0.0568113,0.377753,0,0,0,-0.380827,-0.734587,-0.027067,0.163545,-0.0825545,0.409644
blob_l10_nq,blob_nq,high,6,3.47359,2.69923,4.24795,0,0,0,-2.18915,-3.20768,-1.17063,-1.28444,-2.913,0.34412
blob_l10_nq,blob_nq,biased (pooled),24,1.39677,0.810925,1.98262,0,0,0,-1.15916,-1.57021,-0.748105,-0.237615,-0.649144,0.173913
opc,cap_c,none,6,-0.054382,-0.391708,0.282944,0,0,0,0.203385,0.067906,0.338865,-0.149003,-0.57162,0.273613
opc,cap_c,w-high.g-none.v-none,6,-1.1937,-1.43647,-0.95093,0,0,0,1.0358,0.827383,1.24422,0.157896,0.0476198,0.268172
opc,cap_c,w-none.g-high.v-none,6,0.103116,-0.136116,0.342348,0,0,0,0.00895453,-0.0966261,0.114535,-0.11207,-0.426954,0.202813
opc,cap_c,w-none.g-none.v-high,6,-0.0690311,-0.222742,0.08468,0,0,0,-0.0244987,-0.23704,0.188043,0.0935298,-0.0413143,0.228374
opc,cap_c,high,6,-0.46911,-1.0541,0.115877,0,0,0,0.483942,-0.0652328,1.03312,-0.0148326,-0.0767478,0.0470826
opc,cap_c,biased (pooled),24,-0.407181,-0.658873,-0.155489,0,0,0,0.37605,0.155494,0.596607,0.0311307,-0.0505601,0.112821
