arm,dimension,value,position,of,trials,configs,below_best_mean
shared_opc_raw,lr,"[0.0001, 0.00032)",0,3,135,15,-0.838976
shared_opc_raw,lr,"[0.00032, 0.001)",1,3,153,17,-0.566781
shared_opc_raw,lr,"[0.001, 0.0032)",2,3,72,8,-0.447748
shared_opc_raw,epochs,5-11,0,4,99,11,-0.728482
shared_opc_raw,epochs,12-17,1,4,90,10,-0.647812
shared_opc_raw,epochs,18-24,2,4,108,12,-0.595329
shared_opc_raw,epochs,25-30,3,4,63,7,-0.595219
shared_opc_raw,lr_decay,"[0.8, 0.9)",0,2,216,24,-0.688452
shared_opc_raw,lr_decay,"[0.9, 1.0]",1,2,144,16,-0.579941
shared_opc_raw,batch_size,512,0,3,90,10,-0.497356
shared_opc_raw,batch_size,1024,1,3,144,16,-0.687465
shared_opc_raw,batch_size,2048,2,3,126,14,-0.702065
shared_opc_raw,anchor_lambda,0,0,5,36,4,-0.728455
shared_opc_raw,anchor_lambda,0.001,1,5,72,8,-0.632588
shared_opc_raw,anchor_lambda,0.01,2,5,81,9,-0.486378
shared_opc_raw,anchor_lambda,0.1,3,5,126,14,-0.604774
shared_opc_raw,anchor_lambda,1,4,5,45,5,-0.996629
