dataset,bias,seed,method,train_w_mean,train_w_var,train_w_max,train_w_q50,train_w_q90,train_w_q99,train_w_q99.9,train_w_ess,train_w_ess_share,train_w_clip_share,train_w_clip_mass_share,train_wclip_mean,train_wclip_ess,train_wclip_ess_share,val_w_mean,val_w_var,val_w_max,val_w_q50,val_w_q90,val_w_q99,val_w_q99.9,val_w_ess,val_w_ess_share,val_w_clip_share,val_w_clip_mass_share,val_wclip_mean,val_wclip_ess,val_wclip_ess_share,train_w_mean_runs_mean,train_w_var_runs_mean,train_w_max_runs_mean,train_w_q50_runs_mean,train_w_q90_runs_mean,train_w_q99_runs_mean,train_w_q99.9_runs_mean,train_w_ess_runs_mean,train_w_ess_share_runs_mean,train_w_clip_share_runs_mean,train_w_clip_mass_share_runs_mean,train_wclip_mean_runs_mean,train_wclip_ess_runs_mean,train_wclip_ess_share_runs_mean,val_w_mean_runs_mean,val_w_var_runs_mean,val_w_max_runs_mean,val_w_q50_runs_mean,val_w_q90_runs_mean,val_w_q99_runs_mean,val_w_q99.9_runs_mean,val_w_ess_runs_mean,val_w_ess_share_runs_mean,val_w_clip_share_runs_mean,val_w_clip_mass_share_runs_mean,val_wclip_mean_runs_mean,val_wclip_ess_runs_mean,val_wclip_ess_share_runs_mean,train_weights,train_weight_mode,train_weight_param
anime,high,200,shared_opc_raw,1.04375,613.145,2388.13,0.0134105,0.540846,11.5698,129.149,44.3406,0.00177362,0.01152,0.659682,0.355207,1616.35,0.0646539,0.879539,165.674,1274.78,0.0135314,0.544245,12.0214,142.785,92.9526,0.00464763,0.01155,0.594048,0.357051,1304.83,0.0652416,1.04375,613.145,2388.13,0.0134105,0.540846,11.5698,129.149,44.3406,0.00177362,0.01152,0.659682,0.355207,1616.35,0.0646539,0.879539,165.674,1274.78,0.0135314,0.544245,12.0214,142.785,92.9526,0.00464763,0.01155,0.594048,0.357051,1304.83,0.0652416,harmonic:0.1,harmonic,0.1
anime,high,201,shared_opc_raw,0.791325,966.174,4746.3,0.0084379,0.378817,9.00366,84.5489,16.1925,0.000647698,0.00904,0.639287,0.285442,1327.93,0.0531173,1.09148,1630.04,5073.05,0.00802626,0.376809,10.9982,128.946,14.6065,0.000730327,0.0109,0.725909,0.299165,1033.63,0.0516815,0.791325,966.174,4746.3,0.0084379,0.378817,9.00366,84.5489,16.1925,0.000647698,0.00904,0.639287,0.285442,1327.93,0.0531173,1.09148,1630.04,5073.05,0.00802626,0.376809,10.9982,128.946,14.6065,0.000730327,0.0109,0.725909,0.299165,1033.63,0.0516815,harmonic:0.1,harmonic,0.1
anime,w-high.g-none.v-none,200,shared_opc_raw,0.439888,236.97,1880.07,0.00385968,0.113595,3.37902,49.7658,20.3975,0.0008159,0.00452,0.690778,0.136023,655.61,0.0262244,0.446368,191.72,1400.05,0.00385792,0.115138,3.33782,44.7415,20.7633,0.00103817,0.0052,0.685346,0.140452,530.161,0.026508,0.439888,236.97,1880.07,0.00385968,0.113595,3.37902,49.7658,20.3975,0.0008159,0.00452,0.690778,0.136023,655.61,0.0262244,0.446368,191.72,1400.05,0.00385792,0.115138,3.33782,44.7415,20.7633,0.00103817,0.0052,0.685346,0.140452,530.161,0.026508,harmonic:0.1,harmonic,0.1
anime,w-high.g-none.v-none,201,shared_opc_raw,1.09743,3014.21,7556.75,0.00452367,0.133804,4.07793,145.768,9.98492,0.000399397,0.00528,0.858575,0.155204,735.578,0.0294231,0.587103,253.258,1037.95,0.00444642,0.133126,3.52876,81.7377,27.1835,0.00135918,0.00475,0.746715,0.148704,581.003,0.0290501,1.09743,3014.21,7556.75,0.00452367,0.133804,4.07793,145.768,9.98492,0.000399397,0.00528,0.858575,0.155204,735.578,0.0294231,0.587103,253.258,1037.95,0.00444642,0.133126,3.52876,81.7377,27.1835,0.00135918,0.00475,0.746715,0.148704,581.003,0.0290501,harmonic:0.1,harmonic,0.1
anime,w-none.g-none.v-high,200,shared_opc_raw,0.666927,460.162,1982.81,0.00534703,0.185099,5.03853,60.0093,24.1416,0.000965665,0.0056,0.726363,0.182496,879.196,0.0351678,1.08672,3455.66,7773.09,0.00530294,0.186143,5.77016,105.774,6.83255,0.000341627,0.0066,0.826406,0.188648,693.64,0.034682,0.666927,460.162,1982.81,0.00534703,0.185099,5.03853,60.0093,24.1416,0.000965665,0.0056,0.726363,0.182496,879.196,0.0351678,1.08672,3455.66,7773.09,0.00530294,0.186143,5.77016,105.774,6.83255,0.000341627,0.0066,0.826406,0.188648,693.64,0.034682,harmonic:0.1,harmonic,0.1
anime,w-none.g-none.v-high,201,shared_opc_raw,0.695695,835.316,4260.13,0.00528309,0.183696,5.48124,94.8074,14.4769,0.000579076,0.00696,0.725783,0.190772,869.715,0.0347886,1.04859,2219.31,6085.42,0.00530397,0.186205,6.32556,103.268,9.90403,0.000495202,0.0075,0.807792,0.201548,717.249,0.0358624,0.695695,835.316,4260.13,0.00528309,0.183696,5.48124,94.8074,14.4769,0.000579076,0.00696,0.725783,0.190772,869.715,0.0347886,1.04859,2219.31,6085.42,0.00530397,0.186205,6.32556,103.268,9.90403,0.000495202,0.0075,0.807792,0.201548,717.249,0.0358624,harmonic:0.1,harmonic,0.1
kuairand,high,200,shared_opc_raw,0.757492,217.65,1861.63,0.0157643,0.563179,10.1772,90.3019,65.7346,0.00262939,0.01016,0.548685,0.341868,1674.21,0.0669683,0.987911,601.868,2779.28,0.0152622,0.574109,10.1044,136.885,32.3788,0.00161894,0.0102,0.644518,0.351185,1342.36,0.0671182,0.757492,217.65,1861.63,0.0157643,0.563179,10.1772,90.3019,65.7346,0.00262939,0.01016,0.548685,0.341868,1674.21,0.0669683,0.987911,601.868,2779.28,0.0152622,0.574109,10.1044,136.885,32.3788,0.00161894,0.0102,0.644518,0.351185,1342.36,0.0671182,harmonic:0.1,harmonic,0.1
kuairand,high,201,shared_opc_raw,0.669085,101.902,988.511,0.0116895,0.477882,9.73255,77.1004,109.349,0.00437396,0.0098,0.520419,0.320881,1533.07,0.0613227,1.04962,1760.03,5624.59,0.0109538,0.454127,9.7023,105.37,12.5113,0.000625564,0.00975,0.698342,0.316626,1189.29,0.0594646,0.669085,101.902,988.511,0.0116895,0.477882,9.73255,77.1004,109.349,0.00437396,0.0098,0.520419,0.320881,1533.07,0.0613227,1.04962,1760.03,5624.59,0.0109538,0.454127,9.7023,105.37,12.5113,0.000625564,0.00975,0.698342,0.316626,1189.29,0.0594646,harmonic:0.1,harmonic,0.1
kuairand,w-high.g-none.v-none,200,shared_opc_raw,0.718859,922.239,4648,0.00771187,0.438558,8.58337,58.6718,14.0004,0.000560017,0.0088,0.595738,0.290607,1413.59,0.0565436,0.63661,234.147,1621.76,0.00738449,0.407856,6.47483,75.321,34.5571,0.00172785,0.00695,0.591315,0.260173,1098.14,0.0549071,0.718859,922.239,4648,0.00771187,0.438558,8.58337,58.6718,14.0004,0.000560017,0.0088,0.595738,0.290607,1413.59,0.0565436,0.63661,234.147,1621.76,0.00738449,0.407856,6.47483,75.321,34.5571,0.00172785,0.00695,0.591315,0.260173,1098.14,0.0549071,harmonic:0.1,harmonic,0.1
kuairand,w-high.g-none.v-none,201,shared_opc_raw,0.944235,573.46,2521.02,0.00894959,0.577223,9.44232,87.7576,38.8081,0.00155232,0.00964,0.640453,0.339497,1675.49,0.0670195,0.550517,27.8523,300.543,0.00905005,0.576865,8.83217,63.6789,215.283,0.0107642,0.00885,0.401345,0.32957,1326.83,0.0663414,0.944235,573.46,2521.02,0.00894959,0.577223,9.44232,87.7576,38.8081,0.00155232,0.00964,0.640453,0.339497,1675.49,0.0670195,0.550517,27.8523,300.543,0.00905005,0.576865,8.83217,63.6789,215.283,0.0107642,0.00885,0.401345,0.32957,1326.83,0.0663414,harmonic:0.1,harmonic,0.1
kuairand,w-none.g-none.v-high,200,shared_opc_raw,0.880006,1581.81,6054.15,0.00862043,0.483585,7.98803,88.3804,12.2333,0.000489334,0.00804,0.655429,0.303225,1525.29,0.0610118,0.739092,157.77,1123.55,0.00811886,0.470879,8.70266,105.122,69.0085,0.00345043,0.00935,0.587678,0.304744,1179.48,0.0589742,0.880006,1581.81,6054.15,0.00862043,0.483585,7.98803,88.3804,12.2333,0.000489334,0.00804,0.655429,0.303225,1525.29,0.0610118,0.739092,157.77,1123.55,0.00811886,0.470879,8.70266,105.122,69.0085,0.00345043,0.00935,0.587678,0.304744,1179.48,0.0589742,harmonic:0.1,harmonic,0.1
kuairand,w-none.g-none.v-high,201,shared_opc_raw,0.634746,119.438,1078.18,0.00678182,0.427275,8.49469,76.4696,84.0493,0.00336197,0.0086,0.538849,0.292714,1418.57,0.0567427,0.770133,443.325,2743.02,0.00689256,0.424663,8.73828,117.444,26.7213,0.00133607,0.00865,0.618865,0.293524,1114.68,0.0557339,0.634746,119.438,1078.18,0.00678182,0.427275,8.49469,76.4696,84.0493,0.00336197,0.0086,0.538849,0.292714,1418.57,0.0567427,0.770133,443.325,2743.02,0.00689256,0.424663,8.73828,117.444,26.7213,0.00133607,0.00865,0.618865,0.293524,1114.68,0.0557339,harmonic:0.1,harmonic,0.1
ml,high,200,shared_opc_raw,1.03017,447.978,2338.41,0.0248001,0.726771,12.756,115.784,59.084,0.00236336,0.01272,0.602406,0.409588,1944.16,0.0777663,0.675638,28.6182,269.088,0.0254728,0.733679,12.0848,70.4742,314.01,0.0157005,0.01215,0.388634,0.413062,1584.66,0.0792331,1.03017,447.978,2338.41,0.0248001,0.726771,12.756,115.784,59.084,0.00236336,0.01272,0.602406,0.409588,1944.16,0.0777663,0.675638,28.6182,269.088,0.0254728,0.733679,12.0848,70.4742,314.01,0.0157005,0.01215,0.388634,0.413062,1584.66,0.0792331,harmonic:0.1,harmonic,0.1
ml,high,201,shared_opc_raw,1.30728,2197.97,6369.12,0.0181934,0.55943,10.5899,104.979,19.423,0.000776921,0.01052,0.730459,0.352364,1683.1,0.0673242,0.841868,300.121,1926.1,0.017505,0.549766,11.0301,96.2879,47.1192,0.00235596,0.01085,0.582657,0.351348,1338.47,0.0669235,1.30728,2197.97,6369.12,0.0181934,0.55943,10.5899,104.979,19.423,0.000776921,0.01052,0.730459,0.352364,1683.1,0.0673242,0.841868,300.121,1926.1,0.017505,0.549766,11.0301,96.2879,47.1192,0.00235596,0.01085,0.582657,0.351348,1338.47,0.0669235,harmonic:0.1,harmonic,0.1
ml,w-high.g-none.v-none,200,shared_opc_raw,0.467977,149.232,1692.03,0.00788234,0.232365,5.4035,57.0895,36.6346,0.00146538,0.00624,0.563954,0.20406,1013.05,0.0405219,1.38366,8810.71,12889.6,0.00777909,0.23593,6.48484,102.915,4.34496,0.000217248,0.00725,0.844711,0.214868,808.064,0.0404032,0.467977,149.232,1692.03,0.00788234,0.232365,5.4035,57.0895,36.6346,0.00146538,0.00624,0.563954,0.20406,1013.05,0.0405219,1.38366,8810.71,12889.6,0.00777909,0.23593,6.48484,102.915,4.34496,0.000217248,0.00725,0.844711,0.214868,808.064,0.0404032,harmonic:0.1,harmonic,0.1
ml,w-high.g-none.v-none,201,shared_opc_raw,0.484024,108.958,1196,0.00739358,0.224998,5.67962,64.8415,53.639,0.00214556,0.00668,0.575341,0.205545,990.928,0.0396371,0.663528,577.34,2657.37,0.00725205,0.227759,5.80662,85.8258,15.2401,0.000762003,0.00645,0.69343,0.203418,785.808,0.0392904,0.484024,108.958,1196,0.00739358,0.224998,5.67962,64.8415,53.639,0.00214556,0.00668,0.575341,0.205545,990.928,0.0396371,0.663528,577.34,2657.37,0.00725205,0.227759,5.80662,85.8258,15.2401,0.000762003,0.00645,0.69343,0.203418,785.808,0.0392904,harmonic:0.1,harmonic,0.1
ml,w-none.g-none.v-high,200,shared_opc_raw,0.59104,204.008,1608.93,0.00847511,0.273256,6.77279,66.0134,42.735,0.0017094,0.00712,0.608225,0.231554,1111,0.0444399,0.625874,170.773,1290,0.00858766,0.270757,7.36724,107.336,45.7708,0.00228854,0.00805,0.620476,0.237534,891.513,0.0445757,0.59104,204.008,1608.93,0.00847511,0.273256,6.77279,66.0134,42.735,0.0017094,0.00712,0.608225,0.231554,1111,0.0444399,0.625874,170.773,1290,0.00858766,0.270757,7.36724,107.336,45.7708,0.00228854,0.00805,0.620476,0.237534,891.513,0.0445757,harmonic:0.1,harmonic,0.1
ml,w-none.g-none.v-high,201,shared_opc_raw,0.779328,861.522,4326.4,0.00917459,0.295406,6.74202,95.4254,17.612,0.000704479,0.00704,0.690488,0.241211,1186.17,0.0474469,0.879551,1282.2,4679.82,0.00926849,0.305536,6.92888,89.5537,12.0596,0.000602982,0.0074,0.71785,0.248166,967.358,0.0483679,0.779328,861.522,4326.4,0.00917459,0.295406,6.74202,95.4254,17.612,0.000704479,0.00704,0.690488,0.241211,1186.17,0.0474469,0.879551,1282.2,4679.82,0.00926849,0.305536,6.92888,89.5537,12.0596,0.000602982,0.0074,0.71785,0.248166,967.358,0.0483679,harmonic:0.1,harmonic,0.1
