arm,dimension,best_value,best_configs,best_below_best,edge,neighbour,margin,extendable,extend
shared_lr_likelihood,anchor_lambda,0.1,14,-1.63396,,,,False,False
shared_lr_likelihood,batch_size,512,10,-1.1506,low,1024,0.551059,False,False
shared_lr_likelihood,epochs,18-24,12,-1.64849,,,,False,False
shared_lr_likelihood,lr,"[0.001, 0.0032)",8,-0.662408,high,"[0.00032, 0.001)",1.00664,True,True
shared_lr_likelihood,lr_decay,"[0.9, 1.0]",16,-1.44679,high,"[0.8, 0.9)",0.760995,False,False
shared_lr_likelihood_calib,anchor_lambda,0.001,8,-2.4542,,,,False,False
shared_lr_likelihood_calib,batch_size,512,10,-1.78165,low,1024,0.995644,False,False
shared_lr_likelihood_calib,epochs,18-24,12,-2.60609,,,,False,False
shared_lr_likelihood_calib,lr,"[0.001, 0.0032)",8,-1.08182,high,"[0.00032, 0.001)",1.58908,True,True
shared_lr_likelihood_calib,lr_decay,"[0.9, 1.0]",16,-2.2348,high,"[0.8, 0.9)",1.09646,False,False
shared_lr_opc,anchor_lambda,0.001,8,-1.30883,,,,False,False
shared_lr_opc,batch_size,512,10,-0.646668,low,1024,0.778127,False,False
shared_lr_opc,epochs,18-24,12,-1.28958,,,,False,False
shared_lr_opc,lr,"[0.001, 0.0032)",8,-0.286918,high,"[0.00032, 0.001)",0.823036,True,True
shared_lr_opc,lr_decay,"[0.9, 1.0]",16,-0.982887,high,"[0.8, 0.9)",0.72986,False,False
shared_lr_opc_raw,anchor_lambda,0.001,8,-1.05647,,,,False,False
shared_lr_opc_raw,batch_size,512,10,-0.558975,low,1024,0.626897,False,False
shared_lr_opc_raw,epochs,18-24,12,-1.0705,,,,False,False
shared_lr_opc_raw,lr,"[0.001, 0.0032)",8,-0.298449,high,"[0.00032, 0.001)",0.595282,True,True
shared_lr_opc_raw,lr_decay,"[0.9, 1.0]",16,-0.809538,high,"[0.8, 0.9)",0.572956,False,False
